key	value
sqlright_path	/root/SQLeek/experiment/RQ2/sqlaser/sqlright
sqlright_commit	9457f0311b70562a3423ee86ac7e2ebdaaa6664b
sqlright_status	clean at verification time
sqlright_tracked_files	3850
sqlright_artifact_status	unavailable_incomplete_clone_not_blocking
sqlite_smoke_source	/root/SQLeek/experiment/RQ2/sqlaser/build_context/sqlite-3.34.0
sqlite_smoke_version	3.34.0
sqlite_smoke_git_head	384f5c26f48b92e8bfcb168381d4a8caf3ea59e7
sqlite_smoke_manifest_uuid	a26b6597e3ae272231b96f9982c3bcc17ddec2f2b6eb4df06a224b91089fed5b
formal_rq2_sqlite_source	/root/SQLeek/sources/sqlite
formal_rq2_sqlite_version	3.54.0
formal_rq2_sqlite_manifest_uuid	3c0a277e6741c72281e12c44d85902aa6780890a7f59bacc3ac2b35ba27f7211
formal_rq2_sqlite_git_commit	ca8593ce68390e3ac3801230cf05a3c80ce60e32
smoke_image	sqlright_sqlite_smoke:sqlite334
smoke_image_id	763f120be9f5
smoke_exit_code	124_timeout_after_successful_start
smoke_execs_done	3394
smoke_paths_total	366
smoke_unique_crashes	0
smoke_unique_hangs	0
smoke_fuzzer_stats	/root/SQLeek/experiment/RQ2/sqlaser/output/sqlright_sqlite_direct_probe_core6_20260711_120228/fuzzer_stats
