run_id	tool	dbms	version	repeat_id	checkpoint_min	cov_json	profdata	report	seed_corpus	seed_count	start_time	end_time	build_id	container_id	status	message
sqlaser_sqlite354_r1	SQLaser	sqlite	fuzzing_sqlite=3.54.0,replay_sqlite=3.53.2	1	60	/root/SQLeek/experiment/RQ2/replay/output/sqlaser_sqlite354_formal_replay_3532_20260713_033500/repeats/r1/checkpoint_0060m/coverage/sqlaser_sqlite354_r1_t60.cov.json	/root/SQLeek/experiment/RQ2/replay/output/sqlaser_sqlite354_formal_replay_3532_20260713_033500/repeats/r1/checkpoint_0060m/profile/sqlaser_sqlite354_r1_t60.profdata	/root/SQLeek/experiment/RQ2/replay/output/sqlaser_sqlite354_formal_replay_3532_20260713_033500/repeats/r1/checkpoint_0060m/coverage/sqlaser_sqlite354_r1_t60.report.txt	/root/SQLeek/experiment/RQ2/sqlaser/results/sqlite354/formal_24h/r1_20260711_174208/checkpoint_replay/checkpoint_0060m/queue	1189	2026-07-13T03:35:01Z	2026-07-13T03:36:07Z	/root/bld_llvmcov/sqlite3	0e732825c5bf	complete	
sqlaser_sqlite354_r1	SQLaser	sqlite	fuzzing_sqlite=3.54.0,replay_sqlite=3.53.2	1	180	/root/SQLeek/experiment/RQ2/replay/output/sqlaser_sqlite354_formal_replay_3532_20260713_033500/repeats/r1/checkpoint_0180m/coverage/sqlaser_sqlite354_r1_t180.cov.json	/root/SQLeek/experiment/RQ2/replay/output/sqlaser_sqlite354_formal_replay_3532_20260713_033500/repeats/r1/checkpoint_0180m/profile/sqlaser_sqlite354_r1_t180.profdata	/root/SQLeek/experiment/RQ2/replay/output/sqlaser_sqlite354_formal_replay_3532_20260713_033500/repeats/r1/checkpoint_0180m/coverage/sqlaser_sqlite354_r1_t180.report.txt	/root/SQLeek/experiment/RQ2/sqlaser/results/sqlite354/formal_24h/r1_20260711_174208/checkpoint_replay/checkpoint_0180m/queue	1353	2026-07-13T03:35:01Z	2026-07-13T03:36:45Z	/root/bld_llvmcov/sqlite3	0e732825c5bf	complete	
sqlaser_sqlite354_r1	SQLaser	sqlite	fuzzing_sqlite=3.54.0,replay_sqlite=3.53.2	1	300	/root/SQLeek/experiment/RQ2/replay/output/sqlaser_sqlite354_formal_replay_3532_20260713_033500/repeats/r1/checkpoint_0300m/coverage/sqlaser_sqlite354_r1_t300.cov.json	/root/SQLeek/experiment/RQ2/replay/output/sqlaser_sqlite354_formal_replay_3532_20260713_033500/repeats/r1/checkpoint_0300m/profile/sqlaser_sqlite354_r1_t300.profdata	/root/SQLeek/experiment/RQ2/replay/output/sqlaser_sqlite354_formal_replay_3532_20260713_033500/repeats/r1/checkpoint_0300m/coverage/sqlaser_sqlite354_r1_t300.report.txt	/root/SQLeek/experiment/RQ2/sqlaser/results/sqlite354/formal_24h/r1_20260711_174208/checkpoint_replay/checkpoint_0300m/queue	1438	2026-07-13T03:35:01Z	2026-07-13T03:37:19Z	/root/bld_llvmcov/sqlite3	0e732825c5bf	complete	
sqlaser_sqlite354_r1	SQLaser	sqlite	fuzzing_sqlite=3.54.0,replay_sqlite=3.53.2	1	480	/root/SQLeek/experiment/RQ2/replay/output/sqlaser_sqlite354_formal_replay_3532_20260713_033500/repeats/r1/checkpoint_0480m/coverage/sqlaser_sqlite354_r1_t480.cov.json	/root/SQLeek/experiment/RQ2/replay/output/sqlaser_sqlite354_formal_replay_3532_20260713_033500/repeats/r1/checkpoint_0480m/profile/sqlaser_sqlite354_r1_t480.profdata	/root/SQLeek/experiment/RQ2/replay/output/sqlaser_sqlite354_formal_replay_3532_20260713_033500/repeats/r1/checkpoint_0480m/coverage/sqlaser_sqlite354_r1_t480.report.txt	/root/SQLeek/experiment/RQ2/sqlaser/results/sqlite354/formal_24h/r1_20260711_174208/checkpoint_replay/checkpoint_0480m/queue	1471	2026-07-13T03:35:01Z	2026-07-13T03:37:51Z	/root/bld_llvmcov/sqlite3	0e732825c5bf	complete	
sqlaser_sqlite354_r1	SQLaser	sqlite	fuzzing_sqlite=3.54.0,replay_sqlite=3.53.2	1	600	/root/SQLeek/experiment/RQ2/replay/output/sqlaser_sqlite354_formal_replay_3532_20260713_033500/repeats/r1/checkpoint_0600m/coverage/sqlaser_sqlite354_r1_t600.cov.json	/root/SQLeek/experiment/RQ2/replay/output/sqlaser_sqlite354_formal_replay_3532_20260713_033500/repeats/r1/checkpoint_0600m/profile/sqlaser_sqlite354_r1_t600.profdata	/root/SQLeek/experiment/RQ2/replay/output/sqlaser_sqlite354_formal_replay_3532_20260713_033500/repeats/r1/checkpoint_0600m/coverage/sqlaser_sqlite354_r1_t600.report.txt	/root/SQLeek/experiment/RQ2/sqlaser/results/sqlite354/formal_24h/r1_20260711_174208/checkpoint_replay/checkpoint_0600m/queue	1491	2026-07-13T03:35:01Z	2026-07-13T03:38:28Z	/root/bld_llvmcov/sqlite3	0e732825c5bf	complete	
sqlaser_sqlite354_r1	SQLaser	sqlite	fuzzing_sqlite=3.54.0,replay_sqlite=3.53.2	1	720	/root/SQLeek/experiment/RQ2/replay/output/sqlaser_sqlite354_formal_replay_3532_20260713_033500/repeats/r1/checkpoint_0720m/coverage/sqlaser_sqlite354_r1_t720.cov.json	/root/SQLeek/experiment/RQ2/replay/output/sqlaser_sqlite354_formal_replay_3532_20260713_033500/repeats/r1/checkpoint_0720m/profile/sqlaser_sqlite354_r1_t720.profdata	/root/SQLeek/experiment/RQ2/replay/output/sqlaser_sqlite354_formal_replay_3532_20260713_033500/repeats/r1/checkpoint_0720m/coverage/sqlaser_sqlite354_r1_t720.report.txt	/root/SQLeek/experiment/RQ2/sqlaser/results/sqlite354/formal_24h/r1_20260711_174208/checkpoint_replay/checkpoint_0720m/queue	1531	2026-07-13T03:35:01Z	2026-07-13T03:39:02Z	/root/bld_llvmcov/sqlite3	0e732825c5bf	complete	
sqlaser_sqlite354_r1	SQLaser	sqlite	fuzzing_sqlite=3.54.0,replay_sqlite=3.53.2	1	900	/root/SQLeek/experiment/RQ2/replay/output/sqlaser_sqlite354_formal_replay_3532_20260713_033500/repeats/r1/checkpoint_0900m/coverage/sqlaser_sqlite354_r1_t900.cov.json	/root/SQLeek/experiment/RQ2/replay/output/sqlaser_sqlite354_formal_replay_3532_20260713_033500/repeats/r1/checkpoint_0900m/profile/sqlaser_sqlite354_r1_t900.profdata	/root/SQLeek/experiment/RQ2/replay/output/sqlaser_sqlite354_formal_replay_3532_20260713_033500/repeats/r1/checkpoint_0900m/coverage/sqlaser_sqlite354_r1_t900.report.txt	/root/SQLeek/experiment/RQ2/sqlaser/results/sqlite354/formal_24h/r1_20260711_174208/checkpoint_replay/checkpoint_0900m/queue	1552	2026-07-13T03:35:01Z	2026-07-13T03:39:34Z	/root/bld_llvmcov/sqlite3	0e732825c5bf	complete	
sqlaser_sqlite354_r1	SQLaser	sqlite	fuzzing_sqlite=3.54.0,replay_sqlite=3.53.2	1	1200	/root/SQLeek/experiment/RQ2/replay/output/sqlaser_sqlite354_formal_replay_3532_20260713_033500/repeats/r1/checkpoint_1200m/coverage/sqlaser_sqlite354_r1_t1200.cov.json	/root/SQLeek/experiment/RQ2/replay/output/sqlaser_sqlite354_formal_replay_3532_20260713_033500/repeats/r1/checkpoint_1200m/profile/sqlaser_sqlite354_r1_t1200.profdata	/root/SQLeek/experiment/RQ2/replay/output/sqlaser_sqlite354_formal_replay_3532_20260713_033500/repeats/r1/checkpoint_1200m/coverage/sqlaser_sqlite354_r1_t1200.report.txt	/root/SQLeek/experiment/RQ2/sqlaser/results/sqlite354/formal_24h/r1_20260711_174208/checkpoint_replay/checkpoint_1200m/queue	1616	2026-07-13T03:35:01Z	2026-07-13T03:40:08Z	/root/bld_llvmcov/sqlite3	0e732825c5bf	complete	
sqlaser_sqlite354_r1	SQLaser	sqlite	fuzzing_sqlite=3.54.0,replay_sqlite=3.53.2	1	1440	/root/SQLeek/experiment/RQ2/replay/output/sqlaser_sqlite354_formal_replay_3532_20260713_033500/repeats/r1/checkpoint_1440m/coverage/sqlaser_sqlite354_r1_t1440.cov.json	/root/SQLeek/experiment/RQ2/replay/output/sqlaser_sqlite354_formal_replay_3532_20260713_033500/repeats/r1/checkpoint_1440m/profile/sqlaser_sqlite354_r1_t1440.profdata	/root/SQLeek/experiment/RQ2/replay/output/sqlaser_sqlite354_formal_replay_3532_20260713_033500/repeats/r1/checkpoint_1440m/coverage/sqlaser_sqlite354_r1_t1440.report.txt	/root/SQLeek/experiment/RQ2/sqlaser/results/sqlite354/formal_24h/r1_20260711_174208/checkpoint_replay/checkpoint_1440m/queue	1629	2026-07-13T03:35:01Z	2026-07-13T03:40:42Z	/root/bld_llvmcov/sqlite3	0e732825c5bf	complete	
sqlaser_sqlite354_r2	SQLaser	sqlite	fuzzing_sqlite=3.54.0,replay_sqlite=3.53.2	2	60	/root/SQLeek/experiment/RQ2/replay/output/sqlaser_sqlite354_formal_replay_3532_20260713_033500/repeats/r2/checkpoint_0060m/coverage/sqlaser_sqlite354_r2_t60.cov.json	/root/SQLeek/experiment/RQ2/replay/output/sqlaser_sqlite354_formal_replay_3532_20260713_033500/repeats/r2/checkpoint_0060m/profile/sqlaser_sqlite354_r2_t60.profdata	/root/SQLeek/experiment/RQ2/replay/output/sqlaser_sqlite354_formal_replay_3532_20260713_033500/repeats/r2/checkpoint_0060m/coverage/sqlaser_sqlite354_r2_t60.report.txt	/root/SQLeek/experiment/RQ2/sqlaser/results/sqlite354/formal_24h/r2_20260711_184300/checkpoint_replay/checkpoint_0060m/queue	1189	2026-07-13T03:35:01Z	2026-07-13T03:36:06Z	/root/bld_llvmcov/sqlite3	b6245318a729	complete	
sqlaser_sqlite354_r2	SQLaser	sqlite	fuzzing_sqlite=3.54.0,replay_sqlite=3.53.2	2	180	/root/SQLeek/experiment/RQ2/replay/output/sqlaser_sqlite354_formal_replay_3532_20260713_033500/repeats/r2/checkpoint_0180m/coverage/sqlaser_sqlite354_r2_t180.cov.json	/root/SQLeek/experiment/RQ2/replay/output/sqlaser_sqlite354_formal_replay_3532_20260713_033500/repeats/r2/checkpoint_0180m/profile/sqlaser_sqlite354_r2_t180.profdata	/root/SQLeek/experiment/RQ2/replay/output/sqlaser_sqlite354_formal_replay_3532_20260713_033500/repeats/r2/checkpoint_0180m/coverage/sqlaser_sqlite354_r2_t180.report.txt	/root/SQLeek/experiment/RQ2/sqlaser/results/sqlite354/formal_24h/r2_20260711_184300/checkpoint_replay/checkpoint_0180m/queue	1376	2026-07-13T03:35:01Z	2026-07-13T03:36:42Z	/root/bld_llvmcov/sqlite3	b6245318a729	complete	
sqlaser_sqlite354_r2	SQLaser	sqlite	fuzzing_sqlite=3.54.0,replay_sqlite=3.53.2	2	300	/root/SQLeek/experiment/RQ2/replay/output/sqlaser_sqlite354_formal_replay_3532_20260713_033500/repeats/r2/checkpoint_0300m/coverage/sqlaser_sqlite354_r2_t300.cov.json	/root/SQLeek/experiment/RQ2/replay/output/sqlaser_sqlite354_formal_replay_3532_20260713_033500/repeats/r2/checkpoint_0300m/profile/sqlaser_sqlite354_r2_t300.profdata	/root/SQLeek/experiment/RQ2/replay/output/sqlaser_sqlite354_formal_replay_3532_20260713_033500/repeats/r2/checkpoint_0300m/coverage/sqlaser_sqlite354_r2_t300.report.txt	/root/SQLeek/experiment/RQ2/sqlaser/results/sqlite354/formal_24h/r2_20260711_184300/checkpoint_replay/checkpoint_0300m/queue	1429	2026-07-13T03:35:01Z	2026-07-13T03:37:14Z	/root/bld_llvmcov/sqlite3	b6245318a729	complete	
sqlaser_sqlite354_r2	SQLaser	sqlite	fuzzing_sqlite=3.54.0,replay_sqlite=3.53.2	2	480	/root/SQLeek/experiment/RQ2/replay/output/sqlaser_sqlite354_formal_replay_3532_20260713_033500/repeats/r2/checkpoint_0480m/coverage/sqlaser_sqlite354_r2_t480.cov.json	/root/SQLeek/experiment/RQ2/replay/output/sqlaser_sqlite354_formal_replay_3532_20260713_033500/repeats/r2/checkpoint_0480m/profile/sqlaser_sqlite354_r2_t480.profdata	/root/SQLeek/experiment/RQ2/replay/output/sqlaser_sqlite354_formal_replay_3532_20260713_033500/repeats/r2/checkpoint_0480m/coverage/sqlaser_sqlite354_r2_t480.report.txt	/root/SQLeek/experiment/RQ2/sqlaser/results/sqlite354/formal_24h/r2_20260711_184300/checkpoint_replay/checkpoint_0480m/queue	1470	2026-07-13T03:35:01Z	2026-07-13T03:37:48Z	/root/bld_llvmcov/sqlite3	b6245318a729	complete	
sqlaser_sqlite354_r2	SQLaser	sqlite	fuzzing_sqlite=3.54.0,replay_sqlite=3.53.2	2	600	/root/SQLeek/experiment/RQ2/replay/output/sqlaser_sqlite354_formal_replay_3532_20260713_033500/repeats/r2/checkpoint_0600m/coverage/sqlaser_sqlite354_r2_t600.cov.json	/root/SQLeek/experiment/RQ2/replay/output/sqlaser_sqlite354_formal_replay_3532_20260713_033500/repeats/r2/checkpoint_0600m/profile/sqlaser_sqlite354_r2_t600.profdata	/root/SQLeek/experiment/RQ2/replay/output/sqlaser_sqlite354_formal_replay_3532_20260713_033500/repeats/r2/checkpoint_0600m/coverage/sqlaser_sqlite354_r2_t600.report.txt	/root/SQLeek/experiment/RQ2/sqlaser/results/sqlite354/formal_24h/r2_20260711_184300/checkpoint_replay/checkpoint_0600m/queue	1490	2026-07-13T03:35:01Z	2026-07-13T03:38:23Z	/root/bld_llvmcov/sqlite3	b6245318a729	complete	
sqlaser_sqlite354_r2	SQLaser	sqlite	fuzzing_sqlite=3.54.0,replay_sqlite=3.53.2	2	720	/root/SQLeek/experiment/RQ2/replay/output/sqlaser_sqlite354_formal_replay_3532_20260713_033500/repeats/r2/checkpoint_0720m/coverage/sqlaser_sqlite354_r2_t720.cov.json	/root/SQLeek/experiment/RQ2/replay/output/sqlaser_sqlite354_formal_replay_3532_20260713_033500/repeats/r2/checkpoint_0720m/profile/sqlaser_sqlite354_r2_t720.profdata	/root/SQLeek/experiment/RQ2/replay/output/sqlaser_sqlite354_formal_replay_3532_20260713_033500/repeats/r2/checkpoint_0720m/coverage/sqlaser_sqlite354_r2_t720.report.txt	/root/SQLeek/experiment/RQ2/sqlaser/results/sqlite354/formal_24h/r2_20260711_184300/checkpoint_replay/checkpoint_0720m/queue	1511	2026-07-13T03:35:01Z	2026-07-13T03:38:58Z	/root/bld_llvmcov/sqlite3	b6245318a729	complete	
sqlaser_sqlite354_r2	SQLaser	sqlite	fuzzing_sqlite=3.54.0,replay_sqlite=3.53.2	2	900	/root/SQLeek/experiment/RQ2/replay/output/sqlaser_sqlite354_formal_replay_3532_20260713_033500/repeats/r2/checkpoint_0900m/coverage/sqlaser_sqlite354_r2_t900.cov.json	/root/SQLeek/experiment/RQ2/replay/output/sqlaser_sqlite354_formal_replay_3532_20260713_033500/repeats/r2/checkpoint_0900m/profile/sqlaser_sqlite354_r2_t900.profdata	/root/SQLeek/experiment/RQ2/replay/output/sqlaser_sqlite354_formal_replay_3532_20260713_033500/repeats/r2/checkpoint_0900m/coverage/sqlaser_sqlite354_r2_t900.report.txt	/root/SQLeek/experiment/RQ2/sqlaser/results/sqlite354/formal_24h/r2_20260711_184300/checkpoint_replay/checkpoint_0900m/queue	1548	2026-07-13T03:35:01Z	2026-07-13T03:39:30Z	/root/bld_llvmcov/sqlite3	b6245318a729	complete	
sqlaser_sqlite354_r2	SQLaser	sqlite	fuzzing_sqlite=3.54.0,replay_sqlite=3.53.2	2	1200	/root/SQLeek/experiment/RQ2/replay/output/sqlaser_sqlite354_formal_replay_3532_20260713_033500/repeats/r2/checkpoint_1200m/coverage/sqlaser_sqlite354_r2_t1200.cov.json	/root/SQLeek/experiment/RQ2/replay/output/sqlaser_sqlite354_formal_replay_3532_20260713_033500/repeats/r2/checkpoint_1200m/profile/sqlaser_sqlite354_r2_t1200.profdata	/root/SQLeek/experiment/RQ2/replay/output/sqlaser_sqlite354_formal_replay_3532_20260713_033500/repeats/r2/checkpoint_1200m/coverage/sqlaser_sqlite354_r2_t1200.report.txt	/root/SQLeek/experiment/RQ2/sqlaser/results/sqlite354/formal_24h/r2_20260711_184300/checkpoint_replay/checkpoint_1200m/queue	1561	2026-07-13T03:35:01Z	2026-07-13T03:39:59Z	/root/bld_llvmcov/sqlite3	b6245318a729	complete	
sqlaser_sqlite354_r2	SQLaser	sqlite	fuzzing_sqlite=3.54.0,replay_sqlite=3.53.2	2	1440	/root/SQLeek/experiment/RQ2/replay/output/sqlaser_sqlite354_formal_replay_3532_20260713_033500/repeats/r2/checkpoint_1440m/coverage/sqlaser_sqlite354_r2_t1440.cov.json	/root/SQLeek/experiment/RQ2/replay/output/sqlaser_sqlite354_formal_replay_3532_20260713_033500/repeats/r2/checkpoint_1440m/profile/sqlaser_sqlite354_r2_t1440.profdata	/root/SQLeek/experiment/RQ2/replay/output/sqlaser_sqlite354_formal_replay_3532_20260713_033500/repeats/r2/checkpoint_1440m/coverage/sqlaser_sqlite354_r2_t1440.report.txt	/root/SQLeek/experiment/RQ2/sqlaser/results/sqlite354/formal_24h/r2_20260711_184300/checkpoint_replay/checkpoint_1440m/queue	1571	2026-07-13T03:35:01Z	2026-07-13T03:40:31Z	/root/bld_llvmcov/sqlite3	b6245318a729	complete	
sqlaser_sqlite354_r3	SQLaser	sqlite	fuzzing_sqlite=3.54.0,replay_sqlite=3.53.2	3	60	/root/SQLeek/experiment/RQ2/replay/output/sqlaser_sqlite354_formal_replay_3532_20260713_033500/repeats/r3/checkpoint_0060m/coverage/sqlaser_sqlite354_r3_t60.cov.json	/root/SQLeek/experiment/RQ2/replay/output/sqlaser_sqlite354_formal_replay_3532_20260713_033500/repeats/r3/checkpoint_0060m/profile/sqlaser_sqlite354_r3_t60.profdata	/root/SQLeek/experiment/RQ2/replay/output/sqlaser_sqlite354_formal_replay_3532_20260713_033500/repeats/r3/checkpoint_0060m/coverage/sqlaser_sqlite354_r3_t60.report.txt	/root/SQLeek/experiment/RQ2/sqlaser/results/sqlite354/formal_24h/r3_20260711_184300/checkpoint_replay/checkpoint_0060m/queue	1218	2026-07-13T03:40:43Z	2026-07-13T03:41:52Z	/root/bld_llvmcov/sqlite3	dc408b31f397	complete	
sqlaser_sqlite354_r3	SQLaser	sqlite	fuzzing_sqlite=3.54.0,replay_sqlite=3.53.2	3	180	/root/SQLeek/experiment/RQ2/replay/output/sqlaser_sqlite354_formal_replay_3532_20260713_033500/repeats/r3/checkpoint_0180m/coverage/sqlaser_sqlite354_r3_t180.cov.json	/root/SQLeek/experiment/RQ2/replay/output/sqlaser_sqlite354_formal_replay_3532_20260713_033500/repeats/r3/checkpoint_0180m/profile/sqlaser_sqlite354_r3_t180.profdata	/root/SQLeek/experiment/RQ2/replay/output/sqlaser_sqlite354_formal_replay_3532_20260713_033500/repeats/r3/checkpoint_0180m/coverage/sqlaser_sqlite354_r3_t180.report.txt	/root/SQLeek/experiment/RQ2/sqlaser/results/sqlite354/formal_24h/r3_20260711_184300/checkpoint_replay/checkpoint_0180m/queue	1369	2026-07-13T03:40:43Z	2026-07-13T03:42:27Z	/root/bld_llvmcov/sqlite3	dc408b31f397	complete	
sqlaser_sqlite354_r3	SQLaser	sqlite	fuzzing_sqlite=3.54.0,replay_sqlite=3.53.2	3	300	/root/SQLeek/experiment/RQ2/replay/output/sqlaser_sqlite354_formal_replay_3532_20260713_033500/repeats/r3/checkpoint_0300m/coverage/sqlaser_sqlite354_r3_t300.cov.json	/root/SQLeek/experiment/RQ2/replay/output/sqlaser_sqlite354_formal_replay_3532_20260713_033500/repeats/r3/checkpoint_0300m/profile/sqlaser_sqlite354_r3_t300.profdata	/root/SQLeek/experiment/RQ2/replay/output/sqlaser_sqlite354_formal_replay_3532_20260713_033500/repeats/r3/checkpoint_0300m/coverage/sqlaser_sqlite354_r3_t300.report.txt	/root/SQLeek/experiment/RQ2/sqlaser/results/sqlite354/formal_24h/r3_20260711_184300/checkpoint_replay/checkpoint_0300m/queue	1422	2026-07-13T03:40:43Z	2026-07-13T03:42:59Z	/root/bld_llvmcov/sqlite3	dc408b31f397	complete	
sqlaser_sqlite354_r3	SQLaser	sqlite	fuzzing_sqlite=3.54.0,replay_sqlite=3.53.2	3	480	/root/SQLeek/experiment/RQ2/replay/output/sqlaser_sqlite354_formal_replay_3532_20260713_033500/repeats/r3/checkpoint_0480m/coverage/sqlaser_sqlite354_r3_t480.cov.json	/root/SQLeek/experiment/RQ2/replay/output/sqlaser_sqlite354_formal_replay_3532_20260713_033500/repeats/r3/checkpoint_0480m/profile/sqlaser_sqlite354_r3_t480.profdata	/root/SQLeek/experiment/RQ2/replay/output/sqlaser_sqlite354_formal_replay_3532_20260713_033500/repeats/r3/checkpoint_0480m/coverage/sqlaser_sqlite354_r3_t480.report.txt	/root/SQLeek/experiment/RQ2/sqlaser/results/sqlite354/formal_24h/r3_20260711_184300/checkpoint_replay/checkpoint_0480m/queue	1472	2026-07-13T03:40:43Z	2026-07-13T03:43:34Z	/root/bld_llvmcov/sqlite3	dc408b31f397	complete	
sqlaser_sqlite354_r3	SQLaser	sqlite	fuzzing_sqlite=3.54.0,replay_sqlite=3.53.2	3	600	/root/SQLeek/experiment/RQ2/replay/output/sqlaser_sqlite354_formal_replay_3532_20260713_033500/repeats/r3/checkpoint_0600m/coverage/sqlaser_sqlite354_r3_t600.cov.json	/root/SQLeek/experiment/RQ2/replay/output/sqlaser_sqlite354_formal_replay_3532_20260713_033500/repeats/r3/checkpoint_0600m/profile/sqlaser_sqlite354_r3_t600.profdata	/root/SQLeek/experiment/RQ2/replay/output/sqlaser_sqlite354_formal_replay_3532_20260713_033500/repeats/r3/checkpoint_0600m/coverage/sqlaser_sqlite354_r3_t600.report.txt	/root/SQLeek/experiment/RQ2/sqlaser/results/sqlite354/formal_24h/r3_20260711_184300/checkpoint_replay/checkpoint_0600m/queue	1487	2026-07-13T03:40:43Z	2026-07-13T03:44:05Z	/root/bld_llvmcov/sqlite3	dc408b31f397	complete	
sqlaser_sqlite354_r3	SQLaser	sqlite	fuzzing_sqlite=3.54.0,replay_sqlite=3.53.2	3	720	/root/SQLeek/experiment/RQ2/replay/output/sqlaser_sqlite354_formal_replay_3532_20260713_033500/repeats/r3/checkpoint_0720m/coverage/sqlaser_sqlite354_r3_t720.cov.json	/root/SQLeek/experiment/RQ2/replay/output/sqlaser_sqlite354_formal_replay_3532_20260713_033500/repeats/r3/checkpoint_0720m/profile/sqlaser_sqlite354_r3_t720.profdata	/root/SQLeek/experiment/RQ2/replay/output/sqlaser_sqlite354_formal_replay_3532_20260713_033500/repeats/r3/checkpoint_0720m/coverage/sqlaser_sqlite354_r3_t720.report.txt	/root/SQLeek/experiment/RQ2/sqlaser/results/sqlite354/formal_24h/r3_20260711_184300/checkpoint_replay/checkpoint_0720m/queue	1500	2026-07-13T03:40:43Z	2026-07-13T03:44:38Z	/root/bld_llvmcov/sqlite3	dc408b31f397	complete	
sqlaser_sqlite354_r3	SQLaser	sqlite	fuzzing_sqlite=3.54.0,replay_sqlite=3.53.2	3	900	/root/SQLeek/experiment/RQ2/replay/output/sqlaser_sqlite354_formal_replay_3532_20260713_033500/repeats/r3/checkpoint_0900m/coverage/sqlaser_sqlite354_r3_t900.cov.json	/root/SQLeek/experiment/RQ2/replay/output/sqlaser_sqlite354_formal_replay_3532_20260713_033500/repeats/r3/checkpoint_0900m/profile/sqlaser_sqlite354_r3_t900.profdata	/root/SQLeek/experiment/RQ2/replay/output/sqlaser_sqlite354_formal_replay_3532_20260713_033500/repeats/r3/checkpoint_0900m/coverage/sqlaser_sqlite354_r3_t900.report.txt	/root/SQLeek/experiment/RQ2/sqlaser/results/sqlite354/formal_24h/r3_20260711_184300/checkpoint_replay/checkpoint_0900m/queue	1521	2026-07-13T03:40:43Z	2026-07-13T03:45:11Z	/root/bld_llvmcov/sqlite3	dc408b31f397	complete	
sqlaser_sqlite354_r3	SQLaser	sqlite	fuzzing_sqlite=3.54.0,replay_sqlite=3.53.2	3	1200	/root/SQLeek/experiment/RQ2/replay/output/sqlaser_sqlite354_formal_replay_3532_20260713_033500/repeats/r3/checkpoint_1200m/coverage/sqlaser_sqlite354_r3_t1200.cov.json	/root/SQLeek/experiment/RQ2/replay/output/sqlaser_sqlite354_formal_replay_3532_20260713_033500/repeats/r3/checkpoint_1200m/profile/sqlaser_sqlite354_r3_t1200.profdata	/root/SQLeek/experiment/RQ2/replay/output/sqlaser_sqlite354_formal_replay_3532_20260713_033500/repeats/r3/checkpoint_1200m/coverage/sqlaser_sqlite354_r3_t1200.report.txt	/root/SQLeek/experiment/RQ2/sqlaser/results/sqlite354/formal_24h/r3_20260711_184300/checkpoint_replay/checkpoint_1200m/queue	1540	2026-07-13T03:40:43Z	2026-07-13T03:45:45Z	/root/bld_llvmcov/sqlite3	dc408b31f397	complete	
sqlaser_sqlite354_r3	SQLaser	sqlite	fuzzing_sqlite=3.54.0,replay_sqlite=3.53.2	3	1440	/root/SQLeek/experiment/RQ2/replay/output/sqlaser_sqlite354_formal_replay_3532_20260713_033500/repeats/r3/checkpoint_1440m/coverage/sqlaser_sqlite354_r3_t1440.cov.json	/root/SQLeek/experiment/RQ2/replay/output/sqlaser_sqlite354_formal_replay_3532_20260713_033500/repeats/r3/checkpoint_1440m/profile/sqlaser_sqlite354_r3_t1440.profdata	/root/SQLeek/experiment/RQ2/replay/output/sqlaser_sqlite354_formal_replay_3532_20260713_033500/repeats/r3/checkpoint_1440m/coverage/sqlaser_sqlite354_r3_t1440.report.txt	/root/SQLeek/experiment/RQ2/sqlaser/results/sqlite354/formal_24h/r3_20260711_184300/checkpoint_replay/checkpoint_1440m/queue	1556	2026-07-13T03:40:43Z	2026-07-13T03:46:17Z	/root/bld_llvmcov/sqlite3	dc408b31f397	complete	
sqlaser_sqlite354_r4	SQLaser	sqlite	fuzzing_sqlite=3.54.0,replay_sqlite=3.53.2	4	60	/root/SQLeek/experiment/RQ2/replay/output/sqlaser_sqlite354_formal_replay_3532_20260713_033500/repeats/r4/checkpoint_0060m/coverage/sqlaser_sqlite354_r4_t60.cov.json	/root/SQLeek/experiment/RQ2/replay/output/sqlaser_sqlite354_formal_replay_3532_20260713_033500/repeats/r4/checkpoint_0060m/profile/sqlaser_sqlite354_r4_t60.profdata	/root/SQLeek/experiment/RQ2/replay/output/sqlaser_sqlite354_formal_replay_3532_20260713_033500/repeats/r4/checkpoint_0060m/coverage/sqlaser_sqlite354_r4_t60.report.txt	/root/SQLeek/experiment/RQ2/sqlaser/results/sqlite354/formal_24h/r4_20260711_184300/checkpoint_replay/checkpoint_0060m/queue	1203	2026-07-13T03:40:43Z	2026-07-13T03:41:50Z	/root/bld_llvmcov/sqlite3	fa7c3654f669	complete	
sqlaser_sqlite354_r4	SQLaser	sqlite	fuzzing_sqlite=3.54.0,replay_sqlite=3.53.2	4	180	/root/SQLeek/experiment/RQ2/replay/output/sqlaser_sqlite354_formal_replay_3532_20260713_033500/repeats/r4/checkpoint_0180m/coverage/sqlaser_sqlite354_r4_t180.cov.json	/root/SQLeek/experiment/RQ2/replay/output/sqlaser_sqlite354_formal_replay_3532_20260713_033500/repeats/r4/checkpoint_0180m/profile/sqlaser_sqlite354_r4_t180.profdata	/root/SQLeek/experiment/RQ2/replay/output/sqlaser_sqlite354_formal_replay_3532_20260713_033500/repeats/r4/checkpoint_0180m/coverage/sqlaser_sqlite354_r4_t180.report.txt	/root/SQLeek/experiment/RQ2/sqlaser/results/sqlite354/formal_24h/r4_20260711_184300/checkpoint_replay/checkpoint_0180m/queue	1378	2026-07-13T03:40:43Z	2026-07-13T03:42:26Z	/root/bld_llvmcov/sqlite3	fa7c3654f669	complete	
sqlaser_sqlite354_r4	SQLaser	sqlite	fuzzing_sqlite=3.54.0,replay_sqlite=3.53.2	4	300	/root/SQLeek/experiment/RQ2/replay/output/sqlaser_sqlite354_formal_replay_3532_20260713_033500/repeats/r4/checkpoint_0300m/coverage/sqlaser_sqlite354_r4_t300.cov.json	/root/SQLeek/experiment/RQ2/replay/output/sqlaser_sqlite354_formal_replay_3532_20260713_033500/repeats/r4/checkpoint_0300m/profile/sqlaser_sqlite354_r4_t300.profdata	/root/SQLeek/experiment/RQ2/replay/output/sqlaser_sqlite354_formal_replay_3532_20260713_033500/repeats/r4/checkpoint_0300m/coverage/sqlaser_sqlite354_r4_t300.report.txt	/root/SQLeek/experiment/RQ2/sqlaser/results/sqlite354/formal_24h/r4_20260711_184300/checkpoint_replay/checkpoint_0300m/queue	1475	2026-07-13T03:40:43Z	2026-07-13T03:42:59Z	/root/bld_llvmcov/sqlite3	fa7c3654f669	complete	
sqlaser_sqlite354_r4	SQLaser	sqlite	fuzzing_sqlite=3.54.0,replay_sqlite=3.53.2	4	480	/root/SQLeek/experiment/RQ2/replay/output/sqlaser_sqlite354_formal_replay_3532_20260713_033500/repeats/r4/checkpoint_0480m/coverage/sqlaser_sqlite354_r4_t480.cov.json	/root/SQLeek/experiment/RQ2/replay/output/sqlaser_sqlite354_formal_replay_3532_20260713_033500/repeats/r4/checkpoint_0480m/profile/sqlaser_sqlite354_r4_t480.profdata	/root/SQLeek/experiment/RQ2/replay/output/sqlaser_sqlite354_formal_replay_3532_20260713_033500/repeats/r4/checkpoint_0480m/coverage/sqlaser_sqlite354_r4_t480.report.txt	/root/SQLeek/experiment/RQ2/sqlaser/results/sqlite354/formal_24h/r4_20260711_184300/checkpoint_replay/checkpoint_0480m/queue	1512	2026-07-13T03:40:43Z	2026-07-13T03:43:29Z	/root/bld_llvmcov/sqlite3	fa7c3654f669	complete	
sqlaser_sqlite354_r4	SQLaser	sqlite	fuzzing_sqlite=3.54.0,replay_sqlite=3.53.2	4	600	/root/SQLeek/experiment/RQ2/replay/output/sqlaser_sqlite354_formal_replay_3532_20260713_033500/repeats/r4/checkpoint_0600m/coverage/sqlaser_sqlite354_r4_t600.cov.json	/root/SQLeek/experiment/RQ2/replay/output/sqlaser_sqlite354_formal_replay_3532_20260713_033500/repeats/r4/checkpoint_0600m/profile/sqlaser_sqlite354_r4_t600.profdata	/root/SQLeek/experiment/RQ2/replay/output/sqlaser_sqlite354_formal_replay_3532_20260713_033500/repeats/r4/checkpoint_0600m/coverage/sqlaser_sqlite354_r4_t600.report.txt	/root/SQLeek/experiment/RQ2/sqlaser/results/sqlite354/formal_24h/r4_20260711_184300/checkpoint_replay/checkpoint_0600m/queue	1535	2026-07-13T03:40:43Z	2026-07-13T03:44:06Z	/root/bld_llvmcov/sqlite3	fa7c3654f669	complete	
sqlaser_sqlite354_r4	SQLaser	sqlite	fuzzing_sqlite=3.54.0,replay_sqlite=3.53.2	4	720	/root/SQLeek/experiment/RQ2/replay/output/sqlaser_sqlite354_formal_replay_3532_20260713_033500/repeats/r4/checkpoint_0720m/coverage/sqlaser_sqlite354_r4_t720.cov.json	/root/SQLeek/experiment/RQ2/replay/output/sqlaser_sqlite354_formal_replay_3532_20260713_033500/repeats/r4/checkpoint_0720m/profile/sqlaser_sqlite354_r4_t720.profdata	/root/SQLeek/experiment/RQ2/replay/output/sqlaser_sqlite354_formal_replay_3532_20260713_033500/repeats/r4/checkpoint_0720m/coverage/sqlaser_sqlite354_r4_t720.report.txt	/root/SQLeek/experiment/RQ2/sqlaser/results/sqlite354/formal_24h/r4_20260711_184300/checkpoint_replay/checkpoint_0720m/queue	1547	2026-07-13T03:40:43Z	2026-07-13T03:44:40Z	/root/bld_llvmcov/sqlite3	fa7c3654f669	complete	
sqlaser_sqlite354_r4	SQLaser	sqlite	fuzzing_sqlite=3.54.0,replay_sqlite=3.53.2	4	900	/root/SQLeek/experiment/RQ2/replay/output/sqlaser_sqlite354_formal_replay_3532_20260713_033500/repeats/r4/checkpoint_0900m/coverage/sqlaser_sqlite354_r4_t900.cov.json	/root/SQLeek/experiment/RQ2/replay/output/sqlaser_sqlite354_formal_replay_3532_20260713_033500/repeats/r4/checkpoint_0900m/profile/sqlaser_sqlite354_r4_t900.profdata	/root/SQLeek/experiment/RQ2/replay/output/sqlaser_sqlite354_formal_replay_3532_20260713_033500/repeats/r4/checkpoint_0900m/coverage/sqlaser_sqlite354_r4_t900.report.txt	/root/SQLeek/experiment/RQ2/sqlaser/results/sqlite354/formal_24h/r4_20260711_184300/checkpoint_replay/checkpoint_0900m/queue	1571	2026-07-13T03:40:43Z	2026-07-13T03:45:15Z	/root/bld_llvmcov/sqlite3	fa7c3654f669	complete	
sqlaser_sqlite354_r4	SQLaser	sqlite	fuzzing_sqlite=3.54.0,replay_sqlite=3.53.2	4	1200	/root/SQLeek/experiment/RQ2/replay/output/sqlaser_sqlite354_formal_replay_3532_20260713_033500/repeats/r4/checkpoint_1200m/coverage/sqlaser_sqlite354_r4_t1200.cov.json	/root/SQLeek/experiment/RQ2/replay/output/sqlaser_sqlite354_formal_replay_3532_20260713_033500/repeats/r4/checkpoint_1200m/profile/sqlaser_sqlite354_r4_t1200.profdata	/root/SQLeek/experiment/RQ2/replay/output/sqlaser_sqlite354_formal_replay_3532_20260713_033500/repeats/r4/checkpoint_1200m/coverage/sqlaser_sqlite354_r4_t1200.report.txt	/root/SQLeek/experiment/RQ2/sqlaser/results/sqlite354/formal_24h/r4_20260711_184300/checkpoint_replay/checkpoint_1200m/queue	1604	2026-07-13T03:40:43Z	2026-07-13T03:45:49Z	/root/bld_llvmcov/sqlite3	fa7c3654f669	complete	
sqlaser_sqlite354_r4	SQLaser	sqlite	fuzzing_sqlite=3.54.0,replay_sqlite=3.53.2	4	1440	/root/SQLeek/experiment/RQ2/replay/output/sqlaser_sqlite354_formal_replay_3532_20260713_033500/repeats/r4/checkpoint_1440m/coverage/sqlaser_sqlite354_r4_t1440.cov.json	/root/SQLeek/experiment/RQ2/replay/output/sqlaser_sqlite354_formal_replay_3532_20260713_033500/repeats/r4/checkpoint_1440m/profile/sqlaser_sqlite354_r4_t1440.profdata	/root/SQLeek/experiment/RQ2/replay/output/sqlaser_sqlite354_formal_replay_3532_20260713_033500/repeats/r4/checkpoint_1440m/coverage/sqlaser_sqlite354_r4_t1440.report.txt	/root/SQLeek/experiment/RQ2/sqlaser/results/sqlite354/formal_24h/r4_20260711_184300/checkpoint_replay/checkpoint_1440m/queue	1611	2026-07-13T03:40:43Z	2026-07-13T03:46:21Z	/root/bld_llvmcov/sqlite3	fa7c3654f669	complete	
sqlaser_sqlite354_r5	SQLaser	sqlite	fuzzing_sqlite=3.54.0,replay_sqlite=3.53.2	5	60	/root/SQLeek/experiment/RQ2/replay/output/sqlaser_sqlite354_formal_replay_3532_20260713_033500/repeats/r5/checkpoint_0060m/coverage/sqlaser_sqlite354_r5_t60.cov.json	/root/SQLeek/experiment/RQ2/replay/output/sqlaser_sqlite354_formal_replay_3532_20260713_033500/repeats/r5/checkpoint_0060m/profile/sqlaser_sqlite354_r5_t60.profdata	/root/SQLeek/experiment/RQ2/replay/output/sqlaser_sqlite354_formal_replay_3532_20260713_033500/repeats/r5/checkpoint_0060m/coverage/sqlaser_sqlite354_r5_t60.report.txt	/root/SQLeek/experiment/RQ2/sqlaser/results/sqlite354/formal_24h/r5_20260711_184300/checkpoint_replay/checkpoint_0060m/queue	1197	2026-07-13T03:46:22Z	2026-07-13T03:47:34Z	/root/bld_llvmcov/sqlite3	69aed3314ea1	complete	
sqlaser_sqlite354_r5	SQLaser	sqlite	fuzzing_sqlite=3.54.0,replay_sqlite=3.53.2	5	180	/root/SQLeek/experiment/RQ2/replay/output/sqlaser_sqlite354_formal_replay_3532_20260713_033500/repeats/r5/checkpoint_0180m/coverage/sqlaser_sqlite354_r5_t180.cov.json	/root/SQLeek/experiment/RQ2/replay/output/sqlaser_sqlite354_formal_replay_3532_20260713_033500/repeats/r5/checkpoint_0180m/profile/sqlaser_sqlite354_r5_t180.profdata	/root/SQLeek/experiment/RQ2/replay/output/sqlaser_sqlite354_formal_replay_3532_20260713_033500/repeats/r5/checkpoint_0180m/coverage/sqlaser_sqlite354_r5_t180.report.txt	/root/SQLeek/experiment/RQ2/sqlaser/results/sqlite354/formal_24h/r5_20260711_184300/checkpoint_replay/checkpoint_0180m/queue	1365	2026-07-13T03:46:22Z	2026-07-13T03:48:15Z	/root/bld_llvmcov/sqlite3	69aed3314ea1	complete	
sqlaser_sqlite354_r5	SQLaser	sqlite	fuzzing_sqlite=3.54.0,replay_sqlite=3.53.2	5	300	/root/SQLeek/experiment/RQ2/replay/output/sqlaser_sqlite354_formal_replay_3532_20260713_033500/repeats/r5/checkpoint_0300m/coverage/sqlaser_sqlite354_r5_t300.cov.json	/root/SQLeek/experiment/RQ2/replay/output/sqlaser_sqlite354_formal_replay_3532_20260713_033500/repeats/r5/checkpoint_0300m/profile/sqlaser_sqlite354_r5_t300.profdata	/root/SQLeek/experiment/RQ2/replay/output/sqlaser_sqlite354_formal_replay_3532_20260713_033500/repeats/r5/checkpoint_0300m/coverage/sqlaser_sqlite354_r5_t300.report.txt	/root/SQLeek/experiment/RQ2/sqlaser/results/sqlite354/formal_24h/r5_20260711_184300/checkpoint_replay/checkpoint_0300m/queue	1440	2026-07-13T03:46:22Z	2026-07-13T03:48:51Z	/root/bld_llvmcov/sqlite3	69aed3314ea1	complete	
sqlaser_sqlite354_r5	SQLaser	sqlite	fuzzing_sqlite=3.54.0,replay_sqlite=3.53.2	5	480	/root/SQLeek/experiment/RQ2/replay/output/sqlaser_sqlite354_formal_replay_3532_20260713_033500/repeats/r5/checkpoint_0480m/coverage/sqlaser_sqlite354_r5_t480.cov.json	/root/SQLeek/experiment/RQ2/replay/output/sqlaser_sqlite354_formal_replay_3532_20260713_033500/repeats/r5/checkpoint_0480m/profile/sqlaser_sqlite354_r5_t480.profdata	/root/SQLeek/experiment/RQ2/replay/output/sqlaser_sqlite354_formal_replay_3532_20260713_033500/repeats/r5/checkpoint_0480m/coverage/sqlaser_sqlite354_r5_t480.report.txt	/root/SQLeek/experiment/RQ2/sqlaser/results/sqlite354/formal_24h/r5_20260711_184300/checkpoint_replay/checkpoint_0480m/queue	1473	2026-07-13T03:46:22Z	2026-07-13T03:49:25Z	/root/bld_llvmcov/sqlite3	69aed3314ea1	complete	
sqlaser_sqlite354_r5	SQLaser	sqlite	fuzzing_sqlite=3.54.0,replay_sqlite=3.53.2	5	600	/root/SQLeek/experiment/RQ2/replay/output/sqlaser_sqlite354_formal_replay_3532_20260713_033500/repeats/r5/checkpoint_0600m/coverage/sqlaser_sqlite354_r5_t600.cov.json	/root/SQLeek/experiment/RQ2/replay/output/sqlaser_sqlite354_formal_replay_3532_20260713_033500/repeats/r5/checkpoint_0600m/profile/sqlaser_sqlite354_r5_t600.profdata	/root/SQLeek/experiment/RQ2/replay/output/sqlaser_sqlite354_formal_replay_3532_20260713_033500/repeats/r5/checkpoint_0600m/coverage/sqlaser_sqlite354_r5_t600.report.txt	/root/SQLeek/experiment/RQ2/sqlaser/results/sqlite354/formal_24h/r5_20260711_184300/checkpoint_replay/checkpoint_0600m/queue	1490	2026-07-13T03:46:22Z	2026-07-13T03:49:57Z	/root/bld_llvmcov/sqlite3	69aed3314ea1	complete	
sqlaser_sqlite354_r5	SQLaser	sqlite	fuzzing_sqlite=3.54.0,replay_sqlite=3.53.2	5	720	/root/SQLeek/experiment/RQ2/replay/output/sqlaser_sqlite354_formal_replay_3532_20260713_033500/repeats/r5/checkpoint_0720m/coverage/sqlaser_sqlite354_r5_t720.cov.json	/root/SQLeek/experiment/RQ2/replay/output/sqlaser_sqlite354_formal_replay_3532_20260713_033500/repeats/r5/checkpoint_0720m/profile/sqlaser_sqlite354_r5_t720.profdata	/root/SQLeek/experiment/RQ2/replay/output/sqlaser_sqlite354_formal_replay_3532_20260713_033500/repeats/r5/checkpoint_0720m/coverage/sqlaser_sqlite354_r5_t720.report.txt	/root/SQLeek/experiment/RQ2/sqlaser/results/sqlite354/formal_24h/r5_20260711_184300/checkpoint_replay/checkpoint_0720m/queue	1508	2026-07-13T03:46:22Z	2026-07-13T03:50:29Z	/root/bld_llvmcov/sqlite3	69aed3314ea1	complete	
sqlaser_sqlite354_r5	SQLaser	sqlite	fuzzing_sqlite=3.54.0,replay_sqlite=3.53.2	5	900	/root/SQLeek/experiment/RQ2/replay/output/sqlaser_sqlite354_formal_replay_3532_20260713_033500/repeats/r5/checkpoint_0900m/coverage/sqlaser_sqlite354_r5_t900.cov.json	/root/SQLeek/experiment/RQ2/replay/output/sqlaser_sqlite354_formal_replay_3532_20260713_033500/repeats/r5/checkpoint_0900m/profile/sqlaser_sqlite354_r5_t900.profdata	/root/SQLeek/experiment/RQ2/replay/output/sqlaser_sqlite354_formal_replay_3532_20260713_033500/repeats/r5/checkpoint_0900m/coverage/sqlaser_sqlite354_r5_t900.report.txt	/root/SQLeek/experiment/RQ2/sqlaser/results/sqlite354/formal_24h/r5_20260711_184300/checkpoint_replay/checkpoint_0900m/queue	1520	2026-07-13T03:46:22Z	2026-07-13T03:51:01Z	/root/bld_llvmcov/sqlite3	69aed3314ea1	complete	
sqlaser_sqlite354_r5	SQLaser	sqlite	fuzzing_sqlite=3.54.0,replay_sqlite=3.53.2	5	1200	/root/SQLeek/experiment/RQ2/replay/output/sqlaser_sqlite354_formal_replay_3532_20260713_033500/repeats/r5/checkpoint_1200m/coverage/sqlaser_sqlite354_r5_t1200.cov.json	/root/SQLeek/experiment/RQ2/replay/output/sqlaser_sqlite354_formal_replay_3532_20260713_033500/repeats/r5/checkpoint_1200m/profile/sqlaser_sqlite354_r5_t1200.profdata	/root/SQLeek/experiment/RQ2/replay/output/sqlaser_sqlite354_formal_replay_3532_20260713_033500/repeats/r5/checkpoint_1200m/coverage/sqlaser_sqlite354_r5_t1200.report.txt	/root/SQLeek/experiment/RQ2/sqlaser/results/sqlite354/formal_24h/r5_20260711_184300/checkpoint_replay/checkpoint_1200m/queue	1540	2026-07-13T03:46:22Z	2026-07-13T03:51:34Z	/root/bld_llvmcov/sqlite3	69aed3314ea1	complete	
sqlaser_sqlite354_r5	SQLaser	sqlite	fuzzing_sqlite=3.54.0,replay_sqlite=3.53.2	5	1440	/root/SQLeek/experiment/RQ2/replay/output/sqlaser_sqlite354_formal_replay_3532_20260713_033500/repeats/r5/checkpoint_1440m/coverage/sqlaser_sqlite354_r5_t1440.cov.json	/root/SQLeek/experiment/RQ2/replay/output/sqlaser_sqlite354_formal_replay_3532_20260713_033500/repeats/r5/checkpoint_1440m/profile/sqlaser_sqlite354_r5_t1440.profdata	/root/SQLeek/experiment/RQ2/replay/output/sqlaser_sqlite354_formal_replay_3532_20260713_033500/repeats/r5/checkpoint_1440m/coverage/sqlaser_sqlite354_r5_t1440.report.txt	/root/SQLeek/experiment/RQ2/sqlaser/results/sqlite354/formal_24h/r5_20260711_184300/checkpoint_replay/checkpoint_1440m/queue	1550	2026-07-13T03:46:22Z	2026-07-13T03:52:07Z	/root/bld_llvmcov/sqlite3	69aed3314ea1	complete	
