dbms,component,tool,risk_branches_total,risk_branches_hit,target_region_branch_coverage,risk_targets_total,risk_targets_hit,target_function_hit_rate
PostgreSQL,executor,SQLeek-Full,2,1.0,0.5,2.0,2.0,1.0
PostgreSQL,executor,SQLeek-W/O-M1,8,1.0,0.125,4,2.0,0.6666666666666666
PostgreSQL,executor,SQLeek-W/O-M2,2,0.25,0.125,2.0,1.33333333333333,0.666666666666667
PostgreSQL,executor,SQLeek-W/O-M3,2,1.0,0.5,2.0,2.0,1.0
PostgreSQL,other,SQLeek-Full,4,3.0,0.75,4.0,4.0,1.0
PostgreSQL,other,SQLeek-W/O-M1,14,2.25,0.16071428571428573,8,2.5,0.3125
PostgreSQL,other,SQLeek-W/O-M2,4,0.642857142857143,0.160714285714286,4.0,1.25,0.3125
PostgreSQL,other,SQLeek-W/O-M3,4,2.0,0.5,4.0,2.0,0.5
PostgreSQL,storage,SQLeek-Full,6,0.0,0.0,4.0,0.0,0.0
PostgreSQL,storage,SQLeek-W/O-M1,6,0.0,0.0,4,0.0,0.0
PostgreSQL,storage,SQLeek-W/O-M2,6,0,0,4.0,0,0
PostgreSQL,storage,SQLeek-W/O-M3,6,0.0,0.0,4.0,0.0,0.0
PostgreSQL,type system,SQLeek-Full,4,3.0,0.75,6.0,6.0,1.0
PostgreSQL,type system,SQLeek-W/O-M1,4,3.25,0.8125,6,6.0,1.0
PostgreSQL,type system,SQLeek-W/O-M2,4,3,0.75,6.0,6,1
PostgreSQL,type system,SQLeek-W/O-M3,4,3.0,0.75,6.0,6.0,1.0
MySQL,catalog/metadata,SQLeek-Full,42,8.0,0.19047619047619047,4.0,3.0,0.75
MySQL,catalog/metadata,SQLeek-W/O-M1,42,8.6,0.20476190476190476,4,3.0,0.75
MySQL,catalog/metadata,SQLeek-W/O-M2,42,9.0,0.21428571428571427,4,3.0,0.75
MySQL,catalog/metadata,SQLeek-W/O-M3,42,8.0,0.19047619047619047,4.0,3.0,0.75
MySQL,cursor/prepared stmt,SQLeek-Full,290,205.0,0.7068965517241379,5.0,5.0,1.0
MySQL,cursor/prepared stmt,SQLeek-W/O-M1,290,182.6,0.6296551724137931,5,4.0,0.5
MySQL,cursor/prepared stmt,SQLeek-W/O-M2,290,194.6,0.6710344827586207,5,5.0,1.0
MySQL,cursor/prepared stmt,SQLeek-W/O-M3,290,105.5,0.36379310344827587,5.0,5.0,1.0
MySQL,executor,SQLeek-Full,202,97.0,0.4801980198019802,7.0,6.0,0.8571428571428571
MySQL,executor,SQLeek-W/O-M1,206,104.8,0.5087378640776699,9,9.0,1.0
MySQL,executor,SQLeek-W/O-M2,202,97.2,0.4811881188118812,7,7.0,1.0
MySQL,executor,SQLeek-W/O-M3,202,75.0,0.3712871287128713,7.0,6.0,0.8571428571428571
MySQL,optimizer,SQLeek-Full,46,36.0,0.782608695652174,8.0,8.0,1.0
MySQL,optimizer,SQLeek-W/O-M1,48,30.0,0.625,10,9.2,0.9
MySQL,optimizer,SQLeek-W/O-M2,46,36.2,0.7869565217391304,8,8.0,1.0
MySQL,optimizer,SQLeek-W/O-M3,46,31.75,0.6902173913043478,8.0,8.0,1.0
MySQL,other,SQLeek-Full,228,75.0,0.32894736842105265,58.0,31.0,0.5344827586206896
MySQL,other,SQLeek-W/O-M1,234,66.0,0.28205128205128205,60,30.2,0.4945454545454545
MySQL,other,SQLeek-W/O-M2,228,72.6,0.31842105263157894,58,30.0,0.5272727272727272
MySQL,other,SQLeek-W/O-M3,228,47.75,0.20942982456140352,58.0,26.0,0.4482758620689655
MySQL,parser,SQLeek-Full,18,12.0,0.6666666666666666,3.0,3.0,1.0
MySQL,parser,SQLeek-W/O-M1,18,13.6,0.7555555555555555,3,3.0,1.0
MySQL,parser,SQLeek-W/O-M2,18,12.4,0.6888888888888889,3,3.0,1.0
MySQL,parser,SQLeek-W/O-M3,18,10.0,0.5555555555555556,3.0,3.0,1.0
MySQL,storage,SQLeek-Full,26,9.0,0.34615384615384615,6.0,4.0,0.6666666666666666
MySQL,storage,SQLeek-W/O-M1,26,4.6,0.1769230769230769,6,2.0,0.4
MySQL,storage,SQLeek-W/O-M2,26,8.2,0.3153846153846154,6,4.0,0.6
MySQL,storage,SQLeek-W/O-M3,26,7.0,0.2692307692307692,6.0,4.0,0.6666666666666666
MySQL,type system,SQLeek-Full,3786,2222.0,0.5868991019545695,846.0,633.0,0.74822695035461
MySQL,type system,SQLeek-W/O-M1,4422,2005.0,0.45341474445952057,863,563.0,0.6575963718820861
MySQL,type system,SQLeek-W/O-M2,3786,1983.0,0.5237717908082409,846,599.2,0.7293103448275862
MySQL,type system,SQLeek-W/O-M3,3786,1821.0,0.4809825673534073,846.0,575.5,0.6802600472813238
MariaDB,catalog/metadata,SQLeek-Full,56,26.0,0.4642857142857143,31,14.0,0.45161290322580644
MariaDB,catalog/metadata,SQLeek-W/O-M1,56,27.0,0.48214285714285715,31,14.0,0.4516129032258064
MariaDB,catalog/metadata,SQLeek-W/O-M2,56,25,0.446428571428571,31,12.5,0.403225806451613
MariaDB,catalog/metadata,SQLeek-W/O-M3,56.0,16.0,0.2857142857142857,31.0,9.0,0.2903225806451613
MariaDB,cursor/prepared stmt,SQLeek-Full,214,157.0,0.7336448598130841,3,1.0,0.3333333333333333
MariaDB,cursor/prepared stmt,SQLeek-W/O-M1,214,154.2,0.7205607476635514,3,1.0,0.3333333333333333
MariaDB,cursor/prepared stmt,SQLeek-W/O-M2,214,157.75,0.73714953271028,3,3,1
MariaDB,cursor/prepared stmt,SQLeek-W/O-M3,214.0,144.333,0.6744532710280374,3.0,3.0,1.0
MariaDB,executor,SQLeek-Full,2,0.0,0.0,1,0.0,0.0
MariaDB,executor,SQLeek-W/O-M1,2,0.0,0.0,1,0.0,0.0
MariaDB,executor,SQLeek-W/O-M2,2,0,0,1,0,0
MariaDB,executor,SQLeek-W/O-M3,2.0,0.0,0.0,1.0,0.0,0.0
MariaDB,optimizer,SQLeek-Full,170,116.0,0.6823529411764706,32,30.5,0.953125
MariaDB,optimizer,SQLeek-W/O-M1,170,100.8,0.5929411764705882,32,28.4,0.8800000000000001
MariaDB,optimizer,SQLeek-W/O-M2,170,107.5,0.632352941176471,32,30.25,0.9453125
MariaDB,optimizer,SQLeek-W/O-M3,170.0,87.333,0.5137235294117647,32.0,28.667,0.89584375
MariaDB,other,SQLeek-Full,1594,958.5,0.6013174404015057,415,317.5,0.7650602409638554
MariaDB,other,SQLeek-W/O-M1,1594,886.6,0.5562107904642409,415,307.4,0.7412621359223301
MariaDB,other,SQLeek-W/O-M2,1594,904.25,0.56728356336261,415,314.5,0.757831325301205
MariaDB,other,SQLeek-W/O-M3,1594.0,860.667,0.5399416562107905,415.0,287.667,0.6931734939759036
MariaDB,parser,SQLeek-Full,64,53.5,0.8359375,5,5.0,1.0
MariaDB,parser,SQLeek-W/O-M1,64,51.6,0.80625,5,5.0,1.0
MariaDB,parser,SQLeek-W/O-M2,64,51.75,0.80859375,5,5,1
MariaDB,parser,SQLeek-W/O-M3,64.0,49.333,0.770828125,5.0,5.0,1.0
MariaDB,storage,SQLeek-Full,4,1.0,0.25,1,1.0,1.0
MariaDB,storage,SQLeek-W/O-M1,4,1.0,0.25,1,1.0,1.0
MariaDB,storage,SQLeek-W/O-M2,4,1,0.25,1,1,1
MariaDB,storage,SQLeek-W/O-M3,4.0,1.0,0.25,1.0,1.0,1.0
MariaDB,type system,SQLeek-Full,2206,1056.5,0.47892112420670896,996,677.0,0.679718875502008
MariaDB,type system,SQLeek-W/O-M1,2206,975.0,0.44197642792384406,996,630.8,0.6371944739638683
MariaDB,type system,SQLeek-W/O-M2,2206,939.25,0.425770625566636,996,618.25,0.620732931726908
MariaDB,type system,SQLeek-W/O-M3,2206.0,947.333,0.4294347234814143,996.0,656.333,0.658968875502008
MonetDB,catalog/metadata,SQLeek-Full,2148.0,1411.6,0.657169459962756,271.0,232.0,0.856088560885609
MonetDB,catalog/metadata,SQLeek-W/O-M1,2148,629.600000000000023,0.293109869646183,271,152.400000000000006,0.574615384615385
MonetDB,catalog/metadata,SQLeek-W/O-M2,2148,1360,0.633147113594041,271,233,0.859778597785978
MonetDB,cursor/prepared stmt,SQLeek-Full,216.0,126.6,0.5861111111111111,5.0,3.0,0.6
MonetDB,cursor/prepared stmt,SQLeek-W/O-M1,216,18.600000000000001,0.086111111111111,5,1,0.25
MonetDB,cursor/prepared stmt,SQLeek-W/O-M2,216,118,0.546296296296296,5,3,0.6
MonetDB,executor,SQLeek-Full,5128.0,484.6,0.0945007800312012,91.0,57.0,0.626373626373626
MonetDB,executor,SQLeek-W/O-M1,5128,109.200000000000003,0.021294851794072,91,33.399999999999999,0.367032967032967
MonetDB,executor,SQLeek-W/O-M2,5128,404,0.078783151326053,91,63,0.692307692307692
MonetDB,optimizer,SQLeek-Full,9324.0,5741.4,0.6157657657657657,1276.0,1148.2,0.899843260188088
MonetDB,optimizer,SQLeek-W/O-M1,9324,2751.800000000000182,0.295130845130845,1276,746.399999999999977,0.585220125786164
MonetDB,optimizer,SQLeek-W/O-M2,9324,4757,0.51018876018876,1276,1109,0.869122257053291
MonetDB,other,SQLeek-Full,102594.0,28959.6,0.2822738171822913,5999.0,4932.4,0.822203700616769
MonetDB,other,SQLeek-W/O-M1,102594,7133,0.069526483030197,5999,2834.400000000000091,0.474978881567832
MonetDB,other,SQLeek-W/O-M2,102594,17902,0.174493635105367,5999,4635,0.77262877146191
MonetDB,parser,SQLeek-Full,148.0,23.0,0.1554054054054054,4.0,3.0,0.75
MonetDB,parser,SQLeek-W/O-M1,148,18.800000000000001,0.127027027027027,4,2.8,0.7
MonetDB,parser,SQLeek-W/O-M2,148,21,0.141891891891892,4,3,0.75
MonetDB,storage,SQLeek-Full,696.0,154.0,0.2212643678160919,219.0,127.0,0.579908675799087
MonetDB,storage,SQLeek-W/O-M1,696,83,0.119252873563218,219,83.400000000000006,0.38256880733945
MonetDB,storage,SQLeek-W/O-M2,696,154,0.221264367816092,219,127,0.579908675799087
MonetDB,type system,SQLeek-Full,3550.0,1460.6,0.4114366197183098,166.0,151.0,0.909638554216867
MonetDB,type system,SQLeek-W/O-M1,3550,386.600000000000023,0.108901408450704,166,78.200000000000003,0.501282051282051
MonetDB,type system,SQLeek-W/O-M2,3550,968,0.272676056338028,166,148,0.891566265060241
