run_id,tool,dbms,repeat_id,elapsed_min,risk_branches_hit,target_region_branch_coverage,risk_targets_hit,target_function_hit_rate,global_branches_hit,global_branch_coverage,risk_branches_total,global_branches_total,risk_targets_total
postgresql_sqleek_full_r1,SQLeek-Full,PostgreSQL,1,0,1200.0,0.375,2738.478260869565,0.5652173913043478,37868.0,0.22194350017582934,,,
postgresql_sqleek_full_r1,SQLeek-Full,PostgreSQL,1,60,1200.0,0.375,2949.1304347826085,0.608695652173913,80415.0,0.4713105145938343,,,
postgresql_sqleek_full_r1,SQLeek-Full,PostgreSQL,1,180,1200.0,0.375,3159.782608695652,0.6521739130434783,81774.0,0.4792755831672723,,,
postgresql_sqleek_full_r1,SQLeek-Full,PostgreSQL,1,300,1200.0,0.375,3159.782608695652,0.6521739130434783,82473.0,0.4833724065174071,,,
postgresql_sqleek_full_r1,SQLeek-Full,PostgreSQL,1,480,1400.0,0.4375,3370.4347826086955,0.6956521739130435,83013.0,0.4865373344273825,,,
postgresql_sqleek_full_r1,SQLeek-Full,PostgreSQL,1,600,1400.0,0.4375,3370.4347826086955,0.6956521739130435,83163.0,0.48741648106904234,,,
postgresql_sqleek_full_r1,SQLeek-Full,PostgreSQL,1,720,1400.0,0.4375,3370.4347826086955,0.6956521739130435,83217.0,0.48773297386003983,,,
postgresql_sqleek_full_r1,SQLeek-Full,PostgreSQL,1,900,1400.0,0.4375,3370.4347826086955,0.6956521739130435,83385.0,0.48871761809869885,,,
postgresql_sqleek_full_r1,SQLeek-Full,PostgreSQL,1,1200,1400.0,0.4375,3370.4347826086955,0.6956521739130435,83521.0,0.4895147110538038,,,
postgresql_sqleek_full_r1,SQLeek-Full,PostgreSQL,1,1440,1400.0,0.4375,3370.4347826086955,0.6956521739130435,83577.0,0.4898429258000234,,,
mysql_sqleek_full_r1,SQLeek-Full,MySQL,1,0,0.0,0.0,0.0,0.0,0.0,0.0,,,
mysql_sqleek_full_r1,SQLeek-Full,MySQL,1,60,2062.0,0.44806605823554974,857.0,0.5930795847750865,104887.0,0.3208102916707448,,,
mysql_sqleek_full_r1,SQLeek-Full,MySQL,1,180,2246.0,0.48804867448935246,890.0,0.615916955017301,112511.0,0.34412926984437703,,,
mysql_sqleek_full_r1,SQLeek-Full,MySQL,1,300,2313.0,0.5026075619295959,902.0,0.6242214532871972,116614.0,0.3566788196143682,,,
mysql_sqleek_full_r1,SQLeek-Full,MySQL,1,480,2442.0,0.530638852672751,936.0,0.6477508650519032,121363.0,0.37120424292845255,,,
mysql_sqleek_full_r1,SQLeek-Full,MySQL,1,600,2479.0,0.5386788352890047,938.0,0.6491349480968858,122495.0,0.3746666095722815,,,
mysql_sqleek_full_r1,SQLeek-Full,MySQL,1,720,2495.0,0.5421555845284659,939.0,0.6498269896193771,122732.0,0.37539150435548596,,,
mysql_sqleek_full_r1,SQLeek-Full,MySQL,1,900,2527.0,0.5491090830073881,939.0,0.6498269896193771,123488.0,0.3777038269550749,,,
mysql_sqleek_full_r1,SQLeek-Full,MySQL,1,1200,2609.0,0.5669274228596263,947.0,0.655363321799308,125089.0,0.38260069002642655,,,
mysql_sqleek_full_r1,SQLeek-Full,MySQL,1,1440,2649.0,0.575619295958279,949.0,0.6567474048442906,125974.0,0.38530757560927864,,,
mariadb_sqleek_full_r1,SQLeek-Full,MariaDB,1,0,1054,0.24811676082862524,1011,0.3324564288063137,50710,0.1718913128957466,,,
mariadb_sqleek_full_r1,SQLeek-Full,MariaDB,1,60,1911,0.4498587570621469,1779,0.5850049325879645,91415,0.3098687511016501,,,
mariadb_sqleek_full_r1,SQLeek-Full,MariaDB,1,180,2054,0.4835216572504708,1864,0.6129562643867149,98038,0.33231868534161324,,,
mariadb_sqleek_full_r1,SQLeek-Full,MariaDB,1,300,2144,0.504708097928437,1961,0.6448536665570536,100928,0.3421148970211381,,,
mariadb_sqleek_full_r1,SQLeek-Full,MariaDB,1,480,2192,0.5160075329566854,2000,0.6576783952647156,104417,0.3539415345816441,,,
mariadb_sqleek_full_r1,SQLeek-Full,MariaDB,1,600,2205,0.5190677966101694,2011,0.6612956264386715,105273,0.3568431114666522,,,
mariadb_sqleek_full_r1,SQLeek-Full,MariaDB,1,720,2227,0.52424670433145,2035,0.669187767181848,106576,0.3612598809539951,,,
mariadb_sqleek_full_r1,SQLeek-Full,MariaDB,1,900,2237,0.5266007532956686,2044,0.6721473199605393,107765,0.36529022548235324,,,
mariadb_sqleek_full_r1,SQLeek-Full,MariaDB,1,1200,2321,0.5463747645951036,2098,0.6899046366326866,110659,0.37509999593236887,,,
mariadb_sqleek_full_r1,SQLeek-Full,MariaDB,1,1440,2332,0.5489642184557438,2102,0.691219993423216,111171,0.37683551855517744,,,
mariadb_sqleek_full_r2,SQLeek-Full,MariaDB,2,0,1054,0.24811676082862524,1011,0.3324564288063137,50686,0.17180996027280246,,,
mariadb_sqleek_full_r2,SQLeek-Full,MariaDB,2,60,1956,0.4604519774011299,1816,0.5971719829003618,93046,0.31539733976922973,,,
mariadb_sqleek_full_r2,SQLeek-Full,MariaDB,2,180,2064,0.4858757062146893,1922,0.6320289378493916,99732,0.3380608246444212,,,
mariadb_sqleek_full_r2,SQLeek-Full,MariaDB,2,300,2132,0.5018832391713748,1975,0.6494574153239067,102781,0.3483959974509511,,,
mariadb_sqleek_full_r2,SQLeek-Full,MariaDB,2,480,2190,0.5155367231638418,2025,0.6658993752055244,104929,0.3556770572044527,,,
mariadb_sqleek_full_r2,SQLeek-Full,MariaDB,2,600,2233,0.5256591337099812,2046,0.672804998355804,105849,0.35879557441731186,,,
mariadb_sqleek_full_r2,SQLeek-Full,MariaDB,2,720,2256,0.5310734463276836,2058,0.6767510687273923,106910,0.36239203828996785,,,
mariadb_sqleek_full_r2,SQLeek-Full,MariaDB,2,900,2287,0.5383709981167608,2084,0.6853008878658337,109139,0.36994766314590594,,,
mariadb_sqleek_full_r2,SQLeek-Full,MariaDB,2,1200,2325,0.547316384180791,2092,0.6879316014468925,111712,0.3786693422640435,,,
mariadb_sqleek_full_r2,SQLeek-Full,MariaDB,2,1440,2328,0.5480225988700564,2094,0.6885892798421572,112661,0.38188616056296015,,,
monetdb_sqleek_full_r1,SQLeek-Full,MonetDB,1,60,29077.0,0.2422235550890521,8525.0,0.833089025701163,82365.0,0.2728492397389604,,,
monetdb_sqleek_full_r1,SQLeek-Full,MonetDB,1,180,31824.0,0.2651072124756335,8578.0,0.838268347503176,87553.0,0.2900354457216683,,,
monetdb_sqleek_full_r1,SQLeek-Full,MonetDB,1,300,32919.0,0.2742290198430549,8584.0,0.838854685820385,89942.0,0.2979494484380693,,,
monetdb_sqleek_full_r1,SQLeek-Full,MonetDB,1,480,34042.0,0.2835840789057163,8584.0,0.838854685820385,91904.0,0.3044489349720078,,,
monetdb_sqleek_full_r1,SQLeek-Full,MonetDB,1,600,34498.0,0.2873827493710534,8584.0,0.838854685820385,92834.0,0.3075297313413058,,,
monetdb_sqleek_full_r1,SQLeek-Full,MonetDB,1,720,35372.0,0.2946635344296163,8587.0,0.83914785497899,94208.0,0.3120813595256236,,,
monetdb_sqleek_full_r1,SQLeek-Full,MonetDB,1,900,35909.0,0.299136968727612,8590.0,0.839441024137594,95119.0,0.3150992148938284,,,
monetdb_sqleek_full_r1,SQLeek-Full,MonetDB,1,1200,36564.0,0.3045933923126905,8590.0,0.839441024137594,96429.0,0.3194388312849902,,,
monetdb_sqleek_full_r1,SQLeek-Full,MonetDB,1,1440,37043.0,0.308583662384832,8593.0,0.839734193296199,97161.0,0.3218637161692119,,,
monetdb_sqleek_full_r2,SQLeek-Full,MonetDB,2,60,28641.0,0.2385914929774578,8524.0,0.832991302648295,81694.0,0.2706264285950906,,,
monetdb_sqleek_full_r2,SQLeek-Full,MonetDB,2,180,31235.0,0.2602005964579064,8569.0,0.837388840027362,86507.0,0.2865703779772749,,,
monetdb_sqleek_full_r2,SQLeek-Full,MonetDB,2,300,32774.0,0.2730211092784192,8594.0,0.839831916349067,89197.0,0.2954814986583629,,,
monetdb_sqleek_full_r2,SQLeek-Full,MonetDB,2,480,33845.0,0.2819429866213492,8595.0,0.839929639401935,91303.0,0.3024580117269023,,,
monetdb_sqleek_full_r2,SQLeek-Full,MonetDB,2,600,34636.0,0.2885323470118792,8601.0,0.840515977719144,92787.0,0.3073740351807069,,,
monetdb_sqleek_full_r2,SQLeek-Full,MonetDB,2,720,34934.0,0.2910148114826477,8601.0,0.840515977719144,93523.0,0.3098121708020008,,,
monetdb_sqleek_full_r2,SQLeek-Full,MonetDB,2,900,35607.0,0.2966211825860949,8602.0,0.840613700772012,94550.0,0.3132142975453009,,,
monetdb_sqleek_full_r2,SQLeek-Full,MonetDB,2,1200,36344.0,0.3027607004215191,8603.0,0.84071142382488,95891.0,0.3176566071487726,,,
monetdb_sqleek_full_r2,SQLeek-Full,MonetDB,2,1440,36832.0,0.3068259442528448,8603.0,0.84071142382488,96791.0,0.3206380229900288,,,
monetdb_sqleek_full_r3,SQLeek-Full,MonetDB,3,60,28808.0,0.2399826727312107,8525.0,0.833089025701163,81891.0,0.2712790273958989,,,
monetdb_sqleek_full_r3,SQLeek-Full,MonetDB,3,180,31298.0,0.2607254127721964,8555.0,0.836020717287208,86629.0,0.2869745254579786,,,
monetdb_sqleek_full_r3,SQLeek-Full,MonetDB,3,300,33064.0,0.2754369304076906,8579.0,0.838366070556044,89394.0,0.2961340974591712,,,
monetdb_sqleek_full_r3,SQLeek-Full,MonetDB,3,480,34729.0,0.2893070758567834,8586.0,0.839050131926121,92336.0,0.3058800145758107,,,
monetdb_sqleek_full_r3,SQLeek-Full,MonetDB,3,600,35017.0,0.2917062361506806,8586.0,0.839050131926121,93143.0,0.3085533507801371,,,
monetdb_sqleek_full_r3,SQLeek-Full,MonetDB,3,720,35639.0,0.2968877559520834,8599.0,0.840320531613408,94146.0,0.3118759731010037,,,
monetdb_sqleek_full_r3,SQLeek-Full,MonetDB,3,900,36091.0,0.300653104746672,8606.0,0.841004592983485,95209.0,0.3153973564779541,,,
monetdb_sqleek_full_r3,SQLeek-Full,MonetDB,3,1200,36934.0,0.3076756468569334,8616.0,0.841981823512167,96913.0,0.3210421704707324,,,
monetdb_sqleek_full_r3,SQLeek-Full,MonetDB,3,1440,37172.0,0.3096582862664734,8617.0,0.842079546565035,97445.0,0.3228045185013416,,,
monetdb_sqleek_full_r4,SQLeek-Full,MonetDB,4,60,28810.0,0.239999333566585,8510.0,0.83162317990814,81769.0,0.2708748799151952,,,
monetdb_sqleek_full_r4,SQLeek-Full,MonetDB,4,180,30986.0,0.2581263224538078,8541.0,0.834652594547054,85496.0,0.2832212541822639,,,
monetdb_sqleek_full_r4,SQLeek-Full,MonetDB,4,300,32298.0,0.2690558304593392,8550.0,0.835532102022867,88046.0,0.291668599065823,,,
monetdb_sqleek_full_r4,SQLeek-Full,MonetDB,4,480,33347.0,0.277794438613152,8562.0,0.836704778657285,90034.0,0.2982542153907311,,,
monetdb_sqleek_full_r4,SQLeek-Full,MonetDB,4,600,33901.0,0.2824094900118292,8564.0,0.836900224763022,90942.0,0.3012621327061318,,,
monetdb_sqleek_full_r4,SQLeek-Full,MonetDB,4,720,34527.0,0.2876243314839806,8564.0,0.836900224763022,92075.0,0.3050154039818465,,,
monetdb_sqleek_full_r4,SQLeek-Full,MonetDB,4,900,34905.0,0.2907732293697206,8564.0,0.836900224763022,92948.0,0.307907377347865,,,
monetdb_sqleek_full_r4,SQLeek-Full,MonetDB,4,1200,35867.0,0.298787091184752,8574.0,0.837877455291703,94730.0,0.3138105807135521,,,
monetdb_sqleek_full_r4,SQLeek-Full,MonetDB,4,1440,36122.0,0.3009113476949734,8575.0,0.837975178344571,95289.0,0.315662371219399,,,
monetdb_sqleek_full_r5,SQLeek-Full,MonetDB,5,60,28714.0,0.2391996134686193,8523.0,0.832893579595427,81660.0,0.2705137973299765,,,
monetdb_sqleek_full_r5,SQLeek-Full,MonetDB,5,180,30906.0,0.2574598890388364,8558.0,0.836313886445813,85344.0,0.2827177261735184,,,
monetdb_sqleek_full_r5,SQLeek-Full,MonetDB,5,300,32579.0,0.2713966778294264,8581.0,0.83856151666178,88697.0,0.2938251565243316,,,
monetdb_sqleek_full_r5,SQLeek-Full,MonetDB,5,480,34023.0,0.2834258009696606,8582.0,0.838659239714649,91681.0,0.3037102063802299,,,
monetdb_sqleek_full_r5,SQLeek-Full,MonetDB,5,600,34661.0,0.2887406074540578,8582.0,0.838659239714649,92770.0,0.3073177195481498,,,
monetdb_sqleek_full_r5,SQLeek-Full,MonetDB,5,720,34913.0,0.2908398727112177,8582.0,0.838659239714649,93438.0,0.3095305926392155,,,
monetdb_sqleek_full_r5,SQLeek-Full,MonetDB,5,900,35942.0,0.2994118725112877,8585.0,0.838952408873253,95190.0,0.3153344154768609,,,
monetdb_sqleek_full_r5,SQLeek-Full,MonetDB,5,1200,36609.0,0.3049682611086119,8585.0,0.838952408873253,96315.0,0.3190611852784311,,,
monetdb_sqleek_full_r5,SQLeek-Full,MonetDB,5,1440,37087.0,0.3089502007630663,8596.0,0.840027362454803,97093.0,0.3216384536389837,,,
postgresql_sqleek_wo_m1_r1,SQLeek-W/O-M1,PostgreSQL,1,60,300,0.09375,2317.173913043478478,0.4883720930232558,34902.311774088833772,0.20456166788236332,3200,170620,4845
postgresql_sqleek_wo_m1_r1,SQLeek-W/O-M1,PostgreSQL,1,180,400,0.125,2738.47826086956502,0.5813953488372093,41799.896438676783873,0.24498825717194225,3200,170620,4845
postgresql_sqleek_wo_m1_r1,SQLeek-W/O-M1,PostgreSQL,1,300,600,0.1875,2738.47826086956502,0.5813953488372093,44282.124289619016054,0.25953653903187796,3200,170620,4845
postgresql_sqleek_wo_m1_r1,SQLeek-W/O-M1,PostgreSQL,1,480,600,0.1875,2738.47826086956502,0.5813953488372093,47161.645358577072329,0.2764133475476326,3200,170620,4845
postgresql_sqleek_wo_m1_r1,SQLeek-W/O-M1,PostgreSQL,1,600,600,0.1875,2738.47826086956502,0.5813953488372093,48786.376315557441558,0.2859358593104996,3200,170620,4845
postgresql_sqleek_wo_m1_r1,SQLeek-W/O-M1,PostgreSQL,1,720,600,0.1875,2738.47826086956502,0.5813953488372093,49768.32650672908494,0.2916910473961381,3200,170620,4845
postgresql_sqleek_wo_m1_r1,SQLeek-W/O-M1,PostgreSQL,1,900,600,0.1875,2738.47826086956502,0.5813953488372093,50809.084299878966704,0.29779090552033155,3200,170620,4845
postgresql_sqleek_wo_m1_r1,SQLeek-W/O-M1,PostgreSQL,1,1200,600,0.1875,2738.47826086956502,0.5813953488372093,51555.804083137620182,0.3021674134517502,3200,170620,4845
postgresql_sqleek_wo_m1_r1,SQLeek-W/O-M1,PostgreSQL,1,1440,600,0.1875,2738.47826086956502,0.5813953488372093,52110.373445978984819,0.3054177320711463,3200,170620,4845
postgresql_sqleek_wo_m1_r2,SQLeek-W/O-M1,PostgreSQL,2,60,500,0.15625,2317.173913043478478,0.4883720930232558,40497.239673926116666,0.2373534150388355,3200,170620,4845
postgresql_sqleek_wo_m1_r2,SQLeek-W/O-M1,PostgreSQL,2,180,700,0.21875,2738.47826086956502,0.5813953488372093,46886.070200469708652,0.2747982077157995,3200,170620,4845
postgresql_sqleek_wo_m1_r2,SQLeek-W/O-M1,PostgreSQL,2,300,700,0.21875,2738.47826086956502,0.5813953488372093,49092.039083979259885,0.2877273419527562,3200,170620,4845
postgresql_sqleek_wo_m1_r2,SQLeek-W/O-M1,PostgreSQL,2,480,800,0.25,2949.130434782608972,0.627906976744186,51045.682326442598423,0.2991776012568433,3200,170620,4845
postgresql_sqleek_wo_m1_r2,SQLeek-W/O-M1,PostgreSQL,2,600,800,0.25,2949.130434782608972,0.627906976744186,51778.042113869363675,0.30346994557419626,3200,170620,4845
postgresql_sqleek_wo_m1_r2,SQLeek-W/O-M1,PostgreSQL,2,720,800,0.25,2949.130434782608972,0.627906976744186,52632.803770529913891,0.308479684506681,3200,170620,4845
postgresql_sqleek_wo_m1_r2,SQLeek-W/O-M1,PostgreSQL,2,900,800,0.25,2949.130434782608972,0.627906976744186,53668.774898402494728,0.3145514880928525,3200,170620,4845
postgresql_sqleek_wo_m1_r2,SQLeek-W/O-M1,PostgreSQL,2,1200,800,0.25,2949.130434782608972,0.627906976744186,54706.113644925739209,0.320631307261316,3200,170620,4845
postgresql_sqleek_wo_m1_r2,SQLeek-W/O-M1,PostgreSQL,2,1440,800,0.25,2949.130434782608972,0.627906976744186,55376.930593072931515,0.32456295037553,3200,170620,4845
postgresql_sqleek_wo_m1_r4,SQLeek-W/O-M1,PostgreSQL,4,60,400,0.125,2738.47826086956502,0.5813953488372093,34265.001482882726123,0.2008264065343027,3200,170620,4845
postgresql_sqleek_wo_m1_r4,SQLeek-W/O-M1,PostgreSQL,4,180,600,0.1875,2738.47826086956502,0.5813953488372093,41436.793686927383533,0.24286012007342273,3200,170620,4845
postgresql_sqleek_wo_m1_r4,SQLeek-W/O-M1,PostgreSQL,4,300,600,0.1875,2738.47826086956502,0.5813953488372093,43839.015846806192712,0.2569394903692779,3200,170620,4845
postgresql_sqleek_wo_m1_r4,SQLeek-W/O-M1,PostgreSQL,4,480,600,0.1875,2738.47826086956502,0.5813953488372093,46174.908502128142572,0.2706301049239722,3200,170620,4845
postgresql_sqleek_wo_m1_r4,SQLeek-W/O-M1,PostgreSQL,4,600,600,0.1875,2738.47826086956502,0.5813953488372093,47625.26808114976302,0.27913062994461235,3200,170620,4845
postgresql_sqleek_wo_m1_r4,SQLeek-W/O-M1,PostgreSQL,4,720,600,0.1875,2738.47826086956502,0.5813953488372093,48337.797398141985468,0.2833067483187316,3200,170620,4845
postgresql_sqleek_wo_m1_r4,SQLeek-W/O-M1,PostgreSQL,4,900,600,0.1875,2738.47826086956502,0.5813953488372093,49520.787530960180447,0.2902402270012905,3200,170620,4845
postgresql_sqleek_wo_m1_r4,SQLeek-W/O-M1,PostgreSQL,4,1200,600,0.1875,2738.47826086956502,0.5813953488372093,50681.895765367873537,0.2970454563671778,3200,170620,4845
postgresql_sqleek_wo_m1_r4,SQLeek-W/O-M1,PostgreSQL,4,1440,600,0.1875,2738.47826086956502,0.5813953488372093,51367.072709346968622,0.30106126309545755,3200,170620,4845
postgresql_sqleek_wo_m1_r5,SQLeek-W/O-M1,PostgreSQL,5,60,300,0.09375,1685.217391304347757,0.3488372093023256,29117.284881810239312,0.17065575478730652,3200,170620,4845
postgresql_sqleek_wo_m1_r5,SQLeek-W/O-M1,PostgreSQL,5,180,300,0.09375,1685.217391304347757,0.3488372093023256,33538.11217005859362,0.19656612454611766,3200,170620,4845
postgresql_sqleek_wo_m1_r5,SQLeek-W/O-M1,PostgreSQL,5,300,600,0.1875,2738.47826086956502,0.5813953488372093,37027.591157209615631,0.2170178827640934,3200,170620,4845
postgresql_sqleek_wo_m1_r5,SQLeek-W/O-M1,PostgreSQL,5,480,600,0.1875,2738.47826086956502,0.5813953488372093,38913.537276465445757,0.22807137074472775,3200,170620,4845
postgresql_sqleek_wo_m1_r5,SQLeek-W/O-M1,PostgreSQL,5,600,600,0.1875,2738.47826086956502,0.5813953488372093,40241.49498625328124,0.23585450115023607,3200,170620,4845
postgresql_sqleek_wo_m1_r5,SQLeek-W/O-M1,PostgreSQL,5,720,600,0.1875,2738.47826086956502,0.5813953488372093,40539.635852096478629,0.23760189808988674,3200,170620,4845
postgresql_sqleek_wo_m1_r5,SQLeek-W/O-M1,PostgreSQL,5,900,600,0.1875,2738.47826086956502,0.5813953488372093,41709.633607733434474,0.24445922874067186,3200,170620,4845
postgresql_sqleek_wo_m1_r5,SQLeek-W/O-M1,PostgreSQL,5,1200,600,0.1875,2738.47826086956502,0.5813953488372093,43538.823552987014409,0.25518007005618926,3200,170620,4845
postgresql_sqleek_wo_m1_r5,SQLeek-W/O-M1,PostgreSQL,5,1440,600,0.1875,2738.47826086956502,0.5813953488372093,44370.335692586384539,0.2600535440897104,3200,170620,4845
mysql_sqleek_wo_m1_r1,SQLeek-W/O-M1,MySQL,1,60,1714.35022865853648,0.3725228658536585,749,0.5395590142671854,85584.252611363830511,0.26177037233093076,4602,326944,
mysql_sqleek_wo_m1_r1,SQLeek-W/O-M1,MySQL,1,180,1714.35022865853648,0.3725228658536585,749,0.5395590142671854,85589.283664588248939,0.26178576045007174,4602,326944,
mysql_sqleek_wo_m1_r1,SQLeek-W/O-M1,MySQL,1,300,1714.35022865853648,0.3725228658536585,749,0.5395590142671854,85608.401666841076803,0.2618442353028074,4602,326944,
mysql_sqleek_wo_m1_r1,SQLeek-W/O-M1,MySQL,1,480,1714.35022865853648,0.3725228658536585,749,0.5395590142671854,85607.395456196172745,0.2618411576789792,4602,326944,
mysql_sqleek_wo_m1_r1,SQLeek-W/O-M1,MySQL,1,600,1714.35022865853648,0.3725228658536585,749,0.5395590142671854,85613.432720065495232,0.2618596234219484,4602,326944,
mysql_sqleek_wo_m1_r1,SQLeek-W/O-M1,MySQL,1,720,1714.35022865853648,0.3725228658536585,749,0.5395590142671854,85613.432720065495232,0.2618596234219484,4602,326944,
mysql_sqleek_wo_m1_r1,SQLeek-W/O-M1,MySQL,1,900,1714.35022865853648,0.3725228658536585,749,0.5395590142671854,85613.432720065495232,0.2618596234219484,4602,326944,
mysql_sqleek_wo_m1_r1,SQLeek-W/O-M1,MySQL,1,1200,1714.35022865853648,0.3725228658536585,749,0.5395590142671854,85614.438930710384739,0.2618627010457766,4602,326944,
mysql_sqleek_wo_m1_r1,SQLeek-W/O-M1,MySQL,1,1440,1714.35022865853648,0.3725228658536585,749,0.5395590142671854,85621.48240522458218,0.26188424441257396,4602,326944,
mysql_sqleek_wo_m1_r2,SQLeek-W/O-M1,MySQL,2,60,1744.165015243902644,0.3790015243902439,741,0.5278858625162127,90054.846506589194178,0.2754442549995999,4602,326944,
mysql_sqleek_wo_m1_r2,SQLeek-W/O-M1,MySQL,2,180,1938.838033536585499,0.4213033536585366,785,0.5538261997405967,96835.700042471202323,0.2961843619778042,4602,326944,
mysql_sqleek_wo_m1_r2,SQLeek-W/O-M1,MySQL,2,300,1994.959984756097356,0.4334984756097561,821,0.5849546044098574,99092.630518948921235,0.30308747222444493,4602,326944,
mysql_sqleek_wo_m1_r2,SQLeek-W/O-M1,MySQL,2,480,2054.589557926829457,0.44645579268292684,850,0.6005188067444877,102019.697284920257516,0.3120402799406634,4602,326944,
mysql_sqleek_wo_m1_r2,SQLeek-W/O-M1,MySQL,2,600,2065.112423780487916,0.4487423780487805,861,0.6095979247730221,103073.199830115161603,0.3152625520887833,4602,326944,
mysql_sqleek_wo_m1_r2,SQLeek-W/O-M1,MySQL,2,720,2135.264862804878248,0.4639862804878049,894,0.642023346303502,104672.068544837908121,0.32015289635178473,4602,326944,
mysql_sqleek_wo_m1_r2,SQLeek-W/O-M1,MySQL,2,900,2152.802972560975377,0.46779725609756095,903,0.6459143968871596,105304.975040470759268,0.3220887217397192,4602,326944,
mysql_sqleek_wo_m1_r2,SQLeek-W/O-M1,MySQL,2,1200,2176.479420731707251,0.4729420731707317,916,0.6549935149156939,108104.253054541652091,0.33065067122975694,4602,326944,
mysql_sqleek_wo_m1_r2,SQLeek-W/O-M1,MySQL,2,1440,2194.017530487804834,0.4767530487804878,922,0.6575875486381323,109093.358118463904248,0.33367597545287236,4602,326944,
mysql_sqleek_wo_m1_r3,SQLeek-W/O-M1,MySQL,3,60,1719.611661585365709,0.37366615853658536,729,0.5330739299610895,87561.456528563430766,0.26781790315333337,4602,326944,
mysql_sqleek_wo_m1_r3,SQLeek-W/O-M1,MySQL,3,180,1860.793445121951208,0.40434451219512196,780,0.5499351491569391,95988.470679477788508,0.2935930027144642,4602,326944,
mysql_sqleek_wo_m1_r3,SQLeek-W/O-M1,MySQL,3,300,1918.669207317073187,0.4169207317073171,814,0.5732814526588845,98353.065694958233507,0.3008254187107218,4602,326944,
mysql_sqleek_wo_m1_r3,SQLeek-W/O-M1,MySQL,3,480,1994.083079268292522,0.4333079268292683,834,0.582360570687419,101948.256329133393592,0.3118217686488616,4602,326944,
mysql_sqleek_wo_m1_r3,SQLeek-W/O-M1,MySQL,3,600,2030.036204268292522,0.4411204268292683,838,0.5862516212710766,102733.100632143949042,0.3142223152348535,4602,326944,
mysql_sqleek_wo_m1_r3,SQLeek-W/O-M1,MySQL,3,720,2059.850990853658459,0.44759908536585363,848,0.5862516212710766,103384.118919384723995,0.3162135378516955,4602,326944,
mysql_sqleek_wo_m1_r3,SQLeek-W/O-M1,MySQL,3,900,2079.142911585365709,0.45179115853658536,857,0.5914396887159533,104898.465939937101211,0.32084536171312855,4602,326944,
mysql_sqleek_wo_m1_r3,SQLeek-W/O-M1,MySQL,3,1200,2136.141768292683082,0.4641768292682927,874,0.603112840466926,106418.850224358786363,0.3254956513175308,4602,326944,
mysql_sqleek_wo_m1_r3,SQLeek-W/O-M1,MySQL,3,1440,2151.926067073170543,0.46760670731707316,878,0.6044098573281452,107359.657177326531382,0.32837322959689286,4602,326944,
mysql_sqleek_wo_m1_r4,SQLeek-W/O-M1,MySQL,4,60,1692.427591463414501,0.3677591463414634,729,0.5291828793774319,90994.647248912064242,0.2783187556551338,4602,326944,
mysql_sqleek_wo_m1_r4,SQLeek-W/O-M1,MySQL,4,180,1905.515625,0.4140625,805,0.5849546044098574,98585.500353926734533,0.3015363498150348,4602,326944,
mysql_sqleek_wo_m1_r4,SQLeek-W/O-M1,MySQL,4,300,1981.806402439024396,0.43064024390243905,834,0.6005188067444877,101930.144537525455235,0.31176637141995406,4602,326944,
mysql_sqleek_wo_m1_r4,SQLeek-W/O-M1,MySQL,4,480,2073.881478658536253,0.4506478658536585,864,0.6238651102464332,104066.329736616957234,0.3183001668072115,4602,326944,
mysql_sqleek_wo_m1_r4,SQLeek-W/O-M1,MySQL,4,600,2133.511051829268581,0.4636051829268293,878,0.62905317769131,106381.620430498020141,0.32538177923588757,4602,326944,
mysql_sqleek_wo_m1_r4,SQLeek-W/O-M1,MySQL,4,720,2179.987042682926585,0.4737042682926829,891,0.6381322957198443,107408.961498925913475,0.32852403316447437,4602,326944,
mysql_sqleek_wo_m1_r4,SQLeek-W/O-M1,MySQL,4,900,2217.693978658536253,0.4818978658536585,899,0.6433203631647212,109185.929497793331393,0.33395911684506624,4602,326944,
mysql_sqleek_wo_m1_r4,SQLeek-W/O-M1,MySQL,4,1200,2246.631859756097583,0.4881859756097561,903,0.6433203631647212,110449.730067769269226,0.3378246123732788,4602,326944,
mysql_sqleek_wo_m1_r4,SQLeek-W/O-M1,MySQL,4,1440,2253.647103658536253,0.4897103658536585,905,0.6459143968871596,110956.86023279147048,0.339375734782689,4602,326944,
mysql_sqleek_wo_m1_r5,SQLeek-W/O-M1,MySQL,5,60,1691.550685975609667,0.3675685975609756,718,0.5278858625162127,88596.847282150396495,0.27098477807254573,4602,326944,
mysql_sqleek_wo_m1_r5,SQLeek-W/O-M1,MySQL,5,180,1859.916539634146375,0.40415396341463417,786,0.569390402075227,94586.819251152570359,0.289305872721789,4602,326944,
mysql_sqleek_wo_m1_r5,SQLeek-W/O-M1,MySQL,5,300,1972.160442073170771,0.42854420731707316,824,0.5979247730220493,98735.425740014645271,0.3019949157654358,4602,326944,
mysql_sqleek_wo_m1_r5,SQLeek-W/O-M1,MySQL,5,480,2001.098323170731646,0.4348323170731707,839,0.6057068741893644,101228.815718040408683,0.30962126761170233,4602,326944,
mysql_sqleek_wo_m1_r5,SQLeek-W/O-M1,MySQL,5,600,2080.896722560975377,0.45217225609756095,869,0.62905317769131,104017.025415017575142,0.31814936323962995,4602,326944,
mysql_sqleek_wo_m1_r5,SQLeek-W/O-M1,MySQL,5,720,2107.203887195121752,0.4578887195121951,875,0.62905317769131,104601.633799695919151,0.31993746268381107,4602,326944,
mysql_sqleek_wo_m1_r5,SQLeek-W/O-M1,MySQL,5,900,2149.295350609756042,0.46703506097560976,894,0.6381322957198443,105578.664335879555438,0.3229258354209882,4602,326944,
mysql_sqleek_wo_m1_r5,SQLeek-W/O-M1,MySQL,5,1200,2181.740853658536253,0.4740853658536585,900,0.6446173800259404,107205.70694865907717,0.32790235315117905,4602,326944,
mysql_sqleek_wo_m1_r5,SQLeek-W/O-M1,MySQL,5,1440,2200.155868902439124,0.47808689024390244,904,0.6446173800259404,108436.302567353792256,0.3316662870930612,4602,326944,
mariadb_sqleek_wo_m1_r1,SQLeek-W/O-M1,MariaDB,1,0,154,0.036252354048964215,200,0.06901359358661555,23464,0.0795357476983987,,,
mariadb_sqleek_wo_m1_r1,SQLeek-W/O-M1,MariaDB,1,60,1636,0.3851224105461394,1625,0.5503659811781109,80727,0.2736397163505213,,,
mariadb_sqleek_wo_m1_r1,SQLeek-W/O-M1,MariaDB,1,180,1845,0.4343220338983051,1752,0.5918438480306727,87957,0.29814719401244694,,,
mariadb_sqleek_wo_m1_r1,SQLeek-W/O-M1,MariaDB,1,300,1924,0.4529190207156309,1809,0.6096200766817707,90767,0.307672230282158,,,
mariadb_sqleek_wo_m1_r1,SQLeek-W/O-M1,MariaDB,1,480,1966,0.4628060263653484,1837,0.618682467758801,93334,0.31637357124455956,,,
mariadb_sqleek_wo_m1_r1,SQLeek-W/O-M1,MariaDB,1,600,1999,0.4705743879472693,1861,0.6263506448239805,94488,0.32028527653112415,,,
mariadb_sqleek_wo_m1_r1,SQLeek-W/O-M1,MariaDB,1,720,2034,0.4788135593220339,1888,0.6357615894039735,95599,0.32405122503491385,,,
mariadb_sqleek_wo_m1_r1,SQLeek-W/O-M1,MariaDB,1,900,2063,0.4856403013182674,1908,0.6416869989543394,96743,0.3279290333952517,,,
mariadb_sqleek_wo_m1_r1,SQLeek-W/O-M1,MariaDB,1,1200,2114,0.4976459510357815,1944,0.6535378180550715,98510,0.33391862025951485,,,
mariadb_sqleek_wo_m1_r1,SQLeek-W/O-M1,MariaDB,1,1440,2167,0.5101224105461394,1975,0.6639944231439526,99891,0.33859978577142624,,,
mariadb_sqleek_wo_m1_r2,SQLeek-W/O-M1,MariaDB,2,0,154,0.036252354048964215,200,0.06901359358661555,23664,0.0802136862229333,,,
mariadb_sqleek_wo_m1_r2,SQLeek-W/O-M1,MariaDB,2,60,1568,0.3691148775894539,1602,0.5426978041129313,79707,0.2701822298753949,,,
mariadb_sqleek_wo_m1_r2,SQLeek-W/O-M1,MariaDB,2,180,1834,0.4317325800376648,1759,0.5939351690484489,88172,0.29887597792632165,,,
mariadb_sqleek_wo_m1_r2,SQLeek-W/O-M1,MariaDB,2,300,1891,0.44515065913371,1803,0.6089229696758452,90961,0.3083298306509566,,,
mariadb_sqleek_wo_m1_r2,SQLeek-W/O-M1,MariaDB,2,480,1943,0.457391713747646,1830,0.6165911467410248,93051,0.3154142882323431,,,
mariadb_sqleek_wo_m1_r2,SQLeek-W/O-M1,MariaDB,2,600,1982,0.4665725047080979,1859,0.6256535378180551,94118,0.3190310902607352,,,
mariadb_sqleek_wo_m1_r2,SQLeek-W/O-M1,MariaDB,2,720,2017,0.4748116760828625,1875,0.6312303938654583,95291,0.32300719970713054,,,
mariadb_sqleek_wo_m1_r2,SQLeek-W/O-M1,MariaDB,2,900,2057,0.4842278719397363,1907,0.640989891948414,96671,0.3276849755264193,,,
mariadb_sqleek_wo_m1_r2,SQLeek-W/O-M1,MariaDB,2,1200,2116,0.4981167608286252,1947,0.6531892645521088,98140,0.3326644339891259,,,
mariadb_sqleek_wo_m1_r2,SQLeek-W/O-M1,MariaDB,2,1440,2151,0.5063559322033898,1969,0.6601603346113628,99145,0.3360710750749122,,,
mariadb_sqleek_wo_m1_r3,SQLeek-W/O-M1,MariaDB,3,0,154,0.036252354048964215,200,0.06901359358661555,23627,0.08008826759589441,,,
mariadb_sqleek_wo_m1_r3,SQLeek-W/O-M1,MariaDB,3,60,1590,0.3742937853107345,1604,0.5426978041129313,80455,0.27271771995715427,,,
mariadb_sqleek_wo_m1_r3,SQLeek-W/O-M1,MariaDB,3,180,1773,0.4173728813559322,1723,0.5824329034506797,86781,0.2941609154881835,,,
mariadb_sqleek_wo_m1_r3,SQLeek-W/O-M1,MariaDB,3,300,1852,0.435969868173258,1781,0.6012547926106657,89379,0.30296733692188793,,,
mariadb_sqleek_wo_m1_r3,SQLeek-W/O-M1,MariaDB,3,480,1918,0.4515065913370998,1823,0.6141512722202858,91535,0.31027551421637084,,,
mariadb_sqleek_wo_m1_r3,SQLeek-W/O-M1,MariaDB,3,600,1956,0.4604519774011299,1843,0.6211223422795399,92972,0.3151465025151519,,,
mariadb_sqleek_wo_m1_r3,SQLeek-W/O-M1,MariaDB,3,720,2034,0.4788135593220339,1899,0.6385500174276751,95352,0.3232139709571136,,,
mariadb_sqleek_wo_m1_r3,SQLeek-W/O-M1,MariaDB,3,900,2074,0.4882297551789077,1915,0.6427326594632276,96570,0.3273426165715293,,,
mariadb_sqleek_wo_m1_r3,SQLeek-W/O-M1,MariaDB,3,1200,2124,0.5,1931,0.6479609620076682,97710,0.3312068661613765,,,
mariadb_sqleek_wo_m1_r3,SQLeek-W/O-M1,MariaDB,3,1440,2177,0.5124764595103578,1968,0.658766120599512,99619,0.3376777893780592,,,
mariadb_sqleek_wo_m1_r4,SQLeek-W/O-M1,MariaDB,4,0,154,0.036252354048964215,200,0.06901359358661555,23503,0.07966794571068296,,,
mariadb_sqleek_wo_m1_r4,SQLeek-W/O-M1,MariaDB,4,60,1645,0.387241054613936,1613,0.5426978041129313,79238,0.2685924640353613,,,
mariadb_sqleek_wo_m1_r4,SQLeek-W/O-M1,MariaDB,4,180,1819,0.4282015065913371,1742,0.5859184384803068,86722,0.29396092362344584,,,
mariadb_sqleek_wo_m1_r4,SQLeek-W/O-M1,MariaDB,4,300,1882,0.4430320150659134,1777,0.597420704078076,89314,0.3027470069014142,,,
mariadb_sqleek_wo_m1_r4,SQLeek-W/O-M1,MariaDB,4,480,1954,0.4599811676082863,1838,0.6172882537469502,91733,0.3109466733556601,,,
mariadb_sqleek_wo_m1_r4,SQLeek-W/O-M1,MariaDB,4,600,1979,0.4658662900188324,1852,0.622168002788428,93691,0.3175836915108538,,,
mariadb_sqleek_wo_m1_r4,SQLeek-W/O-M1,MariaDB,4,720,2010,0.4731638418079096,1871,0.6277448588358313,94978,0.3219462259162339,,,
mariadb_sqleek_wo_m1_r4,SQLeek-W/O-M1,MariaDB,4,900,2040,0.480225988700565,1896,0.6354130359010108,95983,0.32535286700202026,,,
mariadb_sqleek_wo_m1_r4,SQLeek-W/O-M1,MariaDB,4,1200,2106,0.4957627118644068,1918,0.6430812129661904,98145,0.3326813824522392,,,
mariadb_sqleek_wo_m1_r4,SQLeek-W/O-M1,MariaDB,4,1440,2138,0.5032956685499058,1937,0.6490066225165563,99168,0.33614903800523366,,,
mariadb_sqleek_wo_m1_r5,SQLeek-W/O-M1,MariaDB,5,0,154,0.036252354048964215,200,0.06901359358661555,23638,0.08012555421474381,,,
mariadb_sqleek_wo_m1_r5,SQLeek-W/O-M1,MariaDB,5,60,1598,0.3761770244821092,1636,0.5524573021958871,79382,0.2690805797730262,,,
mariadb_sqleek_wo_m1_r5,SQLeek-W/O-M1,MariaDB,5,180,1771,0.4169020715630885,1760,0.5939351690484489,87669,0.2971709625371171,,,
mariadb_sqleek_wo_m1_r5,SQLeek-W/O-M1,MariaDB,5,300,1840,0.4331450094161959,1795,0.6054374346462182,90270,0.3059875530486895,,,
mariadb_sqleek_wo_m1_r5,SQLeek-W/O-M1,MariaDB,5,480,1926,0.4533898305084746,1828,0.6162425932380621,92311,0.31290591569156506,,,
mariadb_sqleek_wo_m1_r5,SQLeek-W/O-M1,MariaDB,5,600,1968,0.4632768361581921,1865,0.628093412338794,93590,0.3172413325559638,,,
mariadb_sqleek_wo_m1_r5,SQLeek-W/O-M1,MariaDB,5,720,2011,0.4733992467043315,1887,0.6347159288950854,95073,0.32226824671538784,,,
mariadb_sqleek_wo_m1_r5,SQLeek-W/O-M1,MariaDB,5,900,2064,0.4858757062146893,1908,0.6420355524573021,96786,0.32807479017802665,,,
mariadb_sqleek_wo_m1_r5,SQLeek-W/O-M1,MariaDB,5,1200,2134,0.5023540489642184,1941,0.6528407110491461,99162,0.33612869984949767,,,
mariadb_sqleek_wo_m1_r5,SQLeek-W/O-M1,MariaDB,5,1440,2166,0.5098870056497176,1963,0.6594632276054374,100014,0.339016717964015,,,
monetdb_sqleek_wo_m1_r1,SQLeek-W/O-M1,MonetDB,1,60,9958,0.08295429932856833,4879,0.47991669146087473,27673,0.0916719117500911,,,
monetdb_sqleek_wo_m1_r1,SQLeek-W/O-M1,MonetDB,1,180,9965,0.08301261225237834,4879,0.47991669146087473,27698,0.09175472885679266,,,
monetdb_sqleek_wo_m1_r1,SQLeek-W/O-M1,MonetDB,1,300,9969,0.08304593392312691,4879,0.47991669146087473,27708,0.09178785569947329,,,
monetdb_sqleek_wo_m1_r1,SQLeek-W/O-M1,MonetDB,1,480,9969,0.08304593392312691,4879,0.47991669146087473,27717,0.09181766985788585,,,
monetdb_sqleek_wo_m1_r1,SQLeek-W/O-M1,MonetDB,1,600,9972,0.08307092517618833,4879,0.47991669146087473,27724,0.09184085864776229,,,
monetdb_sqleek_wo_m1_r1,SQLeek-W/O-M1,MonetDB,1,720,9972,0.08307092517618833,4879,0.47991669146087473,27727,0.09185079670056646,,,
monetdb_sqleek_wo_m1_r1,SQLeek-W/O-M1,MonetDB,1,900,9971,0.0830625947585012,4879,0.47991669146087473,27728,0.09185410938483453,,,
monetdb_sqleek_wo_m1_r1,SQLeek-W/O-M1,MonetDB,1,1200,9976,0.0831042468469369,4879,0.47991669146087473,27734,0.0918739854904429,,,
monetdb_sqleek_wo_m1_r1,SQLeek-W/O-M1,MonetDB,1,1440,9977,0.08311257726462405,4879,0.47991669146087473,27738,0.09188723622751516,,,
monetdb_sqleek_wo_m1_r2,SQLeek-W/O-M1,MonetDB,2,60,10738,0.08945202512453974,5260,0.5172071804026579,30558,0.10122900586345115,,,
monetdb_sqleek_wo_m1_r2,SQLeek-W/O-M1,MonetDB,2,180,10841,0.09031005814631546,5311,0.5222651988495487,31113,0.1030675456322258,,,
monetdb_sqleek_wo_m1_r2,SQLeek-W/O-M1,MonetDB,2,300,10851,0.09039336232318688,5311,0.5222651988495487,31124,0.10310398515917447,,,
monetdb_sqleek_wo_m1_r2,SQLeek-W/O-M1,MonetDB,2,480,10855,0.09042668399393546,5311,0.5222651988495487,31135,0.10314042468612317,,,
monetdb_sqleek_wo_m1_r2,SQLeek-W/O-M1,MonetDB,2,600,10854,0.09041835357624832,5311,0.5222651988495487,31136,0.10314373737039123,,,
monetdb_sqleek_wo_m1_r2,SQLeek-W/O-M1,MonetDB,2,720,10856,0.0904350144116226,5311,0.5222651988495487,31141,0.10316030079173154,,,
monetdb_sqleek_wo_m1_r2,SQLeek-W/O-M1,MonetDB,2,900,10857,0.09044334482930974,5311,0.5222651988495487,31144,0.10317023884453573,,,
monetdb_sqleek_wo_m1_r2,SQLeek-W/O-M1,MonetDB,2,1200,10859,0.09046000566468403,5311,0.5222651988495487,31146,0.10317686421307186,,,
monetdb_sqleek_wo_m1_r2,SQLeek-W/O-M1,MonetDB,2,1440,10857,0.09044334482930974,5311,0.5222651988495487,31140,0.10315698810746347,,,
monetdb_sqleek_wo_m1_r3,SQLeek-W/O-M1,MonetDB,3,60,10994,0.0915846120524483,5369,0.5279182782901914,31429,0.10411435386093351,,,
monetdb_sqleek_wo_m1_r3,SQLeek-W/O-M1,MonetDB,3,180,11039,0.09195948084836973,5381,0.5291084002776951,31616,0.10473382581906118,,,
monetdb_sqleek_wo_m1_r3,SQLeek-W/O-M1,MonetDB,3,300,11040,0.09196781126605688,5381,0.5291084002776951,31620,0.10474707655613344,,,
monetdb_sqleek_wo_m1_r3,SQLeek-W/O-M1,MonetDB,3,480,11041,0.09197614168374402,5381,0.5291084002776951,31624,0.10476032729320568,,,
monetdb_sqleek_wo_m1_r3,SQLeek-W/O-M1,MonetDB,3,600,11043,0.0919928025191183,5381,0.5291084002776951,31625,0.10476363997747375,,,
monetdb_sqleek_wo_m1_r3,SQLeek-W/O-M1,MonetDB,3,720,11044,0.09200113293680545,5381,0.5291084002776951,31631,0.10478351608308212,,,
monetdb_sqleek_wo_m1_r3,SQLeek-W/O-M1,MonetDB,3,900,11045,0.09200946335449259,5381,0.5291084002776951,31629,0.104776890714546,,,
monetdb_sqleek_wo_m1_r3,SQLeek-W/O-M1,MonetDB,3,1200,11037,0.09194282001299545,5379,0.5289100466131111,31623,0.10475701460893762,,,
monetdb_sqleek_wo_m1_r3,SQLeek-W/O-M1,MonetDB,3,1440,11038,0.0919511504306826,5379,0.5289100466131111,31624,0.10476032729320568,,,
monetdb_sqleek_wo_m1_r4,SQLeek-W/O-M1,MonetDB,4,60,10850,0.09038503190549974,5309,0.5220668451849648,30938,0.10248782588531487,,,
monetdb_sqleek_wo_m1_r4,SQLeek-W/O-M1,MonetDB,4,180,10887,0.09069325735992402,5324,0.5235544976693445,31171,0.10325968131977341,,,
monetdb_sqleek_wo_m1_r4,SQLeek-W/O-M1,MonetDB,4,300,10888,0.09070158777761117,5324,0.5235544976693445,31177,0.1032795574253818,,,
monetdb_sqleek_wo_m1_r4,SQLeek-W/O-M1,MonetDB,4,480,10887,0.09069325735992402,5324,0.5235544976693445,31176,0.10327624474111373,,,
monetdb_sqleek_wo_m1_r4,SQLeek-W/O-M1,MonetDB,4,600,10889,0.0907099181952983,5324,0.5235544976693445,31178,0.10328287010964984,,,
monetdb_sqleek_wo_m1_r4,SQLeek-W/O-M1,MonetDB,4,720,10889,0.0907099181952983,5324,0.5235544976693445,31178,0.10328287010964984,,,
monetdb_sqleek_wo_m1_r4,SQLeek-W/O-M1,MonetDB,4,900,10893,0.09074323986604689,5325,0.5236536745016365,31185,0.10330605889952629,,,
monetdb_sqleek_wo_m1_r4,SQLeek-W/O-M1,MonetDB,4,1200,10894,0.09075157028373403,5325,0.5236536745016365,31186,0.10330937158379434,,,
monetdb_sqleek_wo_m1_r4,SQLeek-W/O-M1,MonetDB,4,1440,10897,0.09077656153679546,5325,0.5236536745016365,31192,0.10332924768940273,,,
monetdb_sqleek_wo_m1_r5,SQLeek-W/O-M1,MonetDB,5,60,10840,0.09030172772862831,5312,0.5223643756818407,30896,0.10234869314605625,,,
monetdb_sqleek_wo_m1_r5,SQLeek-W/O-M1,MonetDB,5,180,10840,0.09030172772862831,5312,0.5223643756818407,30904,0.10237519462020075,,,
monetdb_sqleek_wo_m1_r5,SQLeek-W/O-M1,MonetDB,5,300,10840,0.09030172772862831,5312,0.5223643756818407,30907,0.10238513267300493,,,
monetdb_sqleek_wo_m1_r5,SQLeek-W/O-M1,MonetDB,5,480,10959,0.0912930474333983,5333,0.5243479123276803,31217,0.10341206479610428,,,
monetdb_sqleek_wo_m1_r5,SQLeek-W/O-M1,MonetDB,5,600,10959,0.0912930474333983,5333,0.5243479123276803,31218,0.10341537748037234,,,
monetdb_sqleek_wo_m1_r5,SQLeek-W/O-M1,MonetDB,5,720,10961,0.09130970826877259,5333,0.5243479123276803,31222,0.1034286282174446,,,
monetdb_sqleek_wo_m1_r5,SQLeek-W/O-M1,MonetDB,5,900,10960,0.09130137785108546,5333,0.5243479123276803,31221,0.10342531553317653,,,
monetdb_sqleek_wo_m1_r5,SQLeek-W/O-M1,MonetDB,5,1200,10960,0.09130137785108546,5333,0.5243479123276803,31221,0.10342531553317653,,,
monetdb_sqleek_wo_m1_r5,SQLeek-W/O-M1,MonetDB,5,1440,10967,0.09135969077489545,5333,0.5243479123276803,31233,0.10346506774439328,,,
postgresql_sqleek_wo_m2_r2,SQLeek-W/O-M2,PostgreSQL,2,60,600,0.1875,2738.47826086957,0.581395348837209,46079.1751965822,0.270069014163534,,,
postgresql_sqleek_wo_m2_r2,SQLeek-W/O-M2,PostgreSQL,2,180,600,0.1875,2738.47826086957,0.581395348837209,46079.1751965822,0.270069014163534,,,
postgresql_sqleek_wo_m2_r2,SQLeek-W/O-M2,PostgreSQL,2,300,600,0.1875,2738.47826086957,0.581395348837209,46079.1751965822,0.270069014163534,,,
postgresql_sqleek_wo_m2_r2,SQLeek-W/O-M2,PostgreSQL,2,480,600,0.1875,2738.47826086957,0.581395348837209,46079.1751965822,0.270069014163534,,,
postgresql_sqleek_wo_m2_r2,SQLeek-W/O-M2,PostgreSQL,2,600,600,0.1875,2738.47826086957,0.581395348837209,46079.1751965822,0.270069014163534,,,
postgresql_sqleek_wo_m2_r2,SQLeek-W/O-M2,PostgreSQL,2,720,600,0.1875,2738.47826086957,0.581395348837209,46079.1751965822,0.270069014163534,,,
postgresql_sqleek_wo_m2_r2,SQLeek-W/O-M2,PostgreSQL,2,900,600,0.1875,2738.47826086957,0.581395348837209,46079.1751965822,0.270069014163534,,,
postgresql_sqleek_wo_m2_r2,SQLeek-W/O-M2,PostgreSQL,2,1200,600,0.1875,2738.47826086957,0.581395348837209,46079.1751965822,0.270069014163534,,,
postgresql_sqleek_wo_m2_r2,SQLeek-W/O-M2,PostgreSQL,2,1440,600,0.1875,2738.47826086957,0.581395348837209,46079.1751965822,0.270069014163534,,,
postgresql_sqleek_wo_m2_r3,SQLeek-W/O-M2,PostgreSQL,3,60,600,0.1875,2949.13043478261,0.627906976744186,63422.6311148873,0.371718620999222,,,
postgresql_sqleek_wo_m2_r3,SQLeek-W/O-M2,PostgreSQL,3,180,600,0.1875,2949.13043478261,0.627906976744186,65273.0191492261,0.382563703840266,,,
postgresql_sqleek_wo_m2_r3,SQLeek-W/O-M2,PostgreSQL,3,300,600,0.1875,2949.13043478261,0.627906976744186,65273.7029585514,0.382567711631411,,,
postgresql_sqleek_wo_m2_r3,SQLeek-W/O-M2,PostgreSQL,3,480,600,0.1875,2949.13043478261,0.627906976744186,65273.7029585514,0.382567711631411,,,
postgresql_sqleek_wo_m2_r3,SQLeek-W/O-M2,PostgreSQL,3,600,600,0.1875,2949.13043478261,0.627906976744186,65273.7029585514,0.382567711631411,,,
postgresql_sqleek_wo_m2_r3,SQLeek-W/O-M2,PostgreSQL,3,720,600,0.1875,2949.13043478261,0.627906976744186,65290.7981916846,0.382667906410061,,,
postgresql_sqleek_wo_m2_r3,SQLeek-W/O-M2,PostgreSQL,3,900,600,0.1875,2949.13043478261,0.627906976744186,65290.7981916846,0.382667906410061,,,
postgresql_sqleek_wo_m2_r3,SQLeek-W/O-M2,PostgreSQL,3,1200,600,0.1875,2949.13043478261,0.627906976744186,65288.7467637087,0.382655883036623,,,
postgresql_sqleek_wo_m2_r3,SQLeek-W/O-M2,PostgreSQL,3,1440,600,0.1875,2949.13043478261,0.627906976744186,65288.7467637087,0.382655883036623,,,
postgresql_sqleek_wo_m2_r4,SQLeek-W/O-M2,PostgreSQL,4,60,600,0.1875,2949.13043478261,0.627906976744186,62509.7456655739,0.366368219819329,,,
postgresql_sqleek_wo_m2_r4,SQLeek-W/O-M2,PostgreSQL,4,180,600,0.1875,2949.13043478261,0.627906976744186,63407.5873097301,0.371630449594011,,,
postgresql_sqleek_wo_m2_r4,SQLeek-W/O-M2,PostgreSQL,4,300,600,0.1875,2949.13043478261,0.627906976744186,63408.9549283808,0.371638465176303,,,
postgresql_sqleek_wo_m2_r4,SQLeek-W/O-M2,PostgreSQL,4,480,600,0.1875,2949.13043478261,0.627906976744186,63426.7339708393,0.371742667746098,,,
postgresql_sqleek_wo_m2_r4,SQLeek-W/O-M2,PostgreSQL,4,600,600,0.1875,2949.13043478261,0.627906976744186,63426.7339708393,0.371742667746098,,,
postgresql_sqleek_wo_m2_r4,SQLeek-W/O-M2,PostgreSQL,4,720,600,0.1875,2949.13043478261,0.627906976744186,63426.7339708393,0.371742667746098,,,
postgresql_sqleek_wo_m2_r4,SQLeek-W/O-M2,PostgreSQL,4,900,600,0.1875,2949.13043478261,0.627906976744186,63427.4177801646,0.371746675537244,,,
postgresql_sqleek_wo_m2_r4,SQLeek-W/O-M2,PostgreSQL,4,1200,600,0.1875,2949.13043478261,0.627906976744186,63428.7853988153,0.371754691119536,,,
postgresql_sqleek_wo_m2_r4,SQLeek-W/O-M2,PostgreSQL,4,1440,600,0.1875,2949.13043478261,0.627906976744186,63428.7853988153,0.371754691119536,,,
postgresql_sqleek_wo_m2_r5,SQLeek-W/O-M2,PostgreSQL,5,60,600,0.1875,2949.13043478261,0.627906976744186,62125.4448247393,0.364115841195284,,,
postgresql_sqleek_wo_m2_r5,SQLeek-W/O-M2,PostgreSQL,5,180,600,0.1875,2949.13043478261,0.627906976744186,64015.4937999471,0.375193375922794,,,
postgresql_sqleek_wo_m2_r5,SQLeek-W/O-M2,PostgreSQL,5,300,700,0.21875,3159.78260869565,0.674418604651163,65281.9086704554,0.382615805125163,,,
postgresql_sqleek_wo_m2_r5,SQLeek-W/O-M2,PostgreSQL,5,480,700,0.21875,3159.78260869565,0.674418604651163,66692.6073086079,0.390883878259336,,,
postgresql_sqleek_wo_m2_r5,SQLeek-W/O-M2,PostgreSQL,5,600,700,0.21875,3159.78260869565,0.674418604651163,67248.5442900999,0.394142212461024,,,
postgresql_sqleek_wo_m2_r5,SQLeek-W/O-M2,PostgreSQL,5,720,700,0.21875,3159.78260869565,0.674418604651163,67669.0870251769,0.396607004015807,,,
postgresql_sqleek_wo_m2_r5,SQLeek-W/O-M2,PostgreSQL,5,900,700,0.21875,3159.78260869565,0.674418604651163,68391.1896727238,0.40083923146597,,,
postgresql_sqleek_wo_m2_r5,SQLeek-W/O-M2,PostgreSQL,5,1200,700,0.21875,3159.78260869565,0.674418604651163,69121.4980321746,0.405119552409885,,,
postgresql_sqleek_wo_m2_r5,SQLeek-W/O-M2,PostgreSQL,5,1440,700,0.21875,3159.78260869565,0.674418604651163,69725.3016664396,0.408658431991792,,,
mysql_sqleek_wo_m2_r1,SQLeek-W/O-M2,MySQL,1,60,1861,0.40438939591481965,783,0.5654993514915694,98005,0.2997608153078203,,,
mysql_sqleek_wo_m2_r1,SQLeek-W/O-M2,MySQL,1,180,2097,0.4556714471968709,850,0.6212710765239948,105809,0.3236303464813546,,,
mysql_sqleek_wo_m2_r1,SQLeek-W/O-M2,MySQL,1,300,2181,0.47392438070404175,862,0.6212710765239948,108032,0.33042967603014584,,,
mysql_sqleek_wo_m2_r1,SQLeek-W/O-M2,MySQL,1,480,2344,0.5093437635810517,900,0.6562905317769131,111832,0.3420524615836351,,,
mysql_sqleek_wo_m2_r1,SQLeek-W/O-M2,MySQL,1,600,2385,0.5182529335071708,908,0.6640726329442282,112860,0.3451967309386317,,,
mysql_sqleek_wo_m2_r1,SQLeek-W/O-M2,MySQL,1,720,2385,0.5182529335071708,908,0.6640726329442282,112863,0.3452059068219634,,,
mysql_sqleek_wo_m2_r1,SQLeek-W/O-M2,MySQL,1,900,2386,0.5184702303346371,908,0.6640726329442282,113075,0.345854335910737,,,
mysql_sqleek_wo_m2_r1,SQLeek-W/O-M2,MySQL,1,1200,2412,0.5241199478487614,908,0.6640726329442282,114007,0.3487049769991191,,,
mysql_sqleek_wo_m2_r1,SQLeek-W/O-M2,MySQL,1,1440,2429,0.5278139939156888,908,0.6640726329442282,114765,0.3510234168542625,,,
mysql_sqleek_wo_m2_r2,SQLeek-W/O-M2,MySQL,2,60,1863,0.4048239895697523,779,0.5732814526588845,96574,0.2953839189585984,,,
mysql_sqleek_wo_m2_r2,SQLeek-W/O-M2,MySQL,2,180,2107,0.4578444154715341,827,0.5992217898832685,102133,0.31238683077224233,,,
mysql_sqleek_wo_m2_r2,SQLeek-W/O-M2,MySQL,2,300,2168,0.47109952194697957,839,0.6134889753566797,106396,0.325425760986591,,,
mysql_sqleek_wo_m2_r2,SQLeek-W/O-M2,MySQL,2,480,2283,0.49608865710560623,871,0.6368352788586251,109732,0.33562934325144367,,,
mysql_sqleek_wo_m2_r2,SQLeek-W/O-M2,MySQL,2,600,2371,0.5152107779226424,892,0.6562905317769131,111769,0.34185976803366935,,,
mysql_sqleek_wo_m2_r2,SQLeek-W/O-M2,MySQL,2,720,2385,0.5182529335071708,897,0.6614785992217899,112581,0.3443433737887834,,,
mysql_sqleek_wo_m2_r2,SQLeek-W/O-M2,MySQL,2,900,2394,0.5202086049543677,899,0.6614785992217899,113923,0.3484480522658315,,,
mysql_sqleek_wo_m2_r2,SQLeek-W/O-M2,MySQL,2,1200,2420,0.525858322468492,905,0.6666666666666666,114569,0.35042392580992465,,,
mysql_sqleek_wo_m2_r2,SQLeek-W/O-M2,MySQL,2,1440,2439,0.529986962190352,907,0.669260700389105,115403,0.35297482137613784,,,
mysql_sqleek_wo_m2_r3,SQLeek-W/O-M2,MySQL,3,60,1871,0.4065623641894828,784,0.5654993514915694,94750,0.2898049818929236,,,
mysql_sqleek_wo_m2_r3,SQLeek-W/O-M2,MySQL,3,180,1984,0.4311169056931769,811,0.5836575875486382,100142,0.3062971028677694,,,
mysql_sqleek_wo_m2_r3,SQLeek-W/O-M2,MySQL,3,300,2130,0.46284224250325945,845,0.6186770428015564,104992,0.3211314475873544,,,
mysql_sqleek_wo_m2_r3,SQLeek-W/O-M2,MySQL,3,480,2236,0.4858757062146893,880,0.6498054474708171,109291,0.33428048840168345,,,
mysql_sqleek_wo_m2_r3,SQLeek-W/O-M2,MySQL,3,600,2279,0.495219469795741,882,0.6498054474708171,111842,0.3420830478614075,,,
mysql_sqleek_wo_m2_r3,SQLeek-W/O-M2,MySQL,3,720,2305,0.5008691873098653,884,0.6523994811932555,113436,0.3469585005383185,,,
mysql_sqleek_wo_m2_r3,SQLeek-W/O-M2,MySQL,3,900,2349,0.5104302477183833,888,0.6523994811932555,114175,0.3492188264656944,,,
mysql_sqleek_wo_m2_r3,SQLeek-W/O-M2,MySQL,3,1200,2389,0.5191221208170361,894,0.6562905317769131,115162,0.3522376920818244,,,
mysql_sqleek_wo_m2_r3,SQLeek-W/O-M2,MySQL,3,1440,2414,0.5245545415036941,894,0.6562905317769131,115629,0.3536660712537927,,,
mysql_sqleek_wo_m2_r4,SQLeek-W/O-M2,MySQL,4,60,1850,0.4019991308126901,792,0.5875486381322957,98134,0.30015537829108346,,,
mysql_sqleek_wo_m2_r4,SQLeek-W/O-M2,MySQL,4,180,1981,0.4304650152107779,815,0.5940337224383917,102795,0.31441164236077124,,,
mysql_sqleek_wo_m2_r4,SQLeek-W/O-M2,MySQL,4,300,2083,0.45262929161234244,839,0.6121919584954605,105927,0.32399126455906824,,,
mysql_sqleek_wo_m2_r4,SQLeek-W/O-M2,MySQL,4,480,2134,0.46371142981312474,852,0.6199740596627756,108567,0.33206604189096606,,,
mysql_sqleek_wo_m2_r4,SQLeek-W/O-M2,MySQL,4,600,2182,0.47414167753150804,860,0.6264591439688716,110330,0.3374584026622296,,,
mysql_sqleek_wo_m2_r4,SQLeek-W/O-M2,MySQL,4,720,2220,0.48239895697522817,873,0.6368352788586251,111602,0.3413489771948713,,,
mysql_sqleek_wo_m2_r4,SQLeek-W/O-M2,MySQL,4,900,2280,0.4954367666232073,881,0.6394293125810635,113353,0.3467046344328081,,,
mysql_sqleek_wo_m2_r4,SQLeek-W/O-M2,MySQL,4,1200,2357,0.5121686223381139,901,0.6614785992217899,115391,0.352938117842811,,,
mysql_sqleek_wo_m2_r4,SQLeek-W/O-M2,MySQL,4,1440,2392,0.519774011299435,904,0.6653696498054474,116715,0.35698774101986885,,,
mysql_sqleek_wo_m2_r5,SQLeek-W/O-M2,MySQL,5,60,1729,0.3757062146892655,740,0.5408560311284046,94199,0.28811967798766763,,,
mysql_sqleek_wo_m2_r5,SQLeek-W/O-M2,MySQL,5,180,1942,0.4219904389395915,795,0.5745784695201037,102110,0.31231648233336595,,,
mysql_sqleek_wo_m2_r5,SQLeek-W/O-M2,MySQL,5,300,2059,0.4474141677531508,835,0.6044098573281452,105719,0.32335506998140356,,,
mysql_sqleek_wo_m2_r5,SQLeek-W/O-M2,MySQL,5,480,2120,0.46066927422859627,841,0.6083009079118028,107950,0.33017886855241263,,,
mysql_sqleek_wo_m2_r5,SQLeek-W/O-M2,MySQL,5,600,2164,0.4702303346371143,847,0.6147859922178989,109244,0.3341367328961535,,,
mysql_sqleek_wo_m2_r5,SQLeek-W/O-M2,MySQL,5,720,2219,0.48218166014776187,853,0.6147859922178989,111062,0.3396973181951649,,,
mysql_sqleek_wo_m2_r5,SQLeek-W/O-M2,MySQL,5,900,2269,0.4930465015210778,870,0.62905317769131,112103,0.34288134971126555,,,
mysql_sqleek_wo_m2_r5,SQLeek-W/O-M2,MySQL,5,1200,2305,0.5008691873098653,884,0.6355382619974059,113191,0.34620913673289616,,,
mysql_sqleek_wo_m2_r5,SQLeek-W/O-M2,MySQL,5,1440,2322,0.5045632333767927,884,0.6355382619974059,114574,0.3504392189488108,,,
mariadb_sqleek_wo_m2_r1,SQLeek-W/O-M2,MariaDB,1,60,1534,0.361111111111111,1384,0.465575962320473,73753,0.25,,,
mariadb_sqleek_wo_m2_r1,SQLeek-W/O-M2,MariaDB,1,180,1663,0.391478342749529,1502,0.505271022691727,79986,0.271127954117121,,,
mariadb_sqleek_wo_m2_r1,SQLeek-W/O-M2,MariaDB,1,300,1771,0.416902071563089,1599,0.537901707912165,85180,0.288734017599284,,,
mariadb_sqleek_wo_m2_r1,SQLeek-W/O-M2,MariaDB,1,480,1858,0.437382297551789,1677,0.564140815615197,89335,0.30281819044649,,,
mariadb_sqleek_wo_m2_r1,SQLeek-W/O-M2,MariaDB,1,600,1922,0.452448210922787,1736,0.583988345800824,92451,0.313380472658739,,,
mariadb_sqleek_wo_m2_r1,SQLeek-W/O-M2,MariaDB,1,720,1987,0.467749529190207,1794,0.603499477169746,95568,0.323946144563611,,,
mariadb_sqleek_wo_m2_r1,SQLeek-W/O-M2,MariaDB,1,900,2052,0.483050847457627,1852,0.623010608538667,98684,0.33450842677586,,,
mariadb_sqleek_wo_m2_r1,SQLeek-W/O-M2,MariaDB,1,1200,2117,0.498352165725047,1911,0.642858138724294,101800,0.345070708988109,,,
mariadb_sqleek_wo_m2_r1,SQLeek-W/O-M2,MariaDB,1,1440,2160.0,0.5084745762711864,1950.0,0.6559776925758104,103878.0,0.3521144902580234,,,
mariadb_sqleek_wo_m2_r2,SQLeek-W/O-M2,MariaDB,2,60,1538,0.362052730696798,1409,0.473041740687437,73792,0.250132198012284,,,
mariadb_sqleek_wo_m2_r2,SQLeek-W/O-M2,MariaDB,2,180,1668,0.392655367231638,1528,0.512993456189073,80028,0.271270321207273,,,
mariadb_sqleek_wo_m2_r2,SQLeek-W/O-M2,MariaDB,2,300,1776,0.418079096045198,1627,0.546230597656821,85225,0.288886553767304,,,
mariadb_sqleek_wo_m2_r2,SQLeek-W/O-M2,MariaDB,2,480,1863,0.438559322033898,1706,0.57275316509068,89382,0.302977505999756,,,
mariadb_sqleek_wo_m2_r2,SQLeek-W/O-M2,MariaDB,2,600,1928,0.453860640301318,1766,0.592896887192345,92500,0.31354656759725,,,
mariadb_sqleek_wo_m2_r2,SQLeek-W/O-M2,MariaDB,2,720,1993,0.469161958568738,1825,0.612704880592316,95618,0.324115629194745,,,
mariadb_sqleek_wo_m2_r2,SQLeek-W/O-M2,MariaDB,2,900,2058,0.484463276836158,1885,0.632848602693981,98736,0.334684690792239,,,
mariadb_sqleek_wo_m2_r2,SQLeek-W/O-M2,MariaDB,2,1200,2123,0.499764595103578,1944,0.652656596093952,101854,0.345253752389733,,,
mariadb_sqleek_wo_m2_r2,SQLeek-W/O-M2,MariaDB,2,1440,2166.0,0.5098870056497176,1984.0,0.6660857441617288,103933.0,0.3523009233522704,,,
mariadb_sqleek_wo_m2_r3,SQLeek-W/O-M2,MariaDB,3,60,1498,0.352636534839925,1398,0.469459614615597,71870,0.243617208791507,,,
mariadb_sqleek_wo_m2_r3,SQLeek-W/O-M2,MariaDB,3,180,1625,0.382532956685499,1516,0.509084961199746,77943,0.264202812089,,,
mariadb_sqleek_wo_m2_r3,SQLeek-W/O-M2,MariaDB,3,300,1730,0.407250470809793,1615,0.542329955367803,83004,0.281358046452348,,,
mariadb_sqleek_wo_m2_r3,SQLeek-W/O-M2,MariaDB,3,480,1815,0.42725988700565,1693,0.56852298107597,87054,0.295086301574173,,,
mariadb_sqleek_wo_m2_r3,SQLeek-W/O-M2,MariaDB,3,600,1878,0.442090395480226,1752,0.588335654368044,90090,0.305377408376608,,,
mariadb_sqleek_wo_m2_r3,SQLeek-W/O-M2,MariaDB,3,720,1941,0.456920903954802,1811,0.608148327660119,93127,0.315671904871666,,,
mariadb_sqleek_wo_m2_r3,SQLeek-W/O-M2,MariaDB,3,900,2004,0.471751412429379,1871,0.628296808974093,96164,0.325966401366724,,,
mariadb_sqleek_wo_m2_r3,SQLeek-W/O-M2,MariaDB,3,1200,2068,0.486817325800377,1930,0.648109482266168,99200,0.336257508169159,,,
mariadb_sqleek_wo_m2_r3,SQLeek-W/O-M2,MariaDB,3,1440,2110.0,0.4967043314500942,1969.0,0.6612059951202509,101225.0,0.343121635730072,,,
mariadb_sqleek_wo_m2_r4,SQLeek-W/O-M2,MariaDB,4,60,1536,0.361581920903955,1388,0.4669647051692,73256,0.248315322766532,,,
mariadb_sqleek_wo_m2_r4,SQLeek-W/O-M2,MariaDB,4,180,1666,0.392184557438795,1505,0.50632700380378,79447,0.2693009097935,,,
mariadb_sqleek_wo_m2_r4,SQLeek-W/O-M2,MariaDB,4,300,1774,0.417608286252354,1603,0.539297134284026,84606,0.28678833403387,,,
mariadb_sqleek_wo_m2_r4,SQLeek-W/O-M2,MariaDB,4,480,1861,0.438088512241055,1681,0.565538666707079,88733,0.300777595487641,,,
mariadb_sqleek_wo_m2_r4,SQLeek-W/O-M2,MariaDB,4,600,1926,0.453389830508475,1740,0.585388030975798,91828,0.311268694154814,,,
mariadb_sqleek_wo_m2_r4,SQLeek-W/O-M2,MariaDB,4,720,1991,0.468691148775895,1799,0.605237395244518,94924,0.32176318251461,,,
mariadb_sqleek_wo_m2_r4,SQLeek-W/O-M2,MariaDB,4,900,2056,0.483992467043315,1857,0.624750329610378,98019,0.332254281181782,,,
mariadb_sqleek_wo_m2_r4,SQLeek-W/O-M2,MariaDB,4,1200,2121,0.499293785310734,1916,0.644599693879097,101114,0.342745379848955,,,
mariadb_sqleek_wo_m2_r4,SQLeek-W/O-M2,MariaDB,4,1440,2164.0,0.5094161958568738,1955.0,0.6577204600906239,103178.0,0.3497417054221523,,,
monetdb_sqleek_wo_m2_r1,SQLeek-W/O-M2,MonetDB,1,60,19288,0.160677096349611,8129,0.797066000773025,60164,0.199304336303707,,,
monetdb_sqleek_wo_m2_r1,SQLeek-W/O-M2,MonetDB,1,180,20921,0.174280668432715,8166,0.800693930657218,63419,0.21008712359625,,,
monetdb_sqleek_wo_m2_r1,SQLeek-W/O-M2,MonetDB,1,300,21910,0.182519451525299,8183,0.802360817360766,65439,0.216778745817736,,,
monetdb_sqleek_wo_m2_r1,SQLeek-W/O-M2,MonetDB,1,480,22760,0.189600306559371,8187,0.802753025996895,67200,0.222612382813794,,,
monetdb_sqleek_wo_m2_r1,SQLeek-W/O-M2,MonetDB,1,600,23125,0.192640909015178,8188,0.802851078155927,67967,0.225153211647398,,,
monetdb_sqleek_wo_m2_r1,SQLeek-W/O-M2,MonetDB,1,720,23483,0.195623198547175,8191,0.803145234633024,68689,0.227544969688939,,,
monetdb_sqleek_wo_m2_r1,SQLeek-W/O-M2,MonetDB,1,900,23894,0.199047000216591,8194,0.803439391110121,69516,0.230284559578626,,,
monetdb_sqleek_wo_m2_r1,SQLeek-W/O-M2,MonetDB,1,1200,24412,0.203362156578531,8198,0.80383159974625,70583,0.233819193692649,,,
monetdb_sqleek_wo_m2_r1,SQLeek-W/O-M2,MonetDB,1,1440,24671.0,0.2055197347595008,8201.0,0.8041257562233463,71098.0,0.2355252260907012,,,
postgresql_sqleek_wo_m3_r1,SQLeek-W/O-M3,PostgreSQL,1,0,0.0,0.0,0.0,0.0,0.0,0.0,,,
postgresql_sqleek_wo_m3_r1,SQLeek-W/O-M3,PostgreSQL,1,60,1200.0,0.375,3267.558139534884,0.6744186046511629,75030.0,0.4397491501582464,,,
postgresql_sqleek_wo_m3_r1,SQLeek-W/O-M3,PostgreSQL,1,180,1200.0,0.375,3267.558139534884,0.6744186046511629,75030.0,0.4397491501582464,,,
postgresql_sqleek_wo_m3_r1,SQLeek-W/O-M3,PostgreSQL,1,300,1200.0,0.375,3267.558139534884,0.6744186046511629,75030.0,0.4397491501582464,,,
postgresql_sqleek_wo_m3_r1,SQLeek-W/O-M3,PostgreSQL,1,480,1200.0,0.375,3267.558139534884,0.6744186046511629,75030.0,0.4397491501582464,,,
postgresql_sqleek_wo_m3_r1,SQLeek-W/O-M3,PostgreSQL,1,600,1200.0,0.375,3267.558139534884,0.6744186046511629,75030.0,0.4397491501582464,,,
postgresql_sqleek_wo_m3_r1,SQLeek-W/O-M3,PostgreSQL,1,720,1200.0,0.375,3267.558139534884,0.6744186046511629,75030.0,0.4397491501582464,,,
postgresql_sqleek_wo_m3_r1,SQLeek-W/O-M3,PostgreSQL,1,900,1200.0,0.375,3267.558139534884,0.6744186046511629,75030.0,0.4397491501582464,,,
postgresql_sqleek_wo_m3_r1,SQLeek-W/O-M3,PostgreSQL,1,1200,1200.0,0.375,3267.558139534884,0.6744186046511629,75030.0,0.4397491501582464,,,
postgresql_sqleek_wo_m3_r1,SQLeek-W/O-M3,PostgreSQL,1,1440,1200.0,0.375,3267.558139534884,0.6744186046511629,75030.0,0.4397491501582464,,,
postgresql_sqleek_wo_m3_r2,SQLeek-W/O-M3,PostgreSQL,2,0,0.0,0.0,0.0,0.0,0.0,0.0,,,
postgresql_sqleek_wo_m3_r2,SQLeek-W/O-M3,PostgreSQL,2,60,1200.0,0.375,3267.558139534884,0.6744186046511629,78126.0,0.45789473684210524,,,
postgresql_sqleek_wo_m3_r2,SQLeek-W/O-M3,PostgreSQL,2,180,1200.0,0.375,3267.558139534884,0.6744186046511629,78127.0,0.4579005978197163,,,
postgresql_sqleek_wo_m3_r2,SQLeek-W/O-M3,PostgreSQL,2,300,1200.0,0.375,3267.558139534884,0.6744186046511629,78127.0,0.4579005978197163,,,
postgresql_sqleek_wo_m3_r2,SQLeek-W/O-M3,PostgreSQL,2,480,1200.0,0.375,3267.558139534884,0.6744186046511629,78131.0,0.4579240417301606,,,
postgresql_sqleek_wo_m3_r2,SQLeek-W/O-M3,PostgreSQL,2,600,1200.0,0.375,3267.558139534884,0.6744186046511629,78132.0,0.4579299027077717,,,
postgresql_sqleek_wo_m3_r2,SQLeek-W/O-M3,PostgreSQL,2,720,1200.0,0.375,3267.558139534884,0.6744186046511629,78451.0,0.45979955456570154,,,
postgresql_sqleek_wo_m3_r2,SQLeek-W/O-M3,PostgreSQL,2,900,1200.0,0.375,3267.558139534884,0.6744186046511629,78532.0,0.46027429375219786,,,
postgresql_sqleek_wo_m3_r2,SQLeek-W/O-M3,PostgreSQL,2,1200,1200.0,0.375,3267.558139534884,0.6744186046511629,78591.0,0.4606200914312507,,,
postgresql_sqleek_wo_m3_r2,SQLeek-W/O-M3,PostgreSQL,2,1440,1200.0,0.375,3267.558139534884,0.6744186046511629,78629.0,0.4608428085804712,,,
postgresql_sqleek_wo_m3_r3,SQLeek-W/O-M3,PostgreSQL,3,0,0.0,0.0,0.0,0.0,0.0,0.0,,,
postgresql_sqleek_wo_m3_r3,SQLeek-W/O-M3,PostgreSQL,3,60,1200.0,0.375,3267.558139534884,0.6744186046511629,77387.0,0.45356347438752787,,,
postgresql_sqleek_wo_m3_r3,SQLeek-W/O-M3,PostgreSQL,3,180,1200.0,0.375,3267.558139534884,0.6744186046511629,77387.0,0.45356347438752787,,,
postgresql_sqleek_wo_m3_r3,SQLeek-W/O-M3,PostgreSQL,3,300,1200.0,0.375,3267.558139534884,0.6744186046511629,77387.0,0.45356347438752787,,,
postgresql_sqleek_wo_m3_r3,SQLeek-W/O-M3,PostgreSQL,3,480,1200.0,0.375,3267.558139534884,0.6744186046511629,77387.0,0.45356347438752787,,,
postgresql_sqleek_wo_m3_r3,SQLeek-W/O-M3,PostgreSQL,3,600,1200.0,0.375,3267.558139534884,0.6744186046511629,77387.0,0.45356347438752787,,,
postgresql_sqleek_wo_m3_r3,SQLeek-W/O-M3,PostgreSQL,3,720,1200.0,0.375,3267.558139534884,0.6744186046511629,77387.0,0.45356347438752787,,,
postgresql_sqleek_wo_m3_r3,SQLeek-W/O-M3,PostgreSQL,3,900,1200.0,0.375,3267.558139534884,0.6744186046511629,77387.0,0.45356347438752787,,,
postgresql_sqleek_wo_m3_r3,SQLeek-W/O-M3,PostgreSQL,3,1200,1200.0,0.375,3267.558139534884,0.6744186046511629,77387.0,0.45356347438752787,,,
postgresql_sqleek_wo_m3_r3,SQLeek-W/O-M3,PostgreSQL,3,1440,1200.0,0.375,3267.558139534884,0.6744186046511629,77387.0,0.45356347438752787,,,
postgresql_sqleek_wo_m3_r4,SQLeek-W/O-M3,PostgreSQL,4,0,0.0,0.0,0.0,0.0,0.0,0.0,,,
postgresql_sqleek_wo_m3_r4,SQLeek-W/O-M3,PostgreSQL,4,60,1200.0,0.375,3267.558139534884,0.6744186046511629,75826.0,0.44441448833665453,,,
postgresql_sqleek_wo_m3_r4,SQLeek-W/O-M3,PostgreSQL,4,180,1200.0,0.375,3267.558139534884,0.6744186046511629,75826.0,0.44441448833665453,,,
postgresql_sqleek_wo_m3_r4,SQLeek-W/O-M3,PostgreSQL,4,300,1200.0,0.375,3267.558139534884,0.6744186046511629,75826.0,0.44441448833665453,,,
postgresql_sqleek_wo_m3_r4,SQLeek-W/O-M3,PostgreSQL,4,480,1200.0,0.375,3267.558139534884,0.6744186046511629,75826.0,0.44441448833665453,,,
postgresql_sqleek_wo_m3_r4,SQLeek-W/O-M3,PostgreSQL,4,600,1200.0,0.375,3267.558139534884,0.6744186046511629,75826.0,0.44441448833665453,,,
postgresql_sqleek_wo_m3_r4,SQLeek-W/O-M3,PostgreSQL,4,720,1200.0,0.375,3267.558139534884,0.6744186046511629,75826.0,0.44441448833665453,,,
postgresql_sqleek_wo_m3_r4,SQLeek-W/O-M3,PostgreSQL,4,900,1200.0,0.375,3267.558139534884,0.6744186046511629,75826.0,0.44441448833665453,,,
postgresql_sqleek_wo_m3_r4,SQLeek-W/O-M3,PostgreSQL,4,1200,1200.0,0.375,3267.558139534884,0.6744186046511629,75826.0,0.44441448833665453,,,
postgresql_sqleek_wo_m3_r4,SQLeek-W/O-M3,PostgreSQL,4,1440,1200.0,0.375,3267.558139534884,0.6744186046511629,75826.0,0.44441448833665453,,,
postgresql_sqleek_wo_m3_r5,SQLeek-W/O-M3,PostgreSQL,5,0,0.0,0.0,0.0,0.0,0.0,0.0,,,
postgresql_sqleek_wo_m3_r5,SQLeek-W/O-M3,PostgreSQL,5,60,1200.0,0.375,3042.2093023255816,0.627906976744186,95032.0,0.556980424334779,,,
postgresql_sqleek_wo_m3_r5,SQLeek-W/O-M3,PostgreSQL,5,180,1200.0,0.375,3042.2093023255816,0.627906976744186,95032.0,0.556980424334779,,,
postgresql_sqleek_wo_m3_r5,SQLeek-W/O-M3,PostgreSQL,5,300,1200.0,0.375,3042.2093023255816,0.627906976744186,95032.0,0.556980424334779,,,
postgresql_sqleek_wo_m3_r5,SQLeek-W/O-M3,PostgreSQL,5,480,1200.0,0.375,3042.2093023255816,0.627906976744186,95032.0,0.556980424334779,,,
postgresql_sqleek_wo_m3_r5,SQLeek-W/O-M3,PostgreSQL,5,600,1200.0,0.375,3042.2093023255816,0.627906976744186,95032.0,0.556980424334779,,,
postgresql_sqleek_wo_m3_r5,SQLeek-W/O-M3,PostgreSQL,5,720,1200.0,0.375,3042.2093023255816,0.627906976744186,95032.0,0.556980424334779,,,
postgresql_sqleek_wo_m3_r5,SQLeek-W/O-M3,PostgreSQL,5,900,1200.0,0.375,3042.2093023255816,0.627906976744186,95032.0,0.556980424334779,,,
postgresql_sqleek_wo_m3_r5,SQLeek-W/O-M3,PostgreSQL,5,1200,1200.0,0.375,3042.2093023255816,0.627906976744186,95032.0,0.556980424334779,,,
postgresql_sqleek_wo_m3_r5,SQLeek-W/O-M3,PostgreSQL,5,1440,1200.0,0.375,3042.2093023255816,0.627906976744186,95032.0,0.556980424334779,,,
mysql_sqleek_r1,SQLeek-W/O-M3,MySQL,1,60,2069.0,0.44958713602781397,845.0,0.5847750865051903,101864.0,0.3115640599001664,,,
mysql_sqleek_r1,SQLeek-W/O-M3,MySQL,1,180,2071.0,0.4500217296827466,845.0,0.5847750865051903,101983.0,0.3119280366056572,,,
mysql_sqleek_r1,SQLeek-W/O-M3,MySQL,1,300,2079.0,0.4517601043024772,849.0,0.5875432525951557,102182.0,0.3125367035333268,,,
mysql_sqleek_r1,SQLeek-W/O-M3,MySQL,1,480,2083.0,0.45262929161234244,849.0,0.5875432525951557,102259.0,0.31277221787217385,,,
mysql_sqleek_r1,SQLeek-W/O-M3,MySQL,1,600,2083.0,0.45262929161234244,849.0,0.5875432525951557,102309.0,0.31292514926103554,,,
mysql_sqleek_r1,SQLeek-W/O-M3,MySQL,1,720,2084.0,0.4528465884398088,849.0,0.5875432525951557,102347.0,0.31304137711657043,,,
mysql_sqleek_r1,SQLeek-W/O-M3,MySQL,1,900,2084.0,0.4528465884398088,849.0,0.5875432525951557,102355.0,0.3130658461387883,,,
mysql_sqleek_r1,SQLeek-W/O-M3,MySQL,1,1200,2084.0,0.4528465884398088,849.0,0.5875432525951557,102358.0,0.31307502202212,,,
mysql_sqleek_r1,SQLeek-W/O-M3,MySQL,1,1440,2084.0,0.4528465884398088,849.0,0.5875432525951557,102355.0,0.3130658461387883,,,
mysql_sqleek_r3,SQLeek-W/O-M3,MySQL,3,60,2056.0,0.44676227727075185,838.0,0.5799307958477509,101088.0,0.3091905647450328,,,
mysql_sqleek_r3,SQLeek-W/O-M3,MySQL,3,180,2085.0,0.4530638852672751,849.0,0.5875432525951557,101335.0,0.3099460458060096,,,
mysql_sqleek_r3,SQLeek-W/O-M3,MySQL,3,300,2091.0,0.45436766623207303,851.0,0.5889273356401384,101503.0,0.3104598952725849,,,
mysql_sqleek_r3,SQLeek-W/O-M3,MySQL,3,480,2097.0,0.4556714471968709,853.0,0.5903114186851212,101627.0,0.3108391651169619,,,
mysql_sqleek_r3,SQLeek-W/O-M3,MySQL,3,600,2097.0,0.4556714471968709,853.0,0.5903114186851212,101634.0,0.31086057551140256,,,
mysql_sqleek_r3,SQLeek-W/O-M3,MySQL,3,720,2097.0,0.4556714471968709,853.0,0.5903114186851212,101670.0,0.310970686111383,,,
mysql_sqleek_r3,SQLeek-W/O-M3,MySQL,3,900,2099.0,0.45610604085180356,853.0,0.5903114186851212,101727.0,0.31114502789468534,,,
mysql_sqleek_r3,SQLeek-W/O-M3,MySQL,3,1200,2099.0,0.45610604085180356,853.0,0.5903114186851212,101762.0,0.3112520798668885,,,
mysql_sqleek_r3,SQLeek-W/O-M3,MySQL,3,1440,2099.0,0.45610604085180356,853.0,0.5903114186851212,101796.0,0.3113560732113145,,,
mysql_sqleek_r4,SQLeek-W/O-M3,MySQL,4,60,2068.0,0.4493698392003477,856.0,0.5923875432525951,101523.0,0.3105210678281296,,,
mysql_sqleek_r4,SQLeek-W/O-M3,MySQL,4,180,2084.0,0.4528465884398088,867.0,0.6,101732.0,0.3111603210335715,,,
mysql_sqleek_r4,SQLeek-W/O-M3,MySQL,4,300,2093.0,0.4548022598870056,867.0,0.6,101874.0,0.31159464617793875,,,
mysql_sqleek_r4,SQLeek-W/O-M3,MySQL,4,480,2093.0,0.4548022598870056,867.0,0.6,101917.0,0.3117261671723598,,,
mysql_sqleek_r4,SQLeek-W/O-M3,MySQL,4,600,2096.0,0.4554541503694046,867.0,0.6,102006.0,0.31199838504453364,,,
mysql_sqleek_r4,SQLeek-W/O-M3,MySQL,4,720,2098.0,0.45588874402433727,869.0,0.6013840830449827,102051.0,0.3121360232945091,,,
mysql_sqleek_r4,SQLeek-W/O-M3,MySQL,4,900,2101.0,0.4565406345067362,869.0,0.6013840830449827,102081.0,0.31222778212782615,,,
mysql_sqleek_r4,SQLeek-W/O-M3,MySQL,4,1200,2107.0,0.4578444154715341,869.0,0.6013840830449827,102244.0,0.31272633845551534,,,
mysql_sqleek_r4,SQLeek-W/O-M3,MySQL,4,1440,2107.0,0.4578444154715341,869.0,0.6013840830449827,102318.0,0.3129526769110306,,,
mysql_sqleek_r5,SQLeek-W/O-M3,MySQL,5,60,2071.0,0.4500217296827466,849.0,0.5875432525951557,101449.0,0.31029472937261426,,,
mysql_sqleek_r5,SQLeek-W/O-M3,MySQL,5,180,2077.0,0.45132551064754456,852.0,0.5896193771626298,101657.0,0.31093092395027894,,,
mysql_sqleek_r5,SQLeek-W/O-M3,MySQL,5,300,2081.0,0.4521946979574098,854.0,0.5910034602076124,101723.0,0.3111327933835764,,,
mysql_sqleek_r5,SQLeek-W/O-M3,MySQL,5,480,2084.0,0.4528465884398088,854.0,0.5910034602076124,101788.0,0.3113316041890966,,,
mysql_sqleek_r5,SQLeek-W/O-M3,MySQL,5,600,2084.0,0.4528465884398088,854.0,0.5910034602076124,101813.0,0.3114080698835274,,,
mysql_sqleek_r5,SQLeek-W/O-M3,MySQL,5,720,2085.0,0.4530638852672751,854.0,0.5910034602076124,101870.0,0.3115824116668298,,,
mysql_sqleek_r5,SQLeek-W/O-M3,MySQL,5,900,2085.0,0.4530638852672751,854.0,0.5910034602076124,101888.0,0.31163746696682,,,
mysql_sqleek_r5,SQLeek-W/O-M3,MySQL,5,1200,2090.0,0.4541503694046067,854.0,0.5910034602076124,101979.0,0.3119158020945483,,,
mysql_sqleek_r5,SQLeek-W/O-M3,MySQL,5,1440,2090.0,0.4541503694046067,854.0,0.5910034602076124,102023.0,0.3120503817167466,,,
mariadb_sqleek_wo_m3_r1,SQLeek-W/O-M3,MariaDB,1,60,1771.0,0.4169020715630885,1806.0,0.5938835909240382,82495.0,0.27963269290740717,,,
mariadb_sqleek_wo_m3_r1,SQLeek-W/O-M3,MariaDB,1,180,1927.0,0.4536252354048964,1965.0,0.6461690233475831,85581.0,0.290093284340976,,,
mariadb_sqleek_wo_m3_r1,SQLeek-W/O-M3,MariaDB,1,300,1981.0,0.4663370998116761,2006.0,0.6596514304505097,86856.0,0.294415142434884,,,
mariadb_sqleek_wo_m3_r1,SQLeek-W/O-M3,MariaDB,1,480,1996.0,0.4698681732580038,2006.0,0.6596514304505097,87254.0,0.29576424009870783,,,
mariadb_sqleek_wo_m3_r1,SQLeek-W/O-M3,MariaDB,1,600,2003.0,0.4715160075329567,2014.0,0.6622821440315686,87611.0,0.2969743603650021,,,
mariadb_sqleek_wo_m3_r1,SQLeek-W/O-M3,MariaDB,1,720,2010.0,0.4731638418079096,2021.0,0.664584018414995,87894.0,0.29793364337721856,,,
mariadb_sqleek_wo_m3_r1,SQLeek-W/O-M3,MariaDB,1,900,2018.0,0.4750470809792844,2025.0,0.6658993752055244,88102.0,0.2986386994427345,,,
mariadb_sqleek_wo_m3_r1,SQLeek-W/O-M3,MariaDB,1,1200,2023.0,0.4762241054613936,2037.0,0.6698454455771128,88382.0,0.29958781337708296,,,
mariadb_sqleek_wo_m3_r1,SQLeek-W/O-M3,MariaDB,1,1440,2026.0,0.4769303201506591,2037.0,0.6698454455771128,88586.0,0.3002793106721083,,,
mariadb_sqleek_wo_m3_r2,SQLeek-W/O-M3,MariaDB,2,60,1808.0,0.4256120527306968,1833.0,0.6027622492601118,83765.0,0.2839376025382018,,,
mariadb_sqleek_wo_m3_r2,SQLeek-W/O-M3,MariaDB,2,180,1905.0,0.4484463276836158,1923.0,0.632357777047024,85695.0,0.2904797092999607,,,
mariadb_sqleek_wo_m3_r2,SQLeek-W/O-M3,MariaDB,2,300,2019.0,0.4752824858757062,1976.0,0.6497862545215389,87863.0,0.2978285629059157,,,
mariadb_sqleek_wo_m3_r2,SQLeek-W/O-M3,MariaDB,2,480,2038.0,0.4797551789077213,2005.0,0.6593225912528773,88572.0,0.30023185497539084,,,
mariadb_sqleek_wo_m3_r2,SQLeek-W/O-M3,MariaDB,2,600,2047.0,0.4818738229755179,2022.0,0.6649128576126274,88892.0,0.3013165566146462,,,
mariadb_sqleek_wo_m3_r2,SQLeek-W/O-M3,MariaDB,2,720,2048.0,0.4821092278719397,2027.0,0.6665570536007892,88988.0,0.30164196710642277,,,
mariadb_sqleek_wo_m3_r2,SQLeek-W/O-M3,MariaDB,2,900,2054.0,0.4835216572504708,2027.0,0.6665570536007892,89133.0,0.30213347253671036,,,
mariadb_sqleek_wo_m3_r2,SQLeek-W/O-M3,MariaDB,2,1200,2070.0,0.4872881355932203,2038.0,0.6701742847747452,89344.0,0.30284869768009437,,,
mariadb_sqleek_wo_m3_r2,SQLeek-W/O-M3,MariaDB,2,1440,2075.0,0.4884651600753296,2039.0,0.6705031239723775,89448.0,0.30320122571285235,,,
mariadb_sqleek_wo_m3_r4,SQLeek-W/O-M3,MariaDB,4,60,1820.0,0.4284369114877589,1823.0,0.5994738572837882,82662.0,0.2801987715753935,,,
mariadb_sqleek_wo_m3_r4,SQLeek-W/O-M3,MariaDB,4,180,1945.0,0.4578625235404896,1965.0,0.6461690233475831,85562.0,0.2900288801811452,,,
mariadb_sqleek_wo_m3_r4,SQLeek-W/O-M3,MariaDB,4,300,2035.0,0.4790489642184557,2032.0,0.668201249588951,87168.0,0.295472726533158,,,
mariadb_sqleek_wo_m3_r4,SQLeek-W/O-M3,MariaDB,4,480,2085.0,0.490819209039548,2057.0,0.6764222295297599,88677.0,0.30058777270077147,,,
mariadb_sqleek_wo_m3_r4,SQLeek-W/O-M3,MariaDB,4,600,2089.0,0.4917608286252354,2059.0,0.6770799079250247,89221.0,0.3024317654875056,,,
mariadb_sqleek_wo_m3_r4,SQLeek-W/O-M3,MariaDB,4,720,2100.0,0.4943502824858757,2064.0,0.6787241039131865,89395.0,0.3030215720038507,,,
mariadb_sqleek_wo_m3_r4,SQLeek-W/O-M3,MariaDB,4,900,2107.0,0.4959981167608286,2066.0,0.6793817823084511,89606.0,0.30373679714723467,,,
mariadb_sqleek_wo_m3_r4,SQLeek-W/O-M3,MariaDB,4,1200,2114.0,0.4976459510357815,2070.0,0.6806971390989806,90136.0,0.3055333342372514,,,
mariadb_sqleek_wo_m3_r4,SQLeek-W/O-M3,MariaDB,4,1440,2116.0,0.4981167608286252,2072.0,0.6813548174942453,90475.0,0.3066824400363375,,,
monetdb_sqleek_wo_m3_r3,SQLeek-W/O-M3,MonetDB,3,0,27160,0.22625414438279937,8482,0.8308043241098879,78980,0.26163580349156923,,,
monetdb_sqleek_wo_m3_r3,SQLeek-W/O-M3,MonetDB,3,60,27585,0.22979457189983507,8485,0.8311018546067639,79867,0.26457415443734056,,,
monetdb_sqleek_wo_m3_r3,SQLeek-W/O-M3,MonetDB,3,180,27617,0.23006114526582364,8485,0.8311018546067639,80009,0.26504455560340545,,,
monetdb_sqleek_wo_m3_r3,SQLeek-W/O-M3,MonetDB,3,300,27623,0.23011112777194648,8485,0.8311018546067639,80107,0.2653691986616756,,,
monetdb_sqleek_wo_m3_r3,SQLeek-W/O-M3,MonetDB,3,480,27676,0.23055263990936506,8487,0.8313002082713478,80214,0.2657236558783582,,,
monetdb_sqleek_wo_m3_r3,SQLeek-W/O-M3,MonetDB,3,600,27682,0.2306026224154879,8487,0.8313002082713478,80237,0.26579984761652364,,,
monetdb_sqleek_wo_m3_r3,SQLeek-W/O-M3,MonetDB,3,720,27745,0.23112743872977792,8494,0.8318952692650997,80377,0.2662636234140524,,,
monetdb_sqleek_wo_m3_r3,SQLeek-W/O-M3,MonetDB,3,900,27758,0.23123573415971077,8494,0.8318952692650997,80423,0.26641600689038325,,,
monetdb_sqleek_wo_m3_r3,SQLeek-W/O-M3,MonetDB,3,1200,27789,0.2314939771080122,8495,0.8319944460973917,80463,0.26654851426110576,,,
monetdb_sqleek_wo_m3_r3,SQLeek-W/O-M3,MonetDB,3,1440,27790,0.23150230752569934,8495,0.8319944460973917,80496,0.2666578328419518,,,
