run_id,tool,dbms,repeat_id,elapsed_min,risk_branches_hit,target_region_branch_coverage,risk_targets_hit,target_function_hit_rate,global_branches_hit,global_branch_coverage
postgresql_sqleek_r1,SQLeek,PostgreSQL,1,0,1200.0,0.375,2738.478260869565,0.5652173913043478,37868.0,0.2219435001758293
postgresql_sqleek_r1,SQLeek,PostgreSQL,1,60,1200.0,0.375,2949.1304347826085,0.608695652173913,80415.0,0.4713105145938343
postgresql_sqleek_r1,SQLeek,PostgreSQL,1,180,1200.0,0.375,3159.782608695652,0.6521739130434783,81774.0,0.4792755831672723
postgresql_sqleek_r1,SQLeek,PostgreSQL,1,300,1200.0,0.375,3159.782608695652,0.6521739130434783,82473.0,0.4833724065174071
postgresql_sqleek_r1,SQLeek,PostgreSQL,1,480,1400.0,0.4375,3370.4347826086955,0.6956521739130435,83013.0,0.4865373344273825
postgresql_sqleek_r1,SQLeek,PostgreSQL,1,600,1400.0,0.4375,3370.4347826086955,0.6956521739130435,83163.0,0.4874164810690423
postgresql_sqleek_r1,SQLeek,PostgreSQL,1,720,1400.0,0.4375,3370.4347826086955,0.6956521739130435,83217.0,0.4877329738600398
postgresql_sqleek_r1,SQLeek,PostgreSQL,1,900,1400.0,0.4375,3370.4347826086955,0.6956521739130435,83385.0,0.4887176180986988
postgresql_sqleek_r1,SQLeek,PostgreSQL,1,1200,1400.0,0.4375,3370.4347826086955,0.6956521739130435,83521.0,0.4895147110538038
postgresql_sqleek_r1,SQLeek,PostgreSQL,1,1440,1400.0,0.4375,3370.4347826086955,0.6956521739130435,83577.0,0.4898429258000234
postgresql_sqlaser_r1,SQLaser,PostgreSQL,1,0,200.0,0.0625,1239.418604651163,0.2558139534883721,1058.8744519345607,0.1470658961020223
postgresql_sqlaser_r1,SQLaser,PostgreSQL,1,60,200.0,0.0625,1239.418604651163,0.2558139534883721,1058.8744519345607,0.1470658961020223
postgresql_sqlaser_r1,SQLaser,PostgreSQL,1,180,200.0,0.0625,1239.418604651163,0.2558139534883721,1058.8744519345607,0.1470658961020223
postgresql_sqlaser_r1,SQLaser,PostgreSQL,1,300,200.0,0.0625,1239.418604651163,0.2558139534883721,1058.8744519345607,0.1470658961020223
postgresql_sqlaser_r1,SQLaser,PostgreSQL,1,480,200.0,0.0625,1239.418604651163,0.2558139534883721,1058.8744519345607,0.1470658961020223
postgresql_sqlaser_r1,SQLaser,PostgreSQL,1,600,200.0,0.0625,1239.418604651163,0.2558139534883721,1058.8744519345607,0.1470658961020223
postgresql_sqlaser_r1,SQLaser,PostgreSQL,1,720,200.0,0.0625,1239.418604651163,0.2558139534883721,1058.8744519345607,0.1470658961020223
postgresql_sqlaser_r1,SQLaser,PostgreSQL,1,900,200.0,0.0625,1239.418604651163,0.2558139534883721,1058.8744519345607,0.1470658961020223
postgresql_sqlaser_r1,SQLaser,PostgreSQL,1,1200,200.0,0.0625,1239.418604651163,0.2558139534883721,1058.8744519345607,0.1470658961020223
postgresql_sqlaser_r1,SQLaser,PostgreSQL,1,1440,200.0,0.0625,1239.418604651163,0.2558139534883721,1058.8744519345607,0.1470658961020223
postgresql_aflgo_r1,AFLGo,PostgreSQL,1,0,100.0,0.03125,8.0,0.1627906976744186,16933.0,0.0678639274750114
postgresql_aflgo_r1,AFLGo,PostgreSQL,1,60,100.0,0.03125,8.0,0.1627906976744186,18507.0,0.0741721907387962
postgresql_aflgo_r1,AFLGo,PostgreSQL,1,180,100.0,0.03125,8.0,0.1627906976744186,20503.0,0.0821717418661878
postgresql_aflgo_r1,AFLGo,PostgreSQL,1,300,100.0,0.03125,8.0,0.1627906976744186,20692.0,0.0829292143927795
postgresql_aflgo_r1,AFLGo,PostgreSQL,1,480,100.0,0.03125,8.0,0.1627906976744186,20762.0,0.0832097597729987
postgresql_aflgo_r1,AFLGo,PostgreSQL,1,600,100.0,0.03125,8.0,0.1627906976744186,20766.0,0.0832257909375826
postgresql_aflgo_r1,AFLGo,PostgreSQL,1,720,100.0,0.03125,8.0,0.1627906976744186,20766.0,0.0832257909375826
postgresql_aflgo_r1,AFLGo,PostgreSQL,1,900,100.0,0.03125,8.0,0.1627906976744186,20766.0,0.0832257909375826
postgresql_aflgo_r1,AFLGo,PostgreSQL,1,1200,100.0,0.03125,8.0,0.1627906976744186,20766.0,0.0832257909375826
postgresql_aflgo_r1,AFLGo,PostgreSQL,1,1440,100.0,0.03125,8.0,0.1627906976744186,20768.0,0.0832338065198746
postgresql_squirrel_r1,SQUIRREL,PostgreSQL,1,60,600.0,0.1875,2816.860465116279,0.5813953488372093,52025.0,0.2085053343700153
postgresql_squirrel_r1,SQUIRREL,PostgreSQL,1,180,600.0,0.1875,3042.2093023255816,0.627906976744186,57930.0,0.2321713410870732
postgresql_squirrel_r1,SQUIRREL,PostgreSQL,1,300,600.0,0.1875,3042.2093023255816,0.627906976744186,58483.0,0.2343876495908045
postgresql_squirrel_r1,SQUIRREL,PostgreSQL,1,480,600.0,0.1875,3042.2093023255816,0.627906976744186,59042.0,0.2366280048414117
postgresql_squirrel_r1,SQUIRREL,PostgreSQL,1,600,600.0,0.1875,3042.2093023255816,0.627906976744186,59269.0,0.2375377734315509
postgresql_squirrel_r1,SQUIRREL,PostgreSQL,1,720,600.0,0.1875,3042.2093023255816,0.627906976744186,59345.0,0.237842365558646
postgresql_squirrel_r1,SQUIRREL,PostgreSQL,1,900,600.0,0.1875,3042.2093023255816,0.627906976744186,59561.0,0.2387080484461793
postgresql_squirrel_r1,SQUIRREL,PostgreSQL,1,1200,600.0,0.1875,3042.2093023255816,0.627906976744186,60497.0,0.2424593409588239
postgresql_squirrel_r1,SQUIRREL,PostgreSQL,1,1440,600.0,0.1875,3042.2093023255816,0.627906976744186,60855.0,0.2438941301890876
postgresql_squirrel_r2,SQUIRREL,PostgreSQL,2,60,600.0,0.1875,2816.860465116279,0.5813953488372093,53261.0,0.2134589642264562
postgresql_squirrel_r2,SQUIRREL,PostgreSQL,2,180,600.0,0.1875,3042.2093023255816,0.627906976744186,57870.0,0.231930873618314
postgresql_squirrel_r2,SQUIRREL,PostgreSQL,2,300,600.0,0.1875,3042.2093023255816,0.627906976744186,58506.0,0.2344798287871622
postgresql_squirrel_r2,SQUIRREL,PostgreSQL,2,480,600.0,0.1875,3042.2093023255816,0.627906976744186,59092.0,0.2368283943987111
postgresql_squirrel_r2,SQUIRREL,PostgreSQL,2,600,600.0,0.1875,3042.2093023255816,0.627906976744186,59245.0,0.2374415864440472
postgresql_squirrel_r2,SQUIRREL,PostgreSQL,2,720,600.0,0.1875,3042.2093023255816,0.627906976744186,59390.0,0.2380227161602154
postgresql_squirrel_r2,SQUIRREL,PostgreSQL,2,900,600.0,0.1875,3042.2093023255816,0.627906976744186,59554.0,0.2386799939081574
postgresql_squirrel_r2,SQUIRREL,PostgreSQL,2,1200,600.0,0.1875,3042.2093023255816,0.627906976744186,60102.0,0.2408762634561587
postgresql_squirrel_r2,SQUIRREL,PostgreSQL,2,1440,600.0,0.1875,3042.2093023255816,0.627906976744186,60228.0,0.2413812451405532
postgresql_squirrel_r3,SQUIRREL,PostgreSQL,3,60,600.0,0.1875,3042.2093023255816,0.627906976744186,53190.0,0.2131744110550911
postgresql_squirrel_r3,SQUIRREL,PostgreSQL,3,180,700.0,0.21875,3267.558139534884,0.6744186046511628,56710.0,0.2272818358889681
postgresql_squirrel_r3,SQUIRREL,PostgreSQL,3,300,700.0,0.21875,3267.558139534884,0.6744186046511628,57203.0,0.2292576769239401
postgresql_squirrel_r3,SQUIRREL,PostgreSQL,3,480,700.0,0.21875,3267.558139534884,0.6744186046511628,57975.0,0.2323516916886427
postgresql_squirrel_r3,SQUIRREL,PostgreSQL,3,600,700.0,0.21875,3267.558139534884,0.6744186046511628,58181.0,0.2331772966647162
postgresql_squirrel_r3,SQUIRREL,PostgreSQL,3,720,700.0,0.21875,3267.558139534884,0.6744186046511628,58500.0,0.2344557820402863
postgresql_squirrel_r3,SQUIRREL,PostgreSQL,3,900,700.0,0.21875,3267.558139534884,0.6744186046511628,58679.0,0.2351731766554181
postgresql_squirrel_r3,SQUIRREL,PostgreSQL,3,1200,700.0,0.21875,3267.558139534884,0.6744186046511628,58952.0,0.2362673036382728
postgresql_squirrel_r3,SQUIRREL,PostgreSQL,3,1440,700.0,0.21875,3267.558139534884,0.6744186046511628,59131.0,0.2369846982534046
postgresql_squirrel_r4,SQUIRREL,PostgreSQL,4,60,600.0,0.1875,3042.2093023255816,0.627906976744186,53962.0,0.2162684258197937
postgresql_squirrel_r4,SQUIRREL,PostgreSQL,4,180,700.0,0.21875,3267.558139534884,0.6744186046511628,55856.0,0.2238591822502945
postgresql_squirrel_r4,SQUIRREL,PostgreSQL,4,300,700.0,0.21875,3267.558139534884,0.6744186046511628,56568.0,0.2267127295462379
postgresql_squirrel_r4,SQUIRREL,PostgreSQL,4,480,700.0,0.21875,3267.558139534884,0.6744186046511628,57938.0,0.2322034034162411
postgresql_squirrel_r4,SQUIRREL,PostgreSQL,4,600,700.0,0.21875,3267.558139534884,0.6744186046511628,58521.0,0.234539945654352
postgresql_squirrel_r4,SQUIRREL,PostgreSQL,4,720,700.0,0.21875,3267.558139534884,0.6744186046511628,58686.0,0.23520123119344
postgresql_squirrel_r4,SQUIRREL,PostgreSQL,4,900,700.0,0.21875,3267.558139534884,0.6744186046511628,58898.0,0.2360508829163894
postgresql_squirrel_r4,SQUIRREL,PostgreSQL,4,1200,700.0,0.21875,3267.558139534884,0.6744186046511628,59318.0,0.2377341551977043
postgresql_squirrel_r4,SQUIRREL,PostgreSQL,4,1440,700.0,0.21875,3267.558139534884,0.6744186046511628,59570.0,0.2387441185664932
postgresql_squirrel_r5,SQUIRREL,PostgreSQL,5,60,600.0,0.1875,3042.2093023255816,0.627906976744186,55093.0,0.2208012376059059
postgresql_squirrel_r5,SQUIRREL,PostgreSQL,5,180,600.0,0.1875,3042.2093023255816,0.627906976744186,57515.0,0.2305081077614883
postgresql_squirrel_r5,SQUIRREL,PostgreSQL,5,300,700.0,0.21875,3267.558139534884,0.6744186046511628,58301.0,0.2336582316022347
postgresql_squirrel_r5,SQUIRREL,PostgreSQL,5,480,700.0,0.21875,3267.558139534884,0.6744186046511628,59313.0,0.2377141162419744
postgresql_squirrel_r5,SQUIRREL,PostgreSQL,5,600,700.0,0.21875,3267.558139534884,0.6744186046511628,59713.0,0.2393172327003695
postgresql_squirrel_r5,SQUIRREL,PostgreSQL,5,720,700.0,0.21875,3267.558139534884,0.6744186046511628,59981.0,0.2403913207274942
postgresql_squirrel_r5,SQUIRREL,PostgreSQL,5,900,700.0,0.21875,3267.558139534884,0.6744186046511628,60086.0,0.2408121387978229
postgresql_squirrel_r5,SQUIRREL,PostgreSQL,5,1200,700.0,0.21875,3267.558139534884,0.6744186046511628,60845.0,0.2438540522776277
postgresql_squirrel_r5,SQUIRREL,PostgreSQL,5,1440,700.0,0.21875,3267.558139534884,0.6744186046511628,60893.0,0.2440464262526351
mysql_sqleek_full_r1,SQLeek,MySQL,1,0,0.0,0.0,0.0,0.0,0.0,0.0
mysql_sqleek_full_r1,SQLeek,MySQL,1,60,2062.0,0.4480660582355497,857.0,0.6199740596627756,104887.0,0.3208102916707448
mysql_sqleek_full_r1,SQLeek,MySQL,1,180,2246.0,0.4880486744893524,890.0,0.6368352788586251,112511.0,0.344129269844377
mysql_sqleek_full_r1,SQLeek,MySQL,1,300,2313.0,0.5026075619295959,902.0,0.6459143968871596,116614.0,0.3566788196143682
mysql_sqleek_full_r1,SQLeek,MySQL,1,480,2442.0,0.530638852672751,936.0,0.6770428015564203,121363.0,0.3712042429284525
mysql_sqleek_full_r1,SQLeek,MySQL,1,600,2479.0,0.5386788352890047,938.0,0.6796368352788587,122495.0,0.3746666095722815
mysql_sqleek_full_r1,SQLeek,MySQL,1,720,2495.0,0.5421555845284659,939.0,0.6809338521400778,122732.0,0.3753915043554859
mysql_sqleek_full_r1,SQLeek,MySQL,1,900,2527.0,0.5491090830073881,939.0,0.6809338521400778,123488.0,0.3777038269550749
mysql_sqleek_full_r1,SQLeek,MySQL,1,1200,2609.0,0.5669274228596263,947.0,0.6874189364461738,125089.0,0.3826006900264265
mysql_sqleek_full_r1,SQLeek,MySQL,1,1440,2649.0,0.575619295958279,949.0,0.6874189364461738,125974.0,0.3853075756092786
mysql_sqlaser_r1,SQLaser,MySQL,1,0,782.0,0.1699261190786614,389.0,0.3138780804150454,51555.0,0.1576875550553
mysql_sqlaser_r1,SQLaser,MySQL,1,60,1781.0,0.3870056497175141,718.0,0.5317769130998703,92147.0,0.2818433737887834
mysql_sqlaser_r1,SQLaser,MySQL,1,180,1879.0,0.4083007388092133,745.0,0.5525291828793775,95670.0,0.2926189194479788
mysql_sqlaser_r1,SQLaser,MySQL,1,300,1960.0,0.4259017818339852,763.0,0.5667963683527886,99140.0,0.3032323578349809
mysql_sqlaser_r1,SQLaser,MySQL,1,480,2057.0,0.4469795740982181,788.0,0.5901426718547341,102688.0,0.3140843691886072
mysql_sqlaser_r1,SQLaser,MySQL,1,600,2079.0,0.4517601043024772,794.0,0.5927367055771725,103902.0,0.3177975433101693
mysql_sqlaser_r1,SQLaser,MySQL,1,720,2093.0,0.4548022598870056,796.0,0.5927367055771725,104957.0,0.3210243956151512
mysql_sqlaser_r1,SQLaser,MySQL,1,900,2111.0,0.4587136027813994,800.0,0.5927367055771725,106083.0,0.3244684104923167
mysql_sqlaser_r1,SQLaser,MySQL,1,1200,2148.0,0.4667535853976532,805.0,0.5940337224383917,107473.0,0.328719903102672
mysql_sqlaser_r1,SQLaser,MySQL,1,1440,2161.0,0.4695784441547153,807.0,0.5953307392996109,107970.0,0.3302400411079573
mysql_sqlaser_r3,SQLaser,MySQL,3,0,782.0,0.1699261190786614,389.0,0.3138780804150454,51519.0,0.1575774444553195
mysql_sqlaser_r3,SQLaser,MySQL,3,60,1789.0,0.3887440243372447,734.0,0.5421530479896238,92045.0,0.2815313937555055
mysql_sqlaser_r3,SQLaser,MySQL,3,180,1909.0,0.4148196436332029,768.0,0.556420233463035,99181.0,0.3033577615738475
mysql_sqlaser_r3,SQLaser,MySQL,3,300,2006.0,0.4358974358974359,788.0,0.5706874189364461,101312.0,0.3098756973671332
mysql_sqlaser_r3,SQLaser,MySQL,3,480,2116.0,0.459800086918731,811.0,0.5901426718547341,103018.0,0.3150937163550945
mysql_sqlaser_r3,SQLaser,MySQL,3,600,2146.0,0.4663189917427205,817.0,0.5953307392996109,104175.0,0.3186325486933542
mysql_sqlaser_r3,SQLaser,MySQL,3,720,2163.0,0.470013037809648,821.0,0.5966277561608301,104447.0,0.3194644954487619
mysql_sqlaser_r3,SQLaser,MySQL,3,900,2189.0,0.4756627553237723,827.0,0.5992217898832685,105497.0,0.3226760546148576
mysql_sqlaser_r3,SQLaser,MySQL,3,1200,2235.0,0.4856584093872229,835.0,0.6070038910505836,106791.0,0.3266339189585984
mysql_sqlaser_r3,SQLaser,MySQL,3,1440,2242.0,0.4871794871794871,839.0,0.6095979247730221,107366.0,0.328392629930508
mysql_sqlaser_r4,SQLaser,MySQL,4,0,782.0,0.1699261190786614,389.0,0.3138780804150454,51528.0,0.1576049721053146
mysql_sqlaser_r4,SQLaser,MySQL,4,60,1823.0,0.3961321164710995,741.0,0.5408560311284046,91945.0,0.2812255309777821
mysql_sqlaser_r4,SQLaser,MySQL,4,180,2022.0,0.439374185136897,785.0,0.5771725032425421,97552.0,0.2983752569247332
mysql_sqlaser_r4,SQLaser,MySQL,4,300,2070.0,0.4498044328552803,795.0,0.5810635538261998,99878.0,0.3054896251345796
mysql_sqlaser_r4,SQLaser,MySQL,4,480,2131.0,0.4630595393307257,816.0,0.6018158236057068,102786.0,0.3143841147107761
mysql_sqlaser_r4,SQLaser,MySQL,4,600,2150.0,0.4671881790525858,822.0,0.6070038910505836,103402.0,0.3162682294215523
mysql_sqlaser_r4,SQLaser,MySQL,4,720,2166.0,0.4706649282920469,826.0,0.6095979247730221,103785.0,0.3174396838602329
mysql_sqlaser_r4,SQLaser,MySQL,4,900,2194.0,0.4767492394611038,836.0,0.6160830090791181,105185.0,0.3217217627483605
mysql_sqlaser_r4,SQLaser,MySQL,4,1200,2201.0,0.4782703172533681,836.0,0.6160830090791181,105827.0,0.3236854017813448
mysql_sqlaser_r4,SQLaser,MySQL,4,1440,2206.0,0.4793568013906997,838.0,0.6160830090791181,106167.0,0.3247253352256044
mysql_sqlaser_r5,SQLaser,MySQL,5,0,782.0,0.1699261190786614,389.0,0.3138780804150454,51563.0,0.1577120240775178
mysql_sqlaser_r5,SQLaser,MySQL,5,60,1345.0,0.292264232942199,600.0,0.4513618677042801,71772.0,0.2195238328276402
mysql_sqlaser_r5,SQLaser,MySQL,5,180,1849.0,0.4017818339852238,725.0,0.5460440985732814,89505.0,0.2737624792013311
mysql_sqlaser_r5,SQLaser,MySQL,5,300,1924.0,0.4180790960451977,750.0,0.5590142671854734,94715.0,0.2896979299207203
mysql_sqlaser_r5,SQLaser,MySQL,5,480,2042.0,0.4437201216862234,774.0,0.5745784695201037,98561.0,0.3014614123519624
mysql_sqlaser_r5,SQLaser,MySQL,5,600,2075.0,0.4508909169926119,776.0,0.5745784695201037,99935.0,0.3056639669178819
mysql_sqlaser_r5,SQLaser,MySQL,5,720,2083.0,0.4526292916123424,782.0,0.5771725032425421,100527.0,0.3074746745620045
mysql_sqlaser_r5,SQLaser,MySQL,5,900,2104.0,0.4571925249891351,794.0,0.5901426718547341,101579.0,0.3106923509836547
mysql_sqlaser_r5,SQLaser,MySQL,5,1200,2159.0,0.4691438504997827,809.0,0.5992217898832685,103510.0,0.3165985612214936
mysql_sqlaser_r5,SQLaser,MySQL,5,1440,2172.0,0.4719687092568448,809.0,0.5992217898832685,104020.0,0.3181584613878829
mysql_aflgo_r1,AFLGo,MySQL,1,0,1172.0,0.2546718817905258,528.0,0.4020752269779507,63502.0,0.1942289811099148
mysql_aflgo_r1,AFLGo,MySQL,1,60,1172.0,0.2546718817905258,528.0,0.4020752269779507,64047.0,0.1958959332485074
mysql_aflgo_r1,AFLGo,MySQL,1,180,1172.0,0.2546718817905258,528.0,0.4020752269779507,64147.0,0.1962017960262307
mysql_aflgo_r1,AFLGo,MySQL,1,300,1172.0,0.2546718817905258,528.0,0.4020752269779507,64159.0,0.1962384995595576
mysql_aflgo_r1,AFLGo,MySQL,1,480,1172.0,0.2546718817905258,528.0,0.4020752269779507,64165.0,0.196256851326221
mysql_aflgo_r1,AFLGo,MySQL,1,600,1172.0,0.2546718817905258,528.0,0.4020752269779507,64185.0,0.1963180238817657
mysql_aflgo_r1,AFLGo,MySQL,1,720,1172.0,0.2546718817905258,528.0,0.4020752269779507,64213.0,0.1964036654595282
mysql_aflgo_r1,AFLGo,MySQL,1,900,1172.0,0.2546718817905258,528.0,0.4020752269779507,64222.0,0.1964311931095233
mysql_aflgo_r1,AFLGo,MySQL,1,1200,1172.0,0.2546718817905258,528.0,0.4020752269779507,64223.0,0.1964342517373005
mysql_aflgo_r1,AFLGo,MySQL,1,1440,1172.0,0.2546718817905258,528.0,0.4020752269779507,64229.0,0.1964526035039639
mysql_squirrel_r1,SQUIRREL,MySQL,1,60,1037.0,0.2253368100825728,460.0,0.37094682230869,56584.0,0.1730693941470099
mysql_squirrel_r1,SQUIRREL,MySQL,1,180,1258.0,0.2733594089526293,510.0,0.4033722438391699,58366.0,0.1785198688460409
mysql_squirrel_r1,SQUIRREL,MySQL,1,300,1281.0,0.2783572359843546,514.0,0.4046692607003891,58632.0,0.1793334638347851
mysql_squirrel_r1,SQUIRREL,MySQL,1,480,1290.0,0.2803129074315515,516.0,0.4046692607003891,58699.0,0.1795383918958598
mysql_squirrel_r1,SQUIRREL,MySQL,1,600,1290.0,0.2803129074315515,516.0,0.4046692607003891,58712.0,0.1795781540569639
mysql_squirrel_r1,SQUIRREL,MySQL,1,720,1292.0,0.2807475010864841,516.0,0.4046692607003891,58722.0,0.1796087403347362
mysql_squirrel_r1,SQUIRREL,MySQL,1,900,1296.0,0.2816166883963494,516.0,0.4046692607003891,58727.0,0.1796240334736224
mysql_squirrel_r1,SQUIRREL,MySQL,1,1200,1308.0,0.2842242503259452,521.0,0.4098573281452659,60111.0,0.1838571743173142
mysql_squirrel_r1,SQUIRREL,MySQL,1,1440,1308.0,0.2842242503259452,521.0,0.4098573281452659,60130.0,0.1839152882450817
mysql_squirrel_r2,SQUIRREL,MySQL,2,60,1055.0,0.2292481529769665,462.0,0.3657587548638132,56701.0,0.1734272535969462
mysql_squirrel_r2,SQUIRREL,MySQL,2,180,1264.0,0.2746631899174272,519.0,0.4098573281452659,58520.0,0.1789908975237349
mysql_squirrel_r2,SQUIRREL,MySQL,2,300,1297.0,0.2818339852238157,519.0,0.4098573281452659,58953.0,0.1803152833512772
mysql_squirrel_r2,SQUIRREL,MySQL,2,480,1299.0,0.2822685788787483,519.0,0.4098573281452659,58964.0,0.1803489282568268
mysql_squirrel_r2,SQUIRREL,MySQL,2,600,1306.0,0.2837896566710126,519.0,0.4098573281452659,58998.0,0.1804529216012528
mysql_squirrel_r2,SQUIRREL,MySQL,2,720,1312.0,0.2850934376358105,526.0,0.4150453955901427,59034.0,0.1805630322012332
mysql_squirrel_r2,SQUIRREL,MySQL,2,900,1313.0,0.2853107344632768,526.0,0.4150453955901427,59063.0,0.180651732406773
mysql_squirrel_r2,SQUIRREL,MySQL,2,1200,1318.0,0.2863972186006084,528.0,0.4150453955901427,59113.0,0.1808046637956347
mysql_squirrel_r2,SQUIRREL,MySQL,2,1440,1318.0,0.2863972186006084,528.0,0.4150453955901427,59161.0,0.1809514779289419
mysql_squirrel_r3,SQUIRREL,MySQL,3,60,1045.0,0.2270751847023033,459.0,0.3657587548638132,56810.0,0.1737606440246647
mysql_squirrel_r3,SQUIRREL,MySQL,3,180,1190.0,0.2585832246849196,509.0,0.4059662775616083,57666.0,0.1763788294019771
mysql_squirrel_r3,SQUIRREL,MySQL,3,300,1237.0,0.2687961755758365,517.0,0.4085603112840467,57920.0,0.1771557208573945
mysql_squirrel_r3,SQUIRREL,MySQL,3,480,1246.0,0.2707518470230334,517.0,0.4085603112840467,57959.0,0.1772750073407066
mysql_squirrel_r3,SQUIRREL,MySQL,3,600,1246.0,0.2707518470230334,517.0,0.4085603112840467,57968.0,0.1773025349907017
mysql_squirrel_r3,SQUIRREL,MySQL,3,720,1262.0,0.2742285962624946,519.0,0.4085603112840467,58230.0,0.178103895468337
mysql_squirrel_r3,SQUIRREL,MySQL,3,900,1262.0,0.2742285962624946,519.0,0.4085603112840467,58245.0,0.1781497748849956
mysql_squirrel_r3,SQUIRREL,MySQL,3,1200,1263.0,0.2744458930899608,519.0,0.4085603112840467,58289.0,0.1782843545071939
mysql_squirrel_r3,SQUIRREL,MySQL,3,1440,1263.0,0.2744458930899608,519.0,0.4085603112840467,58293.0,0.1782965890183028
mysql_squirrel_r4,SQUIRREL,MySQL,4,60,1037.0,0.2253368100825728,467.0,0.3735408560311284,57011.0,0.1743754282078888
mysql_squirrel_r4,SQUIRREL,MySQL,4,180,1267.0,0.2753150803998261,521.0,0.4098573281452659,59139.0,0.1808841881178428
mysql_squirrel_r4,SQUIRREL,MySQL,4,300,1322.0,0.2872664059104737,529.0,0.4137483787289234,59975.0,0.1834412009396104
mysql_squirrel_r4,SQUIRREL,MySQL,4,480,1328.0,0.2885701868752716,529.0,0.4137483787289234,60104.0,0.1838357639228736
mysql_squirrel_r4,SQUIRREL,MySQL,4,600,1328.0,0.2885701868752716,529.0,0.4137483787289234,60122.0,0.1838908192228638
mysql_squirrel_r4,SQUIRREL,MySQL,4,720,1328.0,0.2885701868752716,529.0,0.4137483787289234,60213.0,0.1841691543505921
mysql_squirrel_r4,SQUIRREL,MySQL,4,900,1328.0,0.2885701868752716,529.0,0.4137483787289234,60227.0,0.1842119751394734
mysql_squirrel_r4,SQUIRREL,MySQL,4,1200,1328.0,0.2885701868752716,529.0,0.4137483787289234,60243.0,0.1842609131839091
mysql_squirrel_r4,SQUIRREL,MySQL,4,1440,1329.0,0.2887874837027379,529.0,0.4137483787289234,60238.0,0.184245620045023
mariadb_sqleek_r1,SQLeek,MariaDB,1,0,1054,0.24811676082862524,1011,0.3426280934123388,50710,0.1718913128957466
mariadb_sqleek_r1,SQLeek,MariaDB,1,60,1911,0.4498587570621469,1779,0.5984663645869641,91415,0.3098687511016501
mariadb_sqleek_r1,SQLeek,MariaDB,1,180,2054,0.4835216572504708,1864,0.6242593238062043,98038,0.33231868534161324
mariadb_sqleek_r1,SQLeek,MariaDB,1,300,2144,0.504708097928437,1961,0.6570233530846985,100928,0.3421148970211381
mariadb_sqleek_r1,SQLeek,MariaDB,1,480,2192,0.5160075329566854,2000,0.6695712791913558,104417,0.3539415345816441
mariadb_sqleek_r1,SQLeek,MariaDB,1,600,2205,0.5190677966101694,2011,0.6734053677239457,105273,0.3568431114666522
mariadb_sqleek_r1,SQLeek,MariaDB,1,720,2227,0.52424670433145,2035,0.6810735447891252,106576,0.3612598809539951
mariadb_sqleek_r1,SQLeek,MariaDB,1,900,2237,0.5266007532956686,2044,0.6838619728128268,107765,0.36529022548235324
mariadb_sqleek_r1,SQLeek,MariaDB,1,1200,2321,0.5463747645951036,2098,0.7016382014639247,110659,0.37509999593236887
mariadb_sqleek_r1,SQLeek,MariaDB,1,1440,2332,0.5489642184557438,2102,0.7030324154757756,111171,0.37683551855517744
mariadb_sqleek_r2,SQLeek,MariaDB,2,0,1054,0.24811676082862524,1011,0.3426280934123388,50686,0.17180996027280246
mariadb_sqleek_r2,SQLeek,MariaDB,2,60,1956,0.4604519774011299,1816,0.6124085047054723,93046,0.31539733976922973
mariadb_sqleek_r2,SQLeek,MariaDB,2,180,2064,0.4858757062146893,1922,0.6444754269780412,99732,0.3380608246444212
mariadb_sqleek_r2,SQLeek,MariaDB,2,300,2132,0.5018832391713748,1975,0.6615545486232136,102781,0.3483959974509511
mariadb_sqleek_r2,SQLeek,MariaDB,2,480,2190,0.5155367231638418,2025,0.6779365632624608,104929,0.3556770572044527
mariadb_sqleek_r2,SQLeek,MariaDB,2,600,2233,0.5256591337099812,2046,0.6838619728128268,105849,0.35879557441731186
mariadb_sqleek_r2,SQLeek,MariaDB,2,720,2256,0.5310734463276836,2058,0.6880446148483792,106910,0.36239203828996785
mariadb_sqleek_r2,SQLeek,MariaDB,2,900,2287,0.5383709981167608,2084,0.6967584524224468,109139,0.36994766314590594
mariadb_sqleek_r2,SQLeek,MariaDB,2,1200,2325,0.547316384180791,2092,0.698849773440223,111712,0.3786693422640435
mariadb_sqleek_r2,SQLeek,MariaDB,2,1440,2328,0.5480225988700564,2094,0.6995468804461484,112661,0.38188616056296015
mariadb_aflgo_r1,AFLGo,MariaDB,1,0,935.0,0.2336331834082958,898.0,0.304635761589404,47409.0,0.1607019375483031
mariadb_aflgo_r1,AFLGo,MariaDB,1,60,944.0,0.2358820589705147,903.0,0.3063785291042175,48420.0,0.1641289167898255
mariadb_aflgo_r1,AFLGo,MariaDB,1,180,945.0,0.2361319340329835,903.0,0.3063785291042175,48685.0,0.1650271853348338
mariadb_aflgo_r1,AFLGo,MariaDB,1,300,986.0,0.2463768115942029,937.0,0.3171836876960613,49371.0,0.1673525144739875
mariadb_aflgo_r1,AFLGo,MariaDB,1,480,996.0,0.2488755622188905,942.0,0.3189264552108748,49728.0,0.1685626347402817
mariadb_aflgo_r1,AFLGo,MariaDB,1,600,996.0,0.2488755622188905,942.0,0.3189264552108748,49740.0,0.1686033110517538
mariadb_aflgo_r1,AFLGo,MariaDB,1,720,996.0,0.2488755622188905,942.0,0.3189264552108748,49740.0,0.1686033110517538
mariadb_aflgo_r1,AFLGo,MariaDB,1,900,996.0,0.2488755622188905,942.0,0.3189264552108748,49747.0,0.1686270389001125
mariadb_aflgo_r1,AFLGo,MariaDB,1,1200,996.0,0.2488755622188905,942.0,0.3189264552108748,49753.0,0.1686473770558485
mariadb_aflgo_r1,AFLGo,MariaDB,1,1440,996.0,0.2488755622188905,942.0,0.3189264552108748,49753.0,0.1686473770558485
mariadb_griffin_r2,Griffin,MariaDB,2,60,1183.0,0.2784839924670433,1151.0,0.3900313698152666,64027.0,0.2170318495518826
mariadb_griffin_r2,Griffin,MariaDB,2,180,1203.0,0.2831920903954802,1170.0,0.396653886371558,64997.0,0.2203198513958754
mariadb_griffin_r2,Griffin,MariaDB,2,300,1223.0,0.2879001883239171,1196.0,0.4057162774485883,65229.0,0.2211062600843355
mariadb_griffin_r2,Griffin,MariaDB,2,480,1536.0,0.3615819209039548,1411.0,0.4736842105263157,70534.0,0.2390885794476157
mariadb_griffin_r2,Griffin,MariaDB,2,600,1544.0,0.3634651600753296,1413.0,0.4743813175322412,70644.0,0.2394614456361097
mariadb_griffin_r2,Griffin,MariaDB,2,720,1569.0,0.3693502824858757,1425.0,0.4775182990589055,71107.0,0.2410308733204073
mariadb_griffin_r2,Griffin,MariaDB,2,900,1602.0,0.3771186440677966,1446.0,0.4844893691181596,71474.0,0.2422748905129282
mariadb_griffin_r2,Griffin,MariaDB,2,1200,1610.0,0.3790018832391714,1449.0,0.4855350296270477,71563.0,0.2425765731563461
mariadb_griffin_r2,Griffin,MariaDB,2,1440,1621.0,0.3815913370998117,1452.0,0.4865806901359358,71766.0,0.2432646807587488
mariadb_squirrel_r1,SQUIRREL,MariaDB,1,60,1180.0,0.2777777777777778,1112.0,0.3771348902056465,64367.0,0.2181843450435914
mariadb_squirrel_r1,SQUIRREL,MariaDB,1,180,1229.0,0.2893126177024482,1142.0,0.387242941791565,66218.0,0.2244586660881591
mariadb_squirrel_r1,SQUIRREL,MariaDB,1,300,1298.0,0.3055555555555556,1201.0,0.406064830951551,67438.0,0.2285940910878201
mariadb_squirrel_r1,SQUIRREL,MariaDB,1,480,1331.0,0.3133239171374765,1231.0,0.4165214360404322,67734.0,0.2295974401041313
mariadb_squirrel_r1,SQUIRREL,MariaDB,1,600,1331.0,0.3133239171374765,1233.0,0.4172185430463576,67743.0,0.2296279473377354
mariadb_squirrel_r1,SQUIRREL,MariaDB,1,720,1345.0,0.3166195856873823,1244.0,0.4203555245730219,68113.0,0.2308821336081244
mariadb_squirrel_r1,SQUIRREL,MariaDB,1,900,1345.0,0.3166195856873823,1244.0,0.4203555245730219,68123.0,0.2309160305343511
mariadb_squirrel_r1,SQUIRREL,MariaDB,1,1200,1346.0,0.3168549905838041,1244.0,0.4203555245730219,68154.0,0.231021111005654
mariadb_squirrel_r1,SQUIRREL,MariaDB,1,1440,1410.0,0.3319209039548023,1311.0,0.4412687347507842,69344.0,0.2350548452266348
monetdb_sqleek_r1,SQLeek,MonetDB,1,60,29077.0,0.2422235550890521,8525.0,0.834771397401567,82365.0,0.2728492397389604
monetdb_sqleek_r1,SQLeek,MonetDB,1,180,31824.0,0.2651072124756335,8578.0,0.8400277695130417,87553.0,0.2900354457216683
monetdb_sqleek_r1,SQLeek,MonetDB,1,300,32919.0,0.2742290198430549,8584.0,0.8406228305067937,89942.0,0.2979494484380693
monetdb_sqleek_r1,SQLeek,MonetDB,1,480,34042.0,0.2835840789057163,8584.0,0.8406228305067937,91904.0,0.3044489349720078
monetdb_sqleek_r1,SQLeek,MonetDB,1,600,34498.0,0.2873827493710534,8584.0,0.8406228305067937,92834.0,0.3075297313413058
monetdb_sqleek_r1,SQLeek,MonetDB,1,720,35372.0,0.2946635344296163,8587.0,0.8409203610036695,94208.0,0.3120813595256236
monetdb_sqleek_r1,SQLeek,MonetDB,1,900,35909.0,0.299136968727612,8590.0,0.8412178915005455,95119.0,0.3150992148938284
monetdb_sqleek_r1,SQLeek,MonetDB,1,1200,36564.0,0.3045933923126905,8590.0,0.8412178915005455,96429.0,0.3194388312849902
monetdb_sqleek_r1,SQLeek,MonetDB,1,1440,37043.0,0.308583662384832,8593.0,0.8414162451651295,97161.0,0.3218637161692119
monetdb_sqleek_r2,SQLeek,MonetDB,2,60,28641.0,0.2385914929774578,8524.0,0.834870574233859,81694.0,0.2706264285950906
monetdb_sqleek_r2,SQLeek,MonetDB,2,180,31235.0,0.2602005964579064,8569.0,0.83893682435783,86507.0,0.2865703779772749
monetdb_sqleek_r2,SQLeek,MonetDB,2,300,32774.0,0.2730211092784192,8594.0,0.8414162451651295,89197.0,0.2954814986583629
monetdb_sqleek_r2,SQLeek,MonetDB,2,480,33845.0,0.2819429866213492,8595.0,0.8415154219974214,91303.0,0.3024580117269023
monetdb_sqleek_r2,SQLeek,MonetDB,2,600,34636.0,0.2885323470118792,8601.0,0.8421104829911733,92787.0,0.3073740351807069
monetdb_sqleek_r2,SQLeek,MonetDB,2,720,34934.0,0.2910148114826477,8601.0,0.8421104829911733,93523.0,0.3098121708020008
monetdb_sqleek_r2,SQLeek,MonetDB,2,900,35607.0,0.2966211825860949,8602.0,0.8422096598234652,94550.0,0.3132142975453009
monetdb_sqleek_r2,SQLeek,MonetDB,2,1200,36344.0,0.3027607004215191,8603.0,0.8423088366557572,95891.0,0.3176566071487726
monetdb_sqleek_r2,SQLeek,MonetDB,2,1440,36832.0,0.3068259442528448,8603.0,0.8423088366557572,96791.0,0.3206380229900288
monetdb_sqleek_r3,SQLeek,MonetDB,3,60,28808.0,0.2399826727312107,8525.0,0.8349697510661509,81891.0,0.2712790273958989
monetdb_sqleek_r3,SQLeek,MonetDB,3,180,31298.0,0.2607254127721964,8555.0,0.8377467023703263,86629.0,0.2869745254579786
monetdb_sqleek_r3,SQLeek,MonetDB,3,300,33064.0,0.2754369304076906,8579.0,0.8400277695130417,89394.0,0.2961340974591712
monetdb_sqleek_r3,SQLeek,MonetDB,3,480,34729.0,0.2893070758567834,8586.0,0.8407220073390856,92336.0,0.3058800145758107
monetdb_sqleek_r3,SQLeek,MonetDB,3,600,35017.0,0.2917062361506806,8586.0,0.8407220073390856,93143.0,0.3085533507801371
monetdb_sqleek_r3,SQLeek,MonetDB,3,720,35639.0,0.2968877559520834,8599.0,0.8420113061588813,94146.0,0.3118759731010037
monetdb_sqleek_r3,SQLeek,MonetDB,3,900,36091.0,0.300653104746672,8606.0,0.8427055439849251,95209.0,0.3153973564779541
monetdb_sqleek_r3,SQLeek,MonetDB,3,1200,36934.0,0.3076756468569334,8616.0,0.8436973123078448,96913.0,0.3210421704707324
monetdb_sqleek_r3,SQLeek,MonetDB,3,1440,37172.0,0.3096582862664734,8617.0,0.8437964891401368,97445.0,0.3228045185013416
monetdb_sqleek_r4,SQLeek,MonetDB,4,60,28810.0,0.239999333566585,8510.0,0.8334820985817712,81769.0,0.2708748799151952
monetdb_sqleek_r4,SQLeek,MonetDB,4,180,30986.0,0.2581263224538078,8541.0,0.8363582267182387,85496.0,0.2832212541822639
monetdb_sqleek_r4,SQLeek,MonetDB,4,300,32298.0,0.2690558304593392,8550.0,0.8372508182088664,88046.0,0.291668599065823
monetdb_sqleek_r4,SQLeek,MonetDB,4,480,33347.0,0.277794438613152,8562.0,0.8384409401963702,90034.0,0.2982542153907311
monetdb_sqleek_r4,SQLeek,MonetDB,4,600,33901.0,0.2824094900118292,8564.0,0.838639293860954,90942.0,0.3012621327061318
monetdb_sqleek_r4,SQLeek,MonetDB,4,720,34527.0,0.2876243314839806,8564.0,0.838639293860954,92075.0,0.3050154039818465
monetdb_sqleek_r4,SQLeek,MonetDB,4,900,34905.0,0.2907732293697206,8564.0,0.838639293860954,92948.0,0.307907377347865
monetdb_sqleek_r4,SQLeek,MonetDB,4,1200,35867.0,0.298787091184752,8574.0,0.8396310621838738,94730.0,0.3138105807135521
monetdb_sqleek_r4,SQLeek,MonetDB,4,1440,36122.0,0.3009113476949734,8575.0,0.8397302390161658,95289.0,0.315662371219399
monetdb_sqleek_r5,SQLeek,MonetDB,5,60,28714.0,0.2391996134686193,8523.0,0.834672220569275,81660.0,0.2705137973299765
monetdb_sqleek_r5,SQLeek,MonetDB,5,180,30906.0,0.2574598890388364,8558.0,0.8380442328672022,85344.0,0.2827177261735184
monetdb_sqleek_r5,SQLeek,MonetDB,5,300,32579.0,0.2713966778294264,8581.0,0.8403253000099177,88697.0,0.2938251565243316
monetdb_sqleek_r5,SQLeek,MonetDB,5,480,34023.0,0.2834258009696606,8582.0,0.8404244768422097,91681.0,0.3037102063802299
monetdb_sqleek_r5,SQLeek,MonetDB,5,600,34661.0,0.2887406074540578,8582.0,0.8404244768422097,92770.0,0.3073177195481498
monetdb_sqleek_r5,SQLeek,MonetDB,5,720,34913.0,0.2908398727112177,8582.0,0.8404244768422097,93438.0,0.3095305926392155
monetdb_sqleek_r5,SQLeek,MonetDB,5,900,35942.0,0.2994118725112877,8585.0,0.8407220073390856,95190.0,0.3153344154768609
monetdb_sqleek_r5,SQLeek,MonetDB,5,1200,36609.0,0.3049682611086119,8585.0,0.8407220073390856,96315.0,0.3190611852784311
monetdb_sqleek_r5,SQLeek,MonetDB,5,1440,37087.0,0.3089502007630663,8596.0,0.8418129524942973,97093.0,0.3216384536389837
monetdb_aflgo_r1,AFLGo,MonetDB,1,60,12816.0,0.1067626330784225,5807.0,0.5708618466726173,35430.0,0.1173684036174512
monetdb_aflgo_r1,AFLGo,MonetDB,1,180,12819.0,0.1067876243314839,5807.0,0.5708618466726173,35437.0,0.1173915924073276
monetdb_aflgo_r1,AFLGo,MonetDB,1,300,12819.0,0.1067876243314839,5807.0,0.5708618466726173,35435.0,0.1173849670387915
monetdb_aflgo_r1,AFLGo,MonetDB,1,480,12819.0,0.1067876243314839,5807.0,0.5708618466726173,35437.0,0.1173915924073276
monetdb_aflgo_r1,AFLGo,MonetDB,1,600,12819.0,0.1067876243314839,5807.0,0.5708618466726173,35439.0,0.1173982177758637
monetdb_aflgo_r1,AFLGo,MonetDB,1,720,12820.0,0.1067959547491711,5807.0,0.5708618466726173,35437.0,0.1173915924073276
monetdb_aflgo_r1,AFLGo,MonetDB,1,900,12820.0,0.1067959547491711,5807.0,0.5708618466726173,35437.0,0.1173915924073276
monetdb_aflgo_r1,AFLGo,MonetDB,1,1200,12820.0,0.1067959547491711,5807.0,0.5708618466726173,35439.0,0.1173982177758637
monetdb_aflgo_r1,AFLGo,MonetDB,1,1440,12820.0,0.1067959547491711,5807.0,0.5708618466726173,35441.0,0.1174048431443999
monetdb_griffin_r1,Griffin,MonetDB,1,60,26894.0,0.2240382532780193,8348.0,0.817812159079639,77892.0,0.2580316030079173
monetdb_griffin_r1,Griffin,MonetDB,1,180,26894.0,0.2240382532780193,8348.0,0.817812159079639,77892.0,0.2580316030079173
monetdb_griffin_r1,Griffin,MonetDB,1,300,26894.0,0.2240382532780193,8348.0,0.817812159079639,77892.0,0.2580316030079173
monetdb_griffin_r1,Griffin,MonetDB,1,480,26894.0,0.2240382532780193,8348.0,0.817812159079639,77892.0,0.2580316030079173
monetdb_griffin_r1,Griffin,MonetDB,1,600,26894.0,0.2240382532780193,8348.0,0.817812159079639,77892.0,0.2580316030079173
monetdb_griffin_r1,Griffin,MonetDB,1,720,26894.0,0.2240382532780193,8348.0,0.817812159079639,77893.0,0.2580349156921854
monetdb_griffin_r1,Griffin,MonetDB,1,900,26894.0,0.2240382532780193,8348.0,0.817812159079639,77893.0,0.2580349156921854
monetdb_griffin_r1,Griffin,MonetDB,1,1200,26894.0,0.2240382532780193,8348.0,0.817812159079639,77893.0,0.2580349156921854
monetdb_griffin_r1,Griffin,MonetDB,1,1440,26894.0,0.2240382532780193,8348.0,0.817812159079639,77893.0,0.2580349156921854
sqlite_sqleek_r1,SQLeek,SQLite,1,60,2209.0,0.7866809116809117,652.0,0.7294938917975567,28037.0,0.448434151178785
sqlite_sqleek_r1,SQLeek,SQLite,1,180,2209.0,0.7866809116809117,652.0,0.7294938917975567,28070.0,0.4489619653881833
sqlite_sqleek_r1,SQLeek,SQLite,1,300,2209.0,0.7866809116809117,654.0,0.731239092495637,28187.0,0.4508188855479496
sqlite_sqleek_r1,SQLeek,SQLite,1,480,2210.0,0.7870370370370371,654.0,0.731239092495637,28196.0,0.4509628302731751
sqlite_sqleek_r1,SQLeek,SQLite,1,600,2210.0,0.7870370370370371,654.0,0.731239092495637,28197.0,0.4509788241315335
sqlite_sqleek_r1,SQLeek,SQLite,1,720,2210.0,0.7870370370370371,654.0,0.731239092495637,28197.0,0.4509788241315335
sqlite_sqleek_r1,SQLeek,SQLite,1,900,2210.0,0.7870370370370371,654.0,0.731239092495637,28197.0,0.4509788241315335
sqlite_sqleek_r1,SQLeek,SQLite,1,1200,2210.0,0.7870370370370371,654.0,0.731239092495637,28199.0,0.4510108118482502
sqlite_sqleek_r1,SQLeek,SQLite,1,1440,2210.0,0.7870370370370371,654.0,0.731239092495637,28199.0,0.4510108118482502
sqlite_sqleek_r2,SQLeek,SQLite,2,60,2204.0,0.7849002849002849,652.0,0.7294938917975567,28002.0,0.4478743482294232
sqlite_sqleek_r2,SQLeek,SQLite,2,180,2204.0,0.7849002849002849,652.0,0.7294938917975567,28009.0,0.4479863088192956
sqlite_sqleek_r2,SQLeek,SQLite,2,300,2204.0,0.7849002849002849,652.0,0.7294938917975567,28011.0,0.4480182975592591
sqlite_sqleek_r2,SQLeek,SQLite,2,480,2204.0,0.7849002849002849,652.0,0.7294938917975567,28014.0,0.4480662806692044
sqlite_sqleek_r2,SQLeek,SQLite,2,600,2205.0,0.7852564102564102,652.0,0.7294938917975567,28028.0,0.4482758620689655
sqlite_sqleek_r2,SQLeek,SQLite,2,720,2205.0,0.7852564102564102,652.0,0.7294938917975567,28038.0,0.4484358006525494
sqlite_sqleek_r2,SQLeek,SQLite,2,900,2205.0,0.7852564102564102,652.0,0.7294938917975567,28038.0,0.4484358006525494
sqlite_sqleek_r2,SQLeek,SQLite,2,1200,2205.0,0.7852564102564102,652.0,0.7294938917975567,28053.0,0.4486757085279252
sqlite_sqleek_r2,SQLeek,SQLite,2,1440,2205.0,0.7852564102564102,652.0,0.7294938917975567,28053.0,0.4486757085279252
sqlite_sqleek_r3,SQLeek,SQLite,3,60,2201.0,0.7838319088319088,652.0,0.7294938917975567,27951.0,0.4470586353603532
sqlite_sqleek_r3,SQLeek,SQLite,3,180,2201.0,0.7838319088319088,652.0,0.7294938917975567,27979.0,0.4475064777198426
sqlite_sqleek_r3,SQLeek,SQLite,3,300,2205.0,0.7852564102564102,652.0,0.7294938917975567,28079.0,0.4491059147180192
sqlite_sqleek_r3,SQLeek,SQLite,3,480,2205.0,0.7852564102564102,652.0,0.7294938917975567,28079.0,0.4491059147180192
sqlite_sqleek_r3,SQLeek,SQLite,3,600,2205.0,0.7852564102564102,652.0,0.7294938917975567,28085.0,0.4492018809379098
sqlite_sqleek_r3,SQLeek,SQLite,3,720,2205.0,0.7852564102564102,652.0,0.7294938917975567,28085.0,0.4492018809379098
sqlite_sqleek_r3,SQLeek,SQLite,3,900,2205.0,0.7852564102564102,652.0,0.7294938917975567,28085.0,0.4492018809379098
sqlite_sqleek_r3,SQLeek,SQLite,3,1200,2205.0,0.7852564102564102,652.0,0.7294938917975567,28085.0,0.4492018809379098
sqlite_sqleek_r3,SQLeek,SQLite,3,1440,2205.0,0.7852564102564102,652.0,0.7294938917975567,28088.0,0.4492498640478551
sqlite_sqleek_r4,SQLeek,SQLite,4,60,2199.0,0.7831196581196581,652.0,0.7294938917975567,28056.0,0.4487236901030004
sqlite_sqleek_r4,SQLeek,SQLite,4,180,2199.0,0.7831196581196581,652.0,0.7294938917975567,28070.0,0.4489476041200179
sqlite_sqleek_r4,SQLeek,SQLite,4,300,2199.0,0.7831196581196581,652.0,0.7294938917975567,28082.0,0.4491395304203186
sqlite_sqleek_r4,SQLeek,SQLite,4,480,2199.0,0.7831196581196581,652.0,0.7294938917975567,28087.0,0.4492194997121105
sqlite_sqleek_r4,SQLeek,SQLite,4,600,2199.0,0.7831196581196581,652.0,0.7294938917975567,28087.0,0.4492194997121105
sqlite_sqleek_r4,SQLeek,SQLite,4,720,2199.0,0.7831196581196581,652.0,0.7294938917975567,28087.0,0.4492194997121105
sqlite_sqleek_r4,SQLeek,SQLite,4,900,2199.0,0.7831196581196581,652.0,0.7294938917975567,28087.0,0.4492194997121105
sqlite_sqleek_r4,SQLeek,SQLite,4,1200,2199.0,0.7831196581196581,652.0,0.7294938917975567,28089.0,0.4492514874288273
sqlite_sqleek_r4,SQLeek,SQLite,4,1440,2199.0,0.7831196581196581,652.0,0.7294938917975567,28091.0,0.4492834751455441
sqlite_sqlaser_r1,SQLaser,SQLite,1,60,1852.0,0.6595441595441596,621.0,0.6945898778359512,23075.0,0.3689166719959071
sqlite_sqlaser_r1,SQLaser,SQLite,1,180,1933.0,0.6883903133903134,634.0,0.7068062827225131,23795.0,0.3804278314254652
sqlite_sqlaser_r1,SQLaser,SQLite,1,300,1949.0,0.6940883190883191,638.0,0.7102966841186736,24384.0,0.3898321342925659
sqlite_sqlaser_r1,SQLaser,SQLite,1,480,1951.0,0.6948005698005698,638.0,0.7102966841186736,24493.0,0.3915747402078337
sqlite_sqlaser_r1,SQLaser,SQLite,1,600,1954.0,0.6958689458689459,638.0,0.7102966841186736,24560.0,0.3926458832933653
sqlite_sqlaser_r1,SQLaser,SQLite,1,720,1960.0,0.698005698005698,638.0,0.7102966841186736,24970.0,0.399111310018541
sqlite_sqlaser_r1,SQLaser,SQLite,1,900,1962.0,0.6987179487179487,638.0,0.7102966841186736,25006.0,0.3996867207979029
sqlite_sqlaser_r1,SQLaser,SQLite,1,1200,1992.0,0.7094017094017094,638.0,0.7102966841186736,25291.0,0.4042420561345182
sqlite_sqlaser_r1,SQLaser,SQLite,1,1440,1997.0,0.7111823361823362,638.0,0.7102966841186736,25328.0,0.4048334505466402
sqlite_sqlaser_r2,SQLaser,SQLite,2,60,1872.0,0.6666666666666666,629.0,0.7015706806282722,23046.0,0.3684765924788948
sqlite_sqlaser_r2,SQLaser,SQLite,2,180,1926.0,0.6858974358974359,632.0,0.7033158813263525,24086.0,0.3850802583615783
sqlite_sqlaser_r2,SQLaser,SQLite,2,300,1941.0,0.6912393162393162,634.0,0.7050610820244329,24379.0,0.3896649830573492
sqlite_sqlaser_r2,SQLaser,SQLite,2,480,1951.0,0.6948005698005698,638.0,0.7102966841186736,24529.0,0.3920625279713573
sqlite_sqlaser_r2,SQLaser,SQLite,2,600,1971.0,0.7019230769230769,638.0,0.7102966841186736,24570.0,0.3927178569145195
sqlite_sqlaser_r2,SQLaser,SQLite,2,720,1973.0,0.7026353276353277,638.0,0.7102966841186736,24851.0,0.3972092577200946
sqlite_sqlaser_r2,SQLaser,SQLite,2,900,1976.0,0.7037037037037037,638.0,0.7102966841186736,24973.0,0.3991592609168212
sqlite_sqlaser_r2,SQLaser,SQLite,2,1200,1980.0,0.7051282051282052,638.0,0.7102966841186736,25026.0,0.400006393453104
sqlite_sqlaser_r2,SQLaser,SQLite,2,1440,1981.0,0.7054843304843305,640.0,0.7120418848167539,25074.0,0.4007736078255866
sqlite_sqlaser_r3,SQLaser,SQLite,3,60,1878.0,0.6688034188034188,631.0,0.7015706806282722,23120.0,0.3696361194602545
sqlite_sqlaser_r3,SQLaser,SQLite,3,180,1940.0,0.6908831908831908,636.0,0.7068062827225131,23884.0,0.38185073863273
sqlite_sqlaser_r3,SQLaser,SQLite,3,300,1954.0,0.6958689458689459,636.0,0.7068062827225131,24070.0,0.3848244548186992
sqlite_sqlaser_r3,SQLaser,SQLite,3,480,1966.0,0.7001424501424501,638.0,0.7102966841186736,24392.0,0.3899725011191405
sqlite_sqlaser_r3,SQLaser,SQLite,3,600,1969.0,0.7012108262108262,638.0,0.7102966841186736,24416.0,0.3903562064334591
sqlite_sqlaser_r3,SQLaser,SQLite,3,720,1974.0,0.7029914529914529,638.0,0.7102966841186736,24600.0,0.3932979471765684
sqlite_sqlaser_r3,SQLaser,SQLite,3,900,1978.0,0.7044159544159544,640.0,0.7120418848167539,24672.0,0.3944364508393285
sqlite_sqlaser_r3,SQLaser,SQLite,3,1200,1985.0,0.7069088319088319,640.0,0.7120418848167539,24727.0,0.3953157474020783
sqlite_sqlaser_r3,SQLaser,SQLite,3,1440,1986.0,0.7072649572649573,640.0,0.7120418848167539,24833.0,0.3969469309462916
sqlite_sqlaser_r4,SQLaser,SQLite,4,60,1887.0,0.6720085470085471,623.0,0.6963350785340314,23053.0,0.3685649421244484
sqlite_sqlaser_r4,SQLaser,SQLite,4,180,1920.0,0.6837606837606838,627.0,0.699825479930192,24189.0,0.3867022637165878
sqlite_sqlaser_r4,SQLaser,SQLite,4,300,1959.0,0.6976495726495726,636.0,0.7068062827225131,24673.0,0.3944398260647141
sqlite_sqlaser_r4,SQLaser,SQLite,4,480,1965.0,0.6997863247863247,638.0,0.7085514834205934,25012.0,0.3998593170482158
sqlite_sqlaser_r4,SQLaser,SQLite,4,600,1969.0,0.7012108262108262,638.0,0.7085514834205934,25116.0,0.401521933751119
sqlite_sqlaser_r4,SQLaser,SQLite,4,720,1979.0,0.7047720797720798,638.0,0.7085514834205934,25153.0,0.402113441616575
sqlite_sqlaser_r4,SQLaser,SQLite,4,900,1979.0,0.7047720797720798,638.0,0.7085514834205934,25319.0,0.4047025350851955
sqlite_sqlaser_r4,SQLaser,SQLite,4,1200,2009.0,0.7154558404558404,640.0,0.7102966841186736,25414.0,0.4062080429640048
sqlite_sqlaser_r4,SQLaser,SQLite,4,1440,2009.0,0.7154558404558404,640.0,0.7102966841186736,25422.0,0.4063359120260852
sqlite_sqlaser_r5,SQLaser,SQLite,5,60,1901.0,0.676994301994302,634.0,0.7050610820244329,22411.0,0.3582893685051958
sqlite_sqlaser_r5,SQLaser,SQLite,5,180,1952.0,0.6951566951566952,636.0,0.7085514834205934,24149.0,0.3860751398880895
sqlite_sqlaser_r5,SQLaser,SQLite,5,300,1981.0,0.7054843304843305,636.0,0.7085514834205934,24619.0,0.3935262148337596
sqlite_sqlaser_r5,SQLaser,SQLite,5,480,1987.0,0.7076210826210826,636.0,0.7085514834205934,24709.0,0.3949648337595908
sqlite_sqlaser_r5,SQLaser,SQLite,5,600,1996.0,0.7108262108262108,638.0,0.7102966841186736,24773.0,0.3959878516624041
sqlite_sqlaser_r5,SQLaser,SQLite,5,720,1999.0,0.7118945868945868,638.0,0.7102966841186736,24870.0,0.3975383631713555
sqlite_sqlaser_r5,SQLaser,SQLite,5,900,2001.0,0.7126068376068376,638.0,0.7102966841186736,24891.0,0.3978740409207161
sqlite_sqlaser_r5,SQLaser,SQLite,5,1200,2006.0,0.7143874643874644,638.0,0.7102966841186736,24931.0,0.3985134271099744
sqlite_sqlaser_r5,SQLaser,SQLite,5,1440,2015.0,0.7175925925925926,638.0,0.7102966841186736,24970.0,0.3991368286445013
sqlite_aflgo_r1,AFLGo,SQLite,1,0,1182.0,0.4209401709401709,516.0,0.5741710296684118,11454.0,0.1832815950331232
sqlite_aflgo_r1,AFLGo,SQLite,1,60,1447.0,0.5153133903133903,556.0,0.6160558464223386,14822.0,0.237129235593383
sqlite_aflgo_r1,AFLGo,SQLite,1,180,1508.0,0.5370370370370371,560.0,0.6195462478184991,15510.0,0.2481282395853331
sqlite_aflgo_r1,AFLGo,SQLite,1,300,1517.0,0.5402421652421653,560.0,0.6195462478184991,15626.0,0.2499840020477378
sqlite_aflgo_r1,AFLGo,SQLite,1,480,1537.0,0.5473646723646723,564.0,0.6230366492146597,15819.0,0.2530716068343252
sqlite_aflgo_r1,AFLGo,SQLite,1,600,1545.0,0.5502136752136753,566.0,0.62478184991274,15986.0,0.2557432648620976
sqlite_aflgo_r1,AFLGo,SQLite,1,720,1552.0,0.5527065527065527,566.0,0.62478184991274,16139.0,0.2581909515582005
sqlite_aflgo_r1,AFLGo,SQLite,1,900,1557.0,0.5544871794871795,566.0,0.62478184991274,16231.0,0.2596627631663147
sqlite_aflgo_r1,AFLGo,SQLite,1,1200,1567.0,0.5580484330484331,566.0,0.62478184991274,16404.0,0.2624304089076598
sqlite_aflgo_r1,AFLGo,SQLite,1,1440,1567.0,0.5580484330484331,566.0,0.62478184991274,16410.0,0.2625263966212325
sqlite_squirrel_r1,SQUIRREL,SQLite,1,60,1568.0,0.5584045584045584,605.0,0.6701570680628273,18141.0,0.2900889087885378
sqlite_squirrel_r1,SQUIRREL,SQLite,1,180,1580.0,0.5626780626780626,608.0,0.675392670157068,18354.0,0.2934949469105795
sqlite_squirrel_r1,SQUIRREL,SQLite,1,300,1583.0,0.5637464387464387,608.0,0.675392670157068,18412.0,0.2944224126902904
sqlite_squirrel_r1,SQUIRREL,SQLite,1,480,1596.0,0.5683760683760684,610.0,0.6771378708551483,18591.0,0.2972847639759498
sqlite_squirrel_r1,SQUIRREL,SQLite,1,600,1599.0,0.5694444444444444,610.0,0.6771378708551483,18603.0,0.2974766534476141
sqlite_squirrel_r1,SQUIRREL,SQLite,1,720,1604.0,0.5712250712250713,612.0,0.6788830715532286,18895.0,0.3021459639247793
sqlite_squirrel_r1,SQUIRREL,SQLite,1,900,1604.0,0.5712250712250713,612.0,0.6788830715532286,18913.0,0.3024337981322758
sqlite_squirrel_r1,SQUIRREL,SQLite,1,1200,1606.0,0.5719373219373219,612.0,0.6788830715532286,18923.0,0.3025937060253294
sqlite_squirrel_r1,SQUIRREL,SQLite,1,1440,1606.0,0.5719373219373219,612.0,0.6788830715532286,18969.0,0.3033292823333759
sqlite_squirrel_r2,SQUIRREL,SQLite,2,60,1550.0,0.551994301994302,593.0,0.6596858638743456,18019.0,0.2881472478971439
sqlite_squirrel_r2,SQUIRREL,SQLite,2,180,1557.0,0.5544871794871795,593.0,0.6596858638743456,18295.0,0.2925608468992868
sqlite_squirrel_r2,SQUIRREL,SQLite,2,300,1561.0,0.5559116809116809,593.0,0.6596858638743456,18348.0,0.2934083858381041
sqlite_squirrel_r2,SQUIRREL,SQLite,2,480,1562.0,0.5562678062678063,593.0,0.6596858638743456,18379.0,0.2939041161608085
sqlite_squirrel_r2,SQUIRREL,SQLite,2,600,1574.0,0.5605413105413105,593.0,0.6596858638743456,18491.0,0.2956951418428375
sqlite_squirrel_r2,SQUIRREL,SQLite,2,720,1578.0,0.561965811965812,593.0,0.6596858638743456,18531.0,0.2963347938721336
sqlite_squirrel_r2,SQUIRREL,SQLite,2,900,1586.0,0.5648148148148148,593.0,0.6596858638743456,18551.0,0.2966546198867816
sqlite_squirrel_r2,SQUIRREL,SQLite,2,1200,1598.0,0.5690883190883191,594.0,0.6614310645724258,18595.0,0.2973582371190073
sqlite_squirrel_r2,SQUIRREL,SQLite,2,1440,1600.0,0.5698005698005698,594.0,0.6614310645724258,18633.0,0.2979659065468385
sqlite_squirrel_r3,SQUIRREL,SQLite,3,60,1563.0,0.5566239316239316,606.0,0.6719022687609075,18281.0,0.2923276192912882
sqlite_squirrel_r3,SQUIRREL,SQLite,3,180,1580.0,0.5626780626780626,606.0,0.6719022687609075,18678.0,0.2986759626455161
sqlite_squirrel_r3,SQUIRREL,SQLite,3,300,1588.0,0.5655270655270656,606.0,0.6719022687609075,18877.0,0.3018581297172828
sqlite_squirrel_r3,SQUIRREL,SQLite,3,480,1590.0,0.5662393162393162,606.0,0.6719022687609075,18946.0,0.3029614941793527
sqlite_squirrel_r3,SQUIRREL,SQLite,3,600,1591.0,0.5665954415954416,606.0,0.6719022687609075,18970.0,0.3033452731226813
sqlite_squirrel_r3,SQUIRREL,SQLite,3,720,1593.0,0.5673076923076923,606.0,0.6719022687609075,18990.0,0.3036650889087885
sqlite_squirrel_r3,SQUIRREL,SQLite,3,900,1593.0,0.5673076923076923,606.0,0.6719022687609075,19055.0,0.3047044902136369
sqlite_squirrel_r3,SQUIRREL,SQLite,3,1200,1595.0,0.5680199430199431,606.0,0.6719022687609075,19072.0,0.3049763336318281
sqlite_squirrel_r3,SQUIRREL,SQLite,3,1440,1605.0,0.5715811965811965,608.0,0.675392670157068,19215.0,0.3072630165024945
sqlite_squirrel_r4,SQUIRREL,SQLite,4,60,1609.0,0.573005698005698,599.0,0.6649214659685864,18732.0,0.2995394652680056
sqlite_squirrel_r4,SQUIRREL,SQLite,4,180,1636.0,0.5826210826210826,608.0,0.6771378708551483,19106.0,0.3055200204682103
sqlite_squirrel_r4,SQUIRREL,SQLite,4,300,1626.0,0.5790598290598291,603.0,0.6701570680628273,19028.0,0.3042727389023922
sqlite_squirrel_r4,SQUIRREL,SQLite,4,480,1639.0,0.5836894586894587,608.0,0.6771378708551483,19215.0,0.3072630165024945
sqlite_squirrel_r4,SQUIRREL,SQLite,4,600,1642.0,0.5847578347578347,608.0,0.6771378708551483,19214.0,0.3072470257131892
sqlite_squirrel_r4,SQUIRREL,SQLite,4,720,1658.0,0.5904558404558404,608.0,0.6771378708551483,19296.0,0.3085582704362287
sqlite_squirrel_r4,SQUIRREL,SQLite,4,900,1648.0,0.5868945868945868,603.0,0.6701570680628273,19170.0,0.3065434309837533
sqlite_squirrel_r4,SQUIRREL,SQLite,4,1200,1665.0,0.592948717948718,606.0,0.6736474694589878,19260.0,0.3079826020212358
sqlite_squirrel_r4,SQUIRREL,SQLite,4,1440,1677.0,0.5972222222222222,611.0,0.680628272251309,19436.0,0.3107969809389792
sqlite_squirrel_r5,SQUIRREL,SQLite,5,60,1610.0,0.5733618233618234,596.0,0.6631762652705061,18423.0,0.2945983113726493
sqlite_squirrel_r5,SQUIRREL,SQLite,5,180,1622.0,0.5776353276353277,596.0,0.6631762652705061,18554.0,0.296674128557723
sqlite_squirrel_r5,SQUIRREL,SQLite,5,300,1627.0,0.5794159544159544,596.0,0.6631762652705061,18590.0,0.2972497601535017
sqlite_squirrel_r5,SQUIRREL,SQLite,5,480,1639.0,0.5836894586894587,596.0,0.6631762652705061,18721.0,0.2993444195714742
sqlite_squirrel_r5,SQUIRREL,SQLite,5,600,1640.0,0.584045584045584,598.0,0.6666666666666666,18755.0,0.2998880716341541
sqlite_squirrel_r5,SQUIRREL,SQLite,5,720,1643.0,0.5851139601139601,598.0,0.6666666666666666,18799.0,0.3005916213623281
sqlite_squirrel_r5,SQUIRREL,SQLite,5,900,1644.0,0.5854700854700855,598.0,0.6666666666666666,18866.0,0.3016629357211384
sqlite_squirrel_r5,SQUIRREL,SQLite,5,1200,1648.0,0.5868945868945868,598.0,0.6666666666666666,18949.0,0.3029900863447393
sqlite_squirrel_r5,SQUIRREL,SQLite,5,1440,1649.0,0.5872507122507122,598.0,0.6666666666666666,18950.0,0.3030060761112887
sqlite_sqlancer_r1,SQLancer,SQLite,1,60,1355.0,0.4825498575498576,530.0,0.5916230366492147,13095.0,0.2095736508546188
sqlite_sqlancer_r1,SQLancer,SQLite,1,180,1374.0,0.4893162393162393,532.0,0.5951134380453752,13508.0,0.2161833429357915
sqlite_sqlancer_r1,SQLancer,SQLite,1,300,1381.0,0.4918091168091168,532.0,0.5951134380453752,13693.0,0.2191441008898278
sqlite_sqlancer_r1,SQLancer,SQLite,1,480,1381.0,0.4918091168091168,532.0,0.5951134380453752,13693.0,0.2191441008898278
sqlite_sqlancer_r1,SQLancer,SQLite,1,600,1381.0,0.4918091168091168,532.0,0.5951134380453752,13693.0,0.2191441008898278
sqlite_sqlancer_r1,SQLancer,SQLite,1,720,1381.0,0.4918091168091168,532.0,0.5951134380453752,13693.0,0.2191441008898278
sqlite_sqlancer_r1,SQLancer,SQLite,1,900,1381.0,0.4918091168091168,532.0,0.5951134380453752,13693.0,0.2191441008898278
sqlite_sqlancer_r1,SQLancer,SQLite,1,1200,1381.0,0.4918091168091168,532.0,0.5951134380453752,13693.0,0.2191441008898278
sqlite_sqlancer_r1,SQLancer,SQLite,1,1440,1381.0,0.4918091168091168,532.0,0.5951134380453752,13693.0,0.2191441008898278
