stage1_file	raw_target	status	matches
postgres_memory.txt	execExprInterp.c:2506	unique	src/backend/executor/execExprInterp.c
postgres_memory.txt	execExprInterp.c:2507	unique	src/backend/executor/execExprInterp.c
postgres_memory.txt	execExprInterp.c:2516	unique	src/backend/executor/execExprInterp.c
postgres_memory.txt	execExprInterp.c:2533	unique	src/backend/executor/execExprInterp.c
postgres_memory.txt	execExprInterp.c:2541	unique	src/backend/executor/execExprInterp.c
postgres_memory.txt	execExprInterp.c:3671	unique	src/backend/executor/execExprInterp.c
postgres_memory.txt	expandedrecord.c:102	unique	src/backend/utils/adt/expandedrecord.c
postgres_memory.txt	expandedrecord.c:234	unique	src/backend/utils/adt/expandedrecord.c
postgres_memory.txt	pg_locale_builtin.c:244	unique	src/backend/utils/adt/pg_locale_builtin.c
postgres_memory.txt	pg_locale_builtin.c:257	unique	src/backend/utils/adt/pg_locale_builtin.c
postgres_memory.txt	pl_comp.c:2093	unique	src/pl/plpgsql/src/pl_comp.c
postgres_memory.txt	pl_comp.c:2099	unique	src/pl/plpgsql/src/pl_comp.c
postgres_memory.txt	pl_exec.c:7148	unique	src/pl/plpgsql/src/pl_exec.c
postgres_memory.txt	pl_exec.c:7197	unique	src/pl/plpgsql/src/pl_exec.c
postgres_memory.txt	printtup.c:281	unique	src/backend/access/common/printtup.c
postgres_memory.txt	printtup.c:288	unique	src/backend/access/common/printtup.c
postgres_memory.txt	printtup.c:361	unique	src/backend/access/common/printtup.c
postgres_memory.txt	printtup.c:369	unique	src/backend/access/common/printtup.c
postgres_memory.txt	rowtypes.c:362	unique	src/backend/utils/adt/rowtypes.c
postgres_memory.txt	rowtypes.c:366	unique	src/backend/utils/adt/rowtypes.c
postgres_memory.txt	rowtypes.c:367	unique	src/backend/utils/adt/rowtypes.c
postgres_memory.txt	rowtypes.c:370	unique	src/backend/utils/adt/rowtypes.c
postgres_memory.txt	rowtypes.c:430	unique	src/backend/utils/adt/rowtypes.c
postgres_memory.txt	typcache.c:2175	unique	src/backend/utils/cache/typcache.c
postgres_memory.txt	varlena.c:224	unique	src/backend/utils/adt/varlena.c
postgres_memory.txt	varlena.c:225	unique	src/backend/utils/adt/varlena.c
postgres_stale.txt	execExprInterp.c:2506	unique	src/backend/executor/execExprInterp.c
postgres_stale.txt	execExprInterp.c:2507	unique	src/backend/executor/execExprInterp.c
postgres_stale.txt	execExprInterp.c:2516	unique	src/backend/executor/execExprInterp.c
postgres_stale.txt	execExprInterp.c:2533	unique	src/backend/executor/execExprInterp.c
postgres_stale.txt	execExprInterp.c:2541	unique	src/backend/executor/execExprInterp.c
postgres_stale.txt	execExprInterp.c:3671	unique	src/backend/executor/execExprInterp.c
postgres_stale.txt	expandedrecord.c:102	unique	src/backend/utils/adt/expandedrecord.c
postgres_stale.txt	expandedrecord.c:234	unique	src/backend/utils/adt/expandedrecord.c
postgres_stale.txt	pl_comp.c:2093	unique	src/pl/plpgsql/src/pl_comp.c
postgres_stale.txt	pl_comp.c:2099	unique	src/pl/plpgsql/src/pl_comp.c
postgres_stale.txt	pl_exec.c:7148	unique	src/pl/plpgsql/src/pl_exec.c
postgres_stale.txt	pl_exec.c:7197	unique	src/pl/plpgsql/src/pl_exec.c
postgres_stale.txt	printtup.c:281	unique	src/backend/access/common/printtup.c
postgres_stale.txt	printtup.c:288	unique	src/backend/access/common/printtup.c
postgres_stale.txt	printtup.c:361	unique	src/backend/access/common/printtup.c
postgres_stale.txt	printtup.c:369	unique	src/backend/access/common/printtup.c
postgres_stale.txt	rowtypes.c:362	unique	src/backend/utils/adt/rowtypes.c
postgres_stale.txt	rowtypes.c:366	unique	src/backend/utils/adt/rowtypes.c
postgres_stale.txt	rowtypes.c:367	unique	src/backend/utils/adt/rowtypes.c
postgres_stale.txt	rowtypes.c:370	unique	src/backend/utils/adt/rowtypes.c
postgres_stale.txt	rowtypes.c:430	unique	src/backend/utils/adt/rowtypes.c
postgres_stale.txt	typcache.c:2175	unique	src/backend/utils/cache/typcache.c
