region_id,dbms,rule_family,component,file,source_path,anchor_file,anchor_line,start_line,end_line,function,span_source
postgres_target_000001,postgres,stale,executor,execExprInterp.c,src/backend/executor/execExprInterp.c,execExprInterp.c,2506,2498,2509,,function
postgres_target_000002,postgres,stale,executor,execExprInterp.c,src/backend/executor/execExprInterp.c,execExprInterp.c,2507,2502,2512,,window
postgres_target_000003,postgres,stale,executor,execExprInterp.c,src/backend/executor/execExprInterp.c,execExprInterp.c,2516,2511,2521,,window
postgres_target_000004,postgres,stale,executor,execExprInterp.c,src/backend/executor/execExprInterp.c,execExprInterp.c,2533,2526,2534,,function
postgres_target_000005,postgres,stale,executor,execExprInterp.c,src/backend/executor/execExprInterp.c,execExprInterp.c,2541,2536,2546,,window
postgres_target_000006,postgres,stale,executor,execExprInterp.c,src/backend/executor/execExprInterp.c,execExprInterp.c,3671,3666,3676,,window
postgres_target_000007,postgres,stale,storage,expandedrecord.c,src/backend/utils/adt/expandedrecord.c,expandedrecord.c,102,80,103,,function
postgres_target_000008,postgres,stale,storage,expandedrecord.c,src/backend/utils/adt/expandedrecord.c,expandedrecord.c,234,215,235,,function
postgres_target_000009,postgres,stale,other,pl_comp.c,src/pl/plpgsql/src/pl_comp.c,pl_comp.c,2093,2088,2098,,window
postgres_target_000010,postgres,stale,other,pl_comp.c,src/pl/plpgsql/src/pl_comp.c,pl_comp.c,2099,2094,2104,,window
postgres_target_000011,postgres,stale,executor,pl_exec.c,src/pl/plpgsql/src/pl_exec.c,pl_exec.c,7148,7122,7164,make_expanded_record_for_rec,function
postgres_target_000012,postgres,stale,executor,pl_exec.c,src/pl/plpgsql/src/pl_exec.c,pl_exec.c,7197,7192,7202,,window
postgres_target_000013,postgres,stale,other,printtup.c,src/backend/access/common/printtup.c,printtup.c,281,276,281,,function
postgres_target_000014,postgres,stale,other,printtup.c,src/backend/access/common/printtup.c,printtup.c,288,283,288,fmgr_info,function
postgres_target_000015,postgres,stale,other,printtup.c,src/backend/access/common/printtup.c,printtup.c,361,356,362,,function
postgres_target_000016,postgres,stale,other,printtup.c,src/backend/access/common/printtup.c,printtup.c,369,364,372,OutputFunctionCall,function
postgres_target_000017,postgres,stale,type_system,rowtypes.c,src/backend/utils/adt/rowtypes.c,rowtypes.c,362,357,367,,window
postgres_target_000018,postgres,stale,type_system,rowtypes.c,src/backend/utils/adt/rowtypes.c,rowtypes.c,366,361,371,,window
postgres_target_000019,postgres,stale,type_system,rowtypes.c,src/backend/utils/adt/rowtypes.c,rowtypes.c,367,362,372,,window
postgres_target_000020,postgres,stale,type_system,rowtypes.c,src/backend/utils/adt/rowtypes.c,rowtypes.c,370,365,373,,function
postgres_target_000021,postgres,stale,type_system,rowtypes.c,src/backend/utils/adt/rowtypes.c,rowtypes.c,430,425,432,,function
postgres_target_000022,postgres,stale,other,typcache.c,src/backend/utils/cache/typcache.c,typcache.c,2175,2170,2180,,window
postgres_target_000023,postgres,memory,executor,execExprInterp.c,src/backend/executor/execExprInterp.c,execExprInterp.c,2506,2498,2509,,function
postgres_target_000024,postgres,memory,executor,execExprInterp.c,src/backend/executor/execExprInterp.c,execExprInterp.c,2507,2502,2512,,window
postgres_target_000025,postgres,memory,executor,execExprInterp.c,src/backend/executor/execExprInterp.c,execExprInterp.c,2516,2511,2521,,window
postgres_target_000026,postgres,memory,executor,execExprInterp.c,src/backend/executor/execExprInterp.c,execExprInterp.c,2533,2526,2534,,function
postgres_target_000027,postgres,memory,executor,execExprInterp.c,src/backend/executor/execExprInterp.c,execExprInterp.c,2541,2536,2546,,window
postgres_target_000028,postgres,memory,executor,execExprInterp.c,src/backend/executor/execExprInterp.c,execExprInterp.c,3671,3666,3676,,window
postgres_target_000029,postgres,memory,storage,expandedrecord.c,src/backend/utils/adt/expandedrecord.c,expandedrecord.c,102,80,103,,function
postgres_target_000030,postgres,memory,storage,expandedrecord.c,src/backend/utils/adt/expandedrecord.c,expandedrecord.c,234,215,235,,function
postgres_target_000031,postgres,memory,catalog_metadata,pg_locale_builtin.c,src/backend/utils/adt/pg_locale_builtin.c,pg_locale_builtin.c,244,239,192,,window
postgres_target_000032,postgres,memory,catalog_metadata,pg_locale_builtin.c,src/backend/utils/adt/pg_locale_builtin.c,pg_locale_builtin.c,257,252,192,,window
postgres_target_000033,postgres,memory,other,pl_comp.c,src/pl/plpgsql/src/pl_comp.c,pl_comp.c,2093,2088,2098,,window
postgres_target_000034,postgres,memory,other,pl_comp.c,src/pl/plpgsql/src/pl_comp.c,pl_comp.c,2099,2094,2104,,window
postgres_target_000035,postgres,memory,executor,pl_exec.c,src/pl/plpgsql/src/pl_exec.c,pl_exec.c,7148,7122,7164,make_expanded_record_for_rec,function
postgres_target_000036,postgres,memory,executor,pl_exec.c,src/pl/plpgsql/src/pl_exec.c,pl_exec.c,7197,7192,7202,,window
postgres_target_000037,postgres,memory,other,printtup.c,src/backend/access/common/printtup.c,printtup.c,281,276,281,,function
postgres_target_000038,postgres,memory,other,printtup.c,src/backend/access/common/printtup.c,printtup.c,288,283,288,fmgr_info,function
postgres_target_000039,postgres,memory,other,printtup.c,src/backend/access/common/printtup.c,printtup.c,361,356,362,,function
postgres_target_000040,postgres,memory,other,printtup.c,src/backend/access/common/printtup.c,printtup.c,369,364,372,OutputFunctionCall,function
postgres_target_000041,postgres,memory,type_system,rowtypes.c,src/backend/utils/adt/rowtypes.c,rowtypes.c,362,357,367,,window
postgres_target_000042,postgres,memory,type_system,rowtypes.c,src/backend/utils/adt/rowtypes.c,rowtypes.c,366,361,371,,window
postgres_target_000043,postgres,memory,type_system,rowtypes.c,src/backend/utils/adt/rowtypes.c,rowtypes.c,367,362,372,,window
postgres_target_000044,postgres,memory,type_system,rowtypes.c,src/backend/utils/adt/rowtypes.c,rowtypes.c,370,365,373,,function
postgres_target_000045,postgres,memory,type_system,rowtypes.c,src/backend/utils/adt/rowtypes.c,rowtypes.c,430,425,432,,function
postgres_target_000046,postgres,memory,other,typcache.c,src/backend/utils/cache/typcache.c,typcache.c,2175,2170,2180,,window
postgres_target_000047,postgres,memory,other,varlena.c,src/backend/utils/adt/varlena.c,varlena.c,224,219,229,,window
postgres_target_000048,postgres,memory,other,varlena.c,src/backend/utils/adt/varlena.c,varlena.c,225,220,230,,window
