tool,dbms,elapsed_min,mean_target_region_branch_coverage,std_target_region_branch_coverage,mean_risk_branches_hit,std_risk_branches_hit,mean_risk_targets_hit,std_risk_targets_hit,mean_global_branch_coverage,std_global_branch_coverage,mean_global_branches_hit,std_global_branches_hit,risk_branches_total,risk_targets_total,global_branches_total,mean_target_region_hit_coverage,se_target_region_branch_coverage,ci95_target_region_branch_coverage,se_global_branch_coverage,ci95_global_branch_coverage
SQLeek,PostgreSQL,0,0.375,0.0,1213.44,0.0,26.0,0.0,0.2219435001758293,0.0,55378.01050287188,0.0,3235.84,46.0,249514,0.5652173913043478,0.0,0.0,0.0,0.0
SQLeek,PostgreSQL,60,0.375,0.0,1213.44,0.0,28.0,0.0,0.4713105145938343,0.0,117598.57173836596,0.0,3235.84,46.0,249514,0.6086956521739131,0.0,0.0,0.0,0.0
SQLeek,PostgreSQL,180,0.375,0.0,1213.44,0.0,30.0,0.0,0.4792755831672723,0.0,119585.96785839878,0.0,3235.84,46.0,249514,0.6521739130434783,0.0,0.0,0.0,0.0
SQLeek,PostgreSQL,300,0.375,0.0,1213.44,0.0,30.0,0.0,0.4833724065174071,0.0,120608.18263978433,0.0,3235.84,46.0,249514,0.6521739130434783,0.0,0.0,0.0,0.0
SQLeek,PostgreSQL,480,0.4375,0.0,1415.68,0.0,32.0,0.0,0.4865373344273825,0.0,121397.87646231391,0.0,3235.84,46.0,249514,0.6956521739130435,0.0,0.0,0.0,0.0
SQLeek,PostgreSQL,600,0.4375,0.0,1415.68,0.0,32.0,0.0,0.4874164810690423,0.0,121617.235857461,0.0,3235.84,46.0,249514,0.6956521739130435,0.0,0.0,0.0,0.0
SQLeek,PostgreSQL,720,0.4375,0.0,1415.68,0.0,32.0,0.0,0.4877329738600398,0.0,121696.20523971396,0.0,3235.84,46.0,249514,0.6956521739130435,0.0,0.0,0.0,0.0
SQLeek,PostgreSQL,900,0.4375,0.0,1415.68,0.0,32.0,0.0,0.4887176180986988,0.0,121941.88776227873,0.0,3235.84,46.0,249514,0.6956521739130435,0.0,0.0,0.0,0.0
SQLeek,PostgreSQL,1200,0.4375,0.0,1415.68,0.0,32.0,0.0,0.4895147110538038,0.0,122140.7736138788,0.0,3235.84,46.0,249514,0.6956521739130435,0.0,0.0,0.0,0.0
SQLeek,PostgreSQL,1440,0.4375,0.0,1415.68,0.0,32.0,0.0,0.4898429258000234,0.0,122222.66778806705,0.0,3235.84,46.0,249514,0.6956521739130435,0.0,0.0,0.0,0.0
SQLaser,PostgreSQL,0,0.0625,0.0,202.24,0.0,11.767441860465116,0.0,0.1470658961020223,0.0,36694.99999999999,0.0,3235.84,46.0,249514,0.2558139534883721,0.0,0.0,0.0,0.0
SQLaser,PostgreSQL,60,0.0625,0.0,202.24,0.0,11.767441860465116,0.0,0.1470658961020223,0.0,36694.99999999999,0.0,3235.84,46.0,249514,0.2558139534883721,0.0,0.0,0.0,0.0
SQLaser,PostgreSQL,180,0.0625,0.0,202.24,0.0,11.767441860465116,0.0,0.1470658961020223,0.0,36694.99999999999,0.0,3235.84,46.0,249514,0.2558139534883721,0.0,0.0,0.0,0.0
SQLaser,PostgreSQL,300,0.0625,0.0,202.24,0.0,11.767441860465116,0.0,0.1470658961020223,0.0,36694.99999999999,0.0,3235.84,46.0,249514,0.2558139534883721,0.0,0.0,0.0,0.0
SQLaser,PostgreSQL,480,0.0625,0.0,202.24,0.0,11.767441860465116,0.0,0.1470658961020223,0.0,36694.99999999999,0.0,3235.84,46.0,249514,0.2558139534883721,0.0,0.0,0.0,0.0
SQLaser,PostgreSQL,600,0.0625,0.0,202.24,0.0,11.767441860465116,0.0,0.1470658961020223,0.0,36694.99999999999,0.0,3235.84,46.0,249514,0.2558139534883721,0.0,0.0,0.0,0.0
SQLaser,PostgreSQL,720,0.0625,0.0,202.24,0.0,11.767441860465116,0.0,0.1470658961020223,0.0,36694.99999999999,0.0,3235.84,46.0,249514,0.2558139534883721,0.0,0.0,0.0,0.0
SQLaser,PostgreSQL,900,0.0625,0.0,202.24,0.0,11.767441860465116,0.0,0.1470658961020223,0.0,36694.99999999999,0.0,3235.84,46.0,249514,0.2558139534883721,0.0,0.0,0.0,0.0
SQLaser,PostgreSQL,1200,0.0625,0.0,202.24,0.0,11.767441860465116,0.0,0.1470658961020223,0.0,36694.99999999999,0.0,3235.84,46.0,249514,0.2558139534883721,0.0,0.0,0.0,0.0
SQLaser,PostgreSQL,1440,0.0625,0.0,202.24,0.0,11.767441860465116,0.0,0.1470658961020223,0.0,36694.99999999999,0.0,3235.84,46.0,249514,0.2558139534883721,0.0,0.0,0.0,0.0
AFLGo,PostgreSQL,0,0.03125,0.0,101.12,0.0,7.488372093023255,0.0,0.0678639274750114,0.0,16932.999999999993,0.0,3235.84,46.0,249514,0.1627906976744186,0.0,0.0,0.0,0.0
AFLGo,PostgreSQL,60,0.03125,0.0,101.12,0.0,7.488372093023255,0.0,0.0741721907387962,0.0,18507.0,0.0,3235.84,46.0,249514,0.1627906976744186,0.0,0.0,0.0,0.0
AFLGo,PostgreSQL,180,0.03125,0.0,101.12,0.0,7.488372093023255,0.0,0.0821717418661878,0.0,20502.99999999998,0.0,3235.84,46.0,249514,0.1627906976744186,0.0,0.0,0.0,0.0
AFLGo,PostgreSQL,300,0.03125,0.0,101.12,0.0,7.488372093023255,0.0,0.0829292143927795,0.0,20691.999999999985,0.0,3235.84,46.0,249514,0.1627906976744186,0.0,0.0,0.0,0.0
AFLGo,PostgreSQL,480,0.03125,0.0,101.12,0.0,7.488372093023255,0.0,0.0832097597729987,0.0,20762.0,0.0,3235.84,46.0,249514,0.1627906976744186,0.0,0.0,0.0,0.0
AFLGo,PostgreSQL,600,0.03125,0.0,101.12,0.0,7.488372093023255,0.0,0.0832257909375826,0.0,20765.999999999985,0.0,3235.84,46.0,249514,0.1627906976744186,0.0,0.0,0.0,0.0
AFLGo,PostgreSQL,720,0.03125,0.0,101.12,0.0,7.488372093023255,0.0,0.0832257909375826,0.0,20765.999999999985,0.0,3235.84,46.0,249514,0.1627906976744186,0.0,0.0,0.0,0.0
AFLGo,PostgreSQL,900,0.03125,0.0,101.12,0.0,7.488372093023255,0.0,0.0832257909375826,0.0,20765.999999999985,0.0,3235.84,46.0,249514,0.1627906976744186,0.0,0.0,0.0,0.0
AFLGo,PostgreSQL,1200,0.03125,0.0,101.12,0.0,7.488372093023255,0.0,0.0832257909375826,0.0,20765.999999999985,0.0,3235.84,46.0,249514,0.1627906976744186,0.0,0.0,0.0,0.0
AFLGo,PostgreSQL,1440,0.03125,0.0,101.12,0.0,7.488372093023255,0.0,0.0832338065198746,0.0,20767.99999999999,0.0,3235.84,46.0,249514,0.1627906976744186,0.0,0.0,0.0,0.0
Griffin,PostgreSQL,0,0.0,0.0,0.0,0.0,0.0,0.0,0.0,0.0,0.0,0.0,3235.84,46.0,249514,0.0,0.0,0.0,0.0,0.0
Griffin,PostgreSQL,60,0.21166666666666661,0.007453559924999248,684.9194666666665,24.118527347709623,28.366666666666664,0.8571593913749209,0.6105,0.0031832533439630256,152328.297,794.2662748655813,3235.84,46.0,249514,0.6166666666666666,0.0033333333333333106,0.006533333333333289,0.001423594173340969,0.002790244579748299
Griffin,PostgreSQL,180,0.22166666666666662,0.00950146187582617,717.2778666666666,30.745210396273308,29.9,1.0498015685515685,0.6513055555555556,0.003560814253530782,162509.85438888887,888.4730076554769,3235.84,46.0,249514,0.65,0.004249182927993996,0.008328398538868232,0.001592444545229,0.0031211913086488397
Griffin,PostgreSQL,300,0.22999999999999998,0.009501461875826156,744.2431999999999,30.745210396273336,30.28333333333334,0.8571593913749185,0.6569166666666666,0.004553141297940624,163909.90516666666,1136.0724978143485,3235.84,46.0,249514,0.6583333333333334,0.00424918292799399,0.00832839853886822,0.0020362266906713716,0.003991004313715889
Griffin,PostgreSQL,480,0.22999999999999998,0.009501461875826156,744.2431999999999,30.745210396273336,30.28333333333334,0.8571593913749185,0.6687777777777778,0.0009337631285540026,166869.41844444445,232.9869732580132,3235.84,46.0,249514,0.6583333333333334,0.00424918292799399,0.00832839853886822,0.0004175915660659249,0.0008184794694892128
Griffin,PostgreSQL,600,0.22999999999999998,0.009501461875826156,744.2431999999999,30.745210396273336,30.28333333333334,0.8571593913749185,0.6729166666666667,0.00267158111967658,167902.12916666668,666.5968914949752,3235.84,46.0,249514,0.6583333333333334,0.00424918292799399,0.00832839853886822,0.0011947673982003668,0.002341744100472719
Griffin,PostgreSQL,720,0.22999999999999998,0.009501461875826156,744.2431999999999,30.745210396273336,30.28333333333334,0.8571593913749185,0.6753055555555555,0.002580494258331896,168498.19038888888,643.8694443734308,3235.84,46.0,249514,0.6583333333333334,0.00424918292799399,0.00832839853886822,0.0011540321154356044,0.0022619029462537846
Griffin,PostgreSQL,900,0.22999999999999998,0.009501461875826156,744.2431999999999,30.745210396273336,30.28333333333334,0.8571593913749185,0.6753055555555555,0.002580494258331896,168498.19038888888,643.8694443734308,3235.84,46.0,249514,0.6583333333333334,0.00424918292799399,0.00832839853886822,0.0011540321154356044,0.0022619029462537846
Griffin,PostgreSQL,1200,0.22999999999999998,0.009501461875826156,744.2431999999999,30.745210396273336,30.28333333333334,0.8571593913749185,0.6821666666666666,0.0021863422862380185,170210.13366666666,545.523009208388,3235.84,46.0,249514,0.6583333333333334,0.00424918292799399,0.00832839853886822,0.0009777619948221025,0.0019164135098513207
Griffin,PostgreSQL,1440,0.22999999999999998,0.009501461875826156,744.2431999999999,30.745210396273336,30.28333333333334,0.8571593913749185,0.6850833333333333,0.0024779116804874908,170937.88283333334,618.2736550451663,3235.84,46.0,249514,0.6583333333333334,0.00424918292799399,0.00832839853886822,0.0011081557919621536,0.002171985352245821
SQUIRREL,PostgreSQL,60,0.1875,0.0,606.72,0.0,28.027906976744184,1.1718715183831454,0.21444167461545244,0.004516438683901427,53506.2,1126.9146817749768,3235.84,46.0,249514,0.6093023255813953,0.0,0.0,0.002019812782682655,0.003958833054058004
SQUIRREL,PostgreSQL,180,0.2,0.017116329922036447,647.168,55.385705014922394,29.739534883720932,1.1718715183831447,0.22915026812122763,0.0035422099734554054,57176.19999999999,883.8309793167547,3235.84,46.0,249514,0.6465116279069768,0.007654655446197434,0.01500312467454697,0.0015841244582448023,0.0031048839381598125
SQUIRREL,PostgreSQL,300,0.20625,0.017116329922036447,667.392,55.38570501492237,30.167441860465118,1.1718715183831447,0.23169922329007586,0.0035221933857792925,57812.2,878.8365604593357,3235.84,46.0,249514,0.6558139534883721,0.007654655446197434,0.01500312467454697,0.0015751727681005277,0.003087338625477034
SQUIRREL,PostgreSQL,480,0.20625,0.017116329922036447,667.392,55.38570501492237,30.167441860465118,1.1718715183831447,0.2351451221173962,0.0026499547182619702,58672.0,661.2008015724208,3235.84,46.0,249514,0.6558139534883721,0.007654655446197434,0.01500312467454697,0.0011850957774660136,0.0023227877238333867
SQUIRREL,PostgreSQL,600,0.20625,0.017116329922036447,667.392,55.38570501492237,30.167441860465118,1.1718715183831447,0.23640276697900714,0.002486727669308624,58985.8,620.4733676798683,3235.84,46.0,249514,0.6558139534883721,0.007654655446197434,0.01500312467454697,0.0011120984220207401,0.0021797129071606507
SQUIRREL,PostgreSQL,720,0.20625,0.017116329922036447,667.392,55.38570501492237,30.167441860465118,1.1718715183831447,0.23718268313601637,0.0023873799949185666,59180.4,595.6847320521131,3235.84,46.0,249514,0.6558139534883721,0.007654655446197434,0.01500312467454697,0.0010676687913522035,0.0020926308310503187
SQUIRREL,PostgreSQL,900,0.20625,0.017116329922036447,667.392,55.38570501492237,30.167441860465118,1.1718715183831447,0.2378848481447934,0.002269115290911703,59355.59999999999,566.1760326965444,3235.84,46.0,249514,0.6558139534883721,0.007654655446197434,0.01500312467454697,0.0010147792078525556,0.001988967247391009
SQUIRREL,PostgreSQL,1200,0.20625,0.017116329922036447,667.392,55.38570501492237,30.167441860465118,1.1718715183831447,0.2402382231057175,0.0031801430043116234,59942.8,793.4902015778116,3235.84,46.0,249514,0.6558139534883721,0.007654655446197434,0.01500312467454697,0.0014222031871622392,0.002787518246837989
SQUIRREL,PostgreSQL,1440,0.20625,0.017116329922036447,667.392,55.38570501492237,30.167441860465118,1.1718715183831447,0.24101012368043473,0.0031230268584761293,60135.4,779.2389235658112,3235.84,46.0,249514,0.6558139534883721,0.007654655446197434,0.01500312467454697,0.001396660070222048,0.002737453737635214
DynSQL,PostgreSQL,0,0.03125,0.0,101.12,0.0,8.0,0.0,0.06794408329793115,1.1335745187594542e-05,16953.0,2.8284271247461903,3235.84,46.0,249514,0.17391304347826086,0.0,0.0,8.015582291950872e-06,1.5710541292223707e-05
DynSQL,PostgreSQL,60,0.03125,0.0,101.12,0.0,8.0,0.0,0.0690121596383369,8.501808890749879e-06,17219.5,2.1213203435596424,3235.84,46.0,249514,0.17391304347826086,0.0,0.0,6.011686719001318e-06,1.1782905969242584e-05
DynSQL,PostgreSQL,180,0.03125,0.0,101.12,0.0,8.0,0.0,0.06909431935682965,2.8339362969094303e-05,17240.0,7.0710678118654755,3235.84,46.0,249514,0.17391304347826086,0.0,0.0,2.003895572995351e-05,3.9276353230708885e-05
DynSQL,PostgreSQL,300,0.03125,0.0,101.12,0.0,8.0,0.0,0.0807449682182162,0.0,20147.0,0.0,3235.84,46.0,249514,0.17391304347826086,0.0,0.0,0.0,0.0
DynSQL,PostgreSQL,480,0.03125,0.0,101.12,0.0,8.0,0.0,0.08263864953469541,1.4169681484591309e-05,20619.5,3.5355339059327378,3235.84,46.0,249514,0.17391304347826086,0.0,0.0,1.0019477865007979e-05,1.963817661541564e-05
DynSQL,PostgreSQL,600,0.03125,0.0,101.12,0.0,8.0,0.0,0.08263864953469541,1.4169681484591309e-05,20619.5,3.5355339059327378,3235.84,46.0,249514,0.17391304347826086,0.0,0.0,1.0019477865007979e-05,1.963817661541564e-05
DynSQL,PostgreSQL,720,0.03125,0.0,101.12,0.0,8.0,0.0,0.0829111793326226,2.833936296908449e-06,20687.5,0.7071067811865476,3235.84,46.0,249514,0.17391304347826086,0.0,0.0,2.0038955729946573e-06,3.9276353230695285e-06
DynSQL,PostgreSQL,900,0.03125,0.0,101.12,0.0,8.0,0.0,0.0829131832281956,5.6678725938267105e-06,20688.0,1.4142135623730951,3235.84,46.0,249514,0.17391304347826086,0.0,0.0,4.007791145996253e-06,7.855270646152657e-06
DynSQL,PostgreSQL,1200,0.03125,0.0,101.12,0.0,8.0,0.0,0.0829131832281956,5.6678725938267105e-06,20688.0,1.4142135623730951,3235.84,46.0,249514,0.17391304347826086,0.0,0.0,4.007791145996253e-06,7.855270646152657e-06
DynSQL,PostgreSQL,1440,0.03125,0.0,101.12,0.0,8.0,0.0,0.0829131832281956,5.6678725938267105e-06,20688.0,1.4142135623730951,3235.84,46.0,249514,0.17391304347826086,0.0,0.0,4.007791145996253e-06,7.855270646152657e-06
SQLancer,PostgreSQL,0,0.0,0.0,0.0,0.0,0.0,0.0,0.0,0.0,0.0,0.0,3235.84,46.0,249514,0.0,0.0,0.0,0.0,0.0
SQLancer,PostgreSQL,60,0.16499999999999998,0.010865337342004412,533.9136,35.15849318475159,7.091666666666664,0.5249007842757835,0.6501944444444445,0.0007708020514173416,162232.61661111112,192.32590305735516,3235.84,46.0,249514,0.15416666666666662,0.004859126579037749,0.009523888094913988,0.0003447131568330928,0.0006756377873928619
SQLancer,PostgreSQL,180,0.16499999999999998,0.010865337342004412,533.9136,35.15849318475159,7.091666666666664,0.5249007842757835,0.6706111111111112,0.0007708020514173082,167326.86077777777,192.32590305733686,3235.84,46.0,249514,0.15416666666666662,0.004859126579037749,0.009523888094913988,0.00034471315683307785,0.0006756377873928326
SQLancer,PostgreSQL,300,0.17333333333333328,0.010865337342004417,560.8789333333332,35.15849318475164,8.049999999999997,0.5249007842757863,0.6801944444444444,0.0007708020514173226,169718.0366111111,192.32590305734493,3235.84,46.0,249514,0.17499999999999993,0.004859126579037751,0.009523888094913991,0.00034471315683308424,0.0006756377873928451
SQLancer,PostgreSQL,480,0.17333333333333328,0.010865337342004417,560.8789333333332,35.15849318475164,8.049999999999997,0.5249007842757863,0.6801944444444444,0.0007708020514173226,169718.0366111111,192.32590305734493,3235.84,46.0,249514,0.17499999999999993,0.004859126579037751,0.009523888094913991,0.00034471315683308424,0.0006756377873928451
SQLancer,PostgreSQL,600,0.17333333333333328,0.010865337342004417,560.8789333333332,35.15849318475164,8.049999999999997,0.5249007842757863,0.6801944444444444,0.0007708020514173226,169718.0366111111,192.32590305734493,3235.84,46.0,249514,0.17499999999999993,0.004859126579037751,0.009523888094913991,0.00034471315683308424,0.0006756377873928451
SQLancer,PostgreSQL,720,0.17333333333333328,0.010865337342004417,560.8789333333332,35.15849318475164,8.049999999999997,0.5249007842757863,0.6801944444444444,0.0007708020514173226,169718.0366111111,192.32590305734493,3235.84,46.0,249514,0.17499999999999993,0.004859126579037751,0.009523888094913991,0.00034471315683308424,0.0006756377873928451
SQLancer,PostgreSQL,900,0.17333333333333328,0.010865337342004417,560.8789333333332,35.15849318475164,8.049999999999997,0.5249007842757863,0.6801944444444444,0.0007708020514173226,169718.0366111111,192.32590305734493,3235.84,46.0,249514,0.17499999999999993,0.004859126579037751,0.009523888094913991,0.00034471315683308424,0.0006756377873928451
SQLancer,PostgreSQL,1200,0.17333333333333328,0.010865337342004417,560.8789333333332,35.15849318475164,8.049999999999997,0.5249007842757863,0.6801944444444444,0.0007708020514173226,169718.0366111111,192.32590305734493,3235.84,46.0,249514,0.17499999999999993,0.004859126579037751,0.009523888094913991,0.00034471315683308424,0.0006756377873928451
SQLancer,PostgreSQL,1440,0.17333333333333328,0.010865337342004417,560.8789333333332,35.15849318475164,8.049999999999997,0.5249007842757863,0.6801944444444444,0.0007708020514173226,169718.0366111111,192.32590305734493,3235.84,46.0,249514,0.17499999999999993,0.004859126579037751,0.009523888094913991,0.00034471315683308424,0.0006756377873928451
SQLeek,MySQL,0,0.0,0.0,0.0,0.0,0.0,0.0,0.0,0.0,0.0,0.0,4602.0,1445.0,326944,0.0,0.0,0.0,0.0,0.0
SQLeek,MySQL,60,0.4480660582355497,0.0,2061.9999999999995,0.0,895.8625162127108,0.0,0.3208102916707448,0.0,104887.0,0.0,4602.0,1445.0,326944,0.6199740596627756,0.0,0.0,0.0,0.0
SQLeek,MySQL,180,0.4880486744893524,0.0,2246.0,0.0,920.2269779507131,0.0,0.344129269844377,0.0,112511.0,0.0,4602.0,1445.0,326944,0.636835278858625,0.0,0.0,0.0,0.0
SQLeek,MySQL,300,0.5026075619295959,0.0,2313.0000000000005,0.0,933.3463035019456,0.0,0.3566788196143682,0.0,116614.0,0.0,4602.0,1445.0,326944,0.6459143968871596,0.0,0.0,0.0,0.0
SQLeek,MySQL,480,0.530638852672751,0.0,2442.0,0.0,978.3268482490272,0.0,0.3712042429284525,0.0,121362.99999999996,0.0,4602.0,1445.0,326944,0.6770428015564202,0.0,0.0,0.0,0.0
SQLeek,MySQL,600,0.5386788352890047,0.0,2479.0,0.0,982.0752269779508,0.0,0.3746666095722815,0.0,122495.0,0.0,4602.0,1445.0,326944,0.6796368352788587,0.0,0.0,0.0,0.0
SQLeek,MySQL,720,0.5421555845284659,0.0,2495.0,0.0,983.9494163424124,0.0,0.3753915043554859,0.0,122732.0,0.0,4602.0,1445.0,326944,0.6809338521400778,0.0,0.0,0.0,0.0
SQLeek,MySQL,900,0.5491090830073881,0.0,2527.0000000000005,0.0,983.9494163424124,0.0,0.3777038269550749,0.0,123488.0,0.0,4602.0,1445.0,326944,0.6809338521400778,0.0,0.0,0.0,0.0
SQLeek,MySQL,1200,0.5669274228596263,0.0,2609.0,0.0,993.3203631647212,0.0,0.3826006900264265,0.0,125089.0,0.0,4602.0,1445.0,326944,0.6874189364461739,0.0,0.0,0.0,0.0
SQLeek,MySQL,1440,0.575619295958279,0.0,2649.0,0.0,993.3203631647212,0.0,0.3853075756092786,0.0,125973.99999999996,0.0,4602.0,1445.0,326944,0.6874189364461739,0.0,0.0,0.0,0.0
SQLaser,MySQL,0,0.1699261190786614,0.0,781.9999999999998,0.0,453.55382619974057,0.0,0.15764549892336296,6.44674283925261e-05,51541.249999999985,21.07723890836422,4602.0,1445.0,326944,0.3138780804150454,0.0,0.0,3.223371419626305e-05,6.317807982467558e-05
SQLaser,MySQL,60,0.3660365058670143,0.049340417573645,1684.5,227.06460167391438,746.3959143968871,63.138673868332354,0.2660310328374278,0.031005826019423106,86977.25,10137.168782094273,4602.0,1445.0,326944,0.5165369649805447,0.0246702087868225,0.0483536092221721,0.015502913009711553,0.030385709499034644
SQLaser,MySQL,180,0.41606910039113426,0.016423170016961263,1914.75,75.57942841805576,806.3699740596628,19.439539247916006,0.29202860428697264,0.012943847987477268,95476.99999999999,4231.913436417776,4602.0,1445.0,326944,0.558041504539559,0.008211585008480632,0.01609470661662204,0.006471923993738634,0.012684971027727723
SQLaser,MySQL,300,0.4324206866579748,0.013692574125356639,1990.0,63.01322612489117,822.769130998703,13.252520088386005,0.3020739025643535,0.008699461291969647,98761.24999999999,2844.236672641732,4602.0,1445.0,326944,0.569390402075227,0.0068462870626783195,0.013418722642849506,0.004349730645984823,0.008525472066130253
SQLaser,MySQL,480,0.45338983050847453,0.009472579935524628,2086.5,43.592812863284315,851.3505188067445,16.14959732343863,0.31125590315161006,0.006543362741245742,101763.25,2139.313188073844,4602.0,1445.0,326944,0.5891699092088197,0.004736289967762314,0.009283128336814135,0.003271681370622871,0.006412495486420827
SQLaser,MySQL,600,0.45903954802259883,0.008921527841398947,2112.5,41.05687112611806,856.0359922178988,19.379214698279828,0.31459057208573943,0.006031059975660826,102853.49999999999,1971.8188726824635,4602.0,1445.0,326944,0.5924124513618676,0.004460763920699474,0.008743097284570968,0.003015529987830413,0.005910438776147609
SQLaser,MySQL,720,0.46202737940026073,0.00964199836029257,2126.25,44.37247645406645,858.378728923476,19.295960510669588,0.3163508123715376,0.006096689434250226,103429.0,1993.2760303915077,4602.0,1445.0,326944,0.5940337224383917,0.004820999180146285,0.009449158393086719,0.003048344717125113,0.005974755645565221
SQLaser,MySQL,900,0.46707953063885266,0.01056593022143335,2149.5,48.62441087903624,866.3440337224384,16.859025244705784,0.31988964470979736,0.006236346276529722,104585.99999999999,2038.9359970337403,4602.0,1445.0,326944,0.5995460440985733,0.005282965110716675,0.010354611617004683,0.003118173138264861,0.006111619350999128
SQLaser,MySQL,1200,0.4749565406345067,0.008690741270651479,2185.75,39.99479132753805,872.9036964980545,13.888826519228576,0.3239094462660272,0.005293470269910895,105900.25,1730.6683439257408,4602.0,1445.0,326944,0.6040856031128404,0.004345370635325739,0.00851692644523845,0.0026467351349554473,0.005187600864512676
SQLaser,MySQL,1440,0.47702086049543674,0.007949174152038396,2195.25,36.5820994476806,874.3093385214008,13.72984959363726,0.32537911691298815,0.005331514526629672,106380.75,1743.106685394406,4602.0,1445.0,326944,0.6050583657587549,0.003974587076019198,0.007790190668997628,0.002665757263314836,0.0052248842360970785
AFLGo,MySQL,0,0.2546718817905258,0.0,1171.9999999999998,0.0,580.9987029831387,0.0,0.1942289811099148,0.0,63501.99999999999,0.0,4602.0,1445.0,326944,0.4020752269779507,0.0,0.0,0.0,0.0
AFLGo,MySQL,60,0.2546718817905258,0.0,1171.9999999999998,0.0,580.9987029831387,0.0,0.1958959332485074,0.0,64047.00000000001,0.0,4602.0,1445.0,326944,0.4020752269779507,0.0,0.0,0.0,0.0
AFLGo,MySQL,180,0.2546718817905258,0.0,1171.9999999999998,0.0,580.9987029831387,0.0,0.1962017960262307,0.0,64146.99999999997,0.0,4602.0,1445.0,326944,0.4020752269779507,0.0,0.0,0.0,0.0
AFLGo,MySQL,300,0.2546718817905258,0.0,1171.9999999999998,0.0,580.9987029831387,0.0,0.1962384995595576,0.0,64159.0,0.0,4602.0,1445.0,326944,0.4020752269779507,0.0,0.0,0.0,0.0
AFLGo,MySQL,480,0.2546718817905258,0.0,1171.9999999999998,0.0,580.9987029831387,0.0,0.196256851326221,0.0,64165.0,0.0,4602.0,1445.0,326944,0.4020752269779507,0.0,0.0,0.0,0.0
AFLGo,MySQL,600,0.2546718817905258,0.0,1171.9999999999998,0.0,580.9987029831387,0.0,0.1963180238817657,0.0,64185.00000000001,0.0,4602.0,1445.0,326944,0.4020752269779507,0.0,0.0,0.0,0.0
AFLGo,MySQL,720,0.2546718817905258,0.0,1171.9999999999998,0.0,580.9987029831387,0.0,0.1964036654595282,0.0,64212.99999999999,0.0,4602.0,1445.0,326944,0.4020752269779507,0.0,0.0,0.0,0.0
AFLGo,MySQL,900,0.2546718817905258,0.0,1171.9999999999998,0.0,580.9987029831387,0.0,0.1964311931095233,0.0,64221.99999999999,0.0,4602.0,1445.0,326944,0.4020752269779507,0.0,0.0,0.0,0.0
AFLGo,MySQL,1200,0.2546718817905258,0.0,1171.9999999999998,0.0,580.9987029831387,0.0,0.1964342517373005,0.0,64222.99999999998,0.0,4602.0,1445.0,326944,0.4020752269779507,0.0,0.0,0.0,0.0
AFLGo,MySQL,1440,0.2546718817905258,0.0,1171.9999999999998,0.0,580.9987029831387,0.0,0.1964526035039639,0.0,64228.99999999997,0.0,4602.0,1445.0,326944,0.4020752269779507,0.0,0.0,0.0,0.0
Griffin,MySQL,0,0.0,0.0,0.0,0.0,0.0,0.0,0.0,0.0,0.0,0.0,4602.0,1445.0,326944,0.0,0.0,0.0,0.0,0.0
Griffin,MySQL,60,0.24541503694046063,0.0014462895516987476,1129.3999999999996,6.655824516917637,487.2,5.215361924162142,0.1868980620534403,0.0032213706758689427,61105.19999999999,1053.2078142512967,4602.0,1445.0,326944,0.33716262975778544,0.0006468003505492192,0.0012677286870764696,0.0014406407623934795,0.0028236558942912196
Griffin,MySQL,180,0.2936114732724902,0.0015007645936403143,1351.1999999999998,6.90651865993264,541.0,5.8736700622353295,0.19164688754037382,0.0027420998046875137,62657.799999999974,896.5130785437559,4602.0,1445.0,326944,0.3743944636678201,0.0006711623299209183,0.0013154781666449998,0.0012263043128740354,0.0024035564532331093
Griffin,MySQL,300,0.3013037809647979,0.0023282216837860045,1386.6,10.714476188783193,547.2,8.167006795638155,0.19346126553782908,0.002818023840441158,63250.999999999985,921.3359864891934,4602.0,1445.0,326944,0.3786851211072665,0.001041212390326905,0.002040776285040734,0.00126025857388829,0.0024701068048210485
Griffin,MySQL,480,0.3044328552803129,0.002458432963708112,1401.0,11.313708498984726,548.4,7.503332592921631,0.1942234755799158,0.0022462454943957045,63500.19999999999,734.3964869197094,4602.0,1445.0,326944,0.37951557093425603,0.0010994446449955223,0.0021549115041912237,0.0010045515239242835,0.0019689209868915957
Griffin,MySQL,600,0.3049109083007388,0.0021312820226404273,1403.2,9.80815986819128,549.4,5.504543577809162,0.19475995889204262,0.0031576555316745283,63675.59999999999,1032.3765301478004,4602.0,1445.0,326944,0.3802076124567474,0.0009531382963694482,0.0018681510608841182,0.001412146483670497,0.002767807107994174
Griffin,MySQL,720,0.3049109083007388,0.0021312820226404273,1403.2,9.80815986819128,552.2,6.220932405998267,0.1949385827542331,0.003090858008557184,63733.999999999985,1010.5374807497249,4602.0,1445.0,326944,0.38214532871972323,0.0009531382963694482,0.0018681510608841182,0.001382273723186698,0.0027092564974459284
Griffin,MySQL,900,0.30582355497609737,0.0025228900953845777,1407.4,11.610340218959758,552.2,6.220932405998267,0.1950181070764412,0.0030661671784195797,63760.0,1002.4649619812134,4602.0,1445.0,326944,0.38214532871972323,0.0011282707506081687,0.002211410671192011,0.0013712316482649813,0.0026876140305993634
Griffin,MySQL,1200,0.30643198609300304,0.001915419458586589,1410.1999999999998,8.814760348415474,552.3999999999999,5.813776741499442,0.1951147597142018,0.0031442869093287937,63791.6,1028.0057392835909,4602.0,1445.0,326944,0.38228373702422136,0.0008566016229650912,0.0016789391810115787,0.00140616785400438,0.002756088993848585
Griffin,MySQL,1440,0.30643198609300304,0.001915419458586589,1410.1999999999998,8.814760348415474,552.3999999999999,5.813776741499442,0.19530133600861305,0.00294599892100519,63852.59999999999,963.1766712291184,4602.0,1445.0,326944,0.38228373702422136,0.0008566016229650912,0.0016789391810115787,0.0013174907698017275,0.002582281908811386
SQUIRREL,MySQL,60,0.22674923946110387,0.001856584907717815,1043.5,8.544003745317397,533.2068741893645,5.622568093385184,0.1736581799941274,0.0005552595946578703,56776.499999999985,181.5387929158226,4602.0,1445.0,326944,0.36900129701686124,0.0009282924538589075,0.0018194532095634588,0.00027762979732893513,0.0005441544027647129
SQUIRREL,MySQL,180,0.2704802259887006,0.007972898656652438,1244.75,36.69127961791459,588.4954604409857,4.590807624282282,0.17869344597239892,0.0018507122466843381,58422.75,605.0792647799642,4602.0,1445.0,326944,0.40726329442282744,0.003986449328326219,0.00781344068351939,0.0009253561233421691,0.0018136980017506514
SQUIRREL,MySQL,300,0.27906345067362015,0.007764878480108419,1284.2499999999998,35.73397076545901,591.3067444876783,5.410318670421582,0.1800614172457668,0.0026115368072367993,58869.99999999998,853.826289905227,4602.0,1445.0,326944,0.4092088197146563,0.0038824392400542097,0.007609580910506251,0.0013057684036183997,0.002559306071092063
SQUIRREL,MySQL,480,0.2804758800521512,0.007378232635171628,1290.7499999999998,33.95462658705975,591.3067444876783,5.410318670421582,0.1802495228540667,0.0027217920699810594,58931.499999999985,889.8735865278915,4602.0,1445.0,326944,0.4092088197146563,0.003689116317585814,0.007230667982468196,0.0013608960349905297,0.002667356228581438
SQUIRREL,MySQL,600,0.28085614950021726,0.007538874306783358,1292.5,34.69389955981699,591.3067444876783,5.410318670421582,0.18030610746794556,0.0027339273673724586,58949.99999999999,893.8411491982201,4602.0,1445.0,326944,0.4092088197146563,0.003769437153391679,0.007388096820647691,0.0013669636836862293,0.0026792488200250092
SQUIRREL,MySQL,720,0.2821599304650152,0.0061805574329977684,1298.5,28.44292530665571,593.18093385214,6.928588522162328,0.18061120558872462,0.002578944273185508,59049.749999999985,843.1703564523677,4602.0,1445.0,326944,0.4105058365758754,0.0030902787164988842,0.0060569462843378125,0.001289472136592754,0.002527365387721798
SQUIRREL,MySQL,900,0.28243155149934807,0.006162386315726726,1299.75,28.35930182497437,593.18093385214,6.928588522162328,0.1806593789762161,0.0025814111756702904,59065.5,843.976895418347,4602.0,1445.0,326944,0.4105058365758754,0.003081193157863363,0.006039138589412191,0.0012907055878351452,0.0025297829521568845
SQUIRREL,MySQL,1200,0.2834093872229465,0.006233490684506218,1304.2499999999998,28.686524130097514,595.0551232166017,4.461463069279888,0.18180177645101298,0.002807044984691795,59438.999999999985,917.7465154750746,4602.0,1445.0,326944,0.4118028534370946,0.003116745342253109,0.006108820870816093,0.0014035224923458975,0.002750904084997959
SQUIRREL,MySQL,1440,0.2834637114298131,0.006294110542355617,1304.4999999999998,28.96549671592048,595.0551232166017,4.461463069279888,0.18185224380933734,0.002795142352587912,59455.49999999999,913.8550213245022,4602.0,1445.0,326944,0.4118028534370946,0.0031470552711778087,0.006168228331508505,0.001397571176293956,0.002739239505536154
DynSQL,MySQL,0,0.0,0.0,0.0,0.0,0.0,0.0,0.0,0.0,0.0,0.0,4602.0,1445.0,326944,0.0,0.0,0.0,0.0,0.0
DynSQL,MySQL,60,0.21882264232942195,0.00475958874611741,1007.0218000000001,21.903627409632367,489.8564,12.119493236105239,0.15241267740041103,0.002758650462027085,49830.41040000001,901.9242166569768,4602.0,1445.0,326944,0.33900096885813147,0.0021285527962523034,0.004171963480654514,0.0012337059918507529,0.0024180637440274757
DynSQL,MySQL,180,0.23396232073011727,0.003984618471316511,1076.6946,18.33721420499857,526.9287999999999,14.702208565382271,0.16334338908192225,0.002072138102209809,53404.141,677.47311968889,4602.0,1445.0,326944,0.36465660899653973,0.0017819755532530028,0.0034926720843758852,0.0009266883310617079,0.0018163091288809475
DynSQL,MySQL,300,0.2472720556279878,0.003486527322452117,1137.946,16.04499873792453,553.3506,12.054324900217338,0.17278139681413326,0.0030524202245376967,56489.84099999999,997.9704778912566,4602.0,1445.0,326944,0.38294159169550174,0.0015592224196826524,0.003056075942577999,0.0013650838235922922,0.0026755642942408926
DynSQL,MySQL,480,0.2593053889613211,0.004067642284126306,1193.3234,18.71928979154926,580.5932,12.289545199070652,0.18096126125575016,0.003487557289221311,59164.1986,1140.2359303671747,4602.0,1445.0,326944,0.4017946020761246,0.0018191049310917866,0.0035654456649399017,0.001559683034824749,0.003056978748256508
DynSQL,MySQL,600,0.26752633637548895,0.0037728450799229705,1231.1562,17.362633057805564,599.3833999999999,14.610470741902905,0.18703862741019867,0.0024255167075128634,61151.15700000001,793.0081344210809,4602.0,1445.0,326944,0.4147982006920415,0.0016872676134566777,0.0033070445223750884,0.0010847240477120474,0.002126059133515613
DynSQL,MySQL,720,0.27398978704910903,0.005147499781903128,1260.901,23.688793996318292,614.1528000000001,14.157354438594808,0.19102524101986879,0.003442440113648368,62454.5564,1125.4851405166598,4602.0,1445.0,326944,0.4250192387543253,0.002302031885300147,0.004511982495188288,0.0015395060205179703,0.003017431800215222
DynSQL,MySQL,900,0.2807429813124728,0.003810868960787451,1291.9792,17.537618957543863,630.7236,14.213860675411157,0.1956074569345209,0.0015810742618369462,63952.684400000006,516.9227434620155,4602.0,1445.0,326944,0.4364869204152249,0.001704272409932944,0.0033403739234685705,0.0007070779053885426,0.0013858726945615435
DynSQL,MySQL,1200,0.2880405910473707,0.005507673627938406,1325.5628,25.346314035772654,644.1132,10.467979208042047,0.20163568378682584,0.0026595821961457435,65923.577,869.5344415366759,4602.0,1445.0,326944,0.4457530795847751,0.002463106525990632,0.004827688790941639,0.0011894013164660123,0.002331226580273384
DynSQL,MySQL,1440,0.293119643633203,0.004357896165263832,1348.9366,20.055038152544046,655.199,13.52614985869961,0.20429968863169226,0.002531803400720739,66794.5574,827.7579310452404,4602.0,1445.0,326944,0.4534249134948097,0.0019489104128831171,0.0038198644092509093,0.0011322569019353425,0.002219223527793271
SQLancer,MySQL,0,0.0,0.0,0.0,0.0,0.0,0.0,0.0,0.0,0.0,0.0,4602.0,1445.0,326944,0.0,0.0,0.0,0.0,0.0
SQLancer,MySQL,60,0.13420252064319857,0.008052599424281548,617.5999999999998,37.05806255054373,271.4,16.37986568931499,0.02044386806303214,0.000559649486991027,6683.99999999998,182.9740418747939,4602.0,1445.0,326944,0.18782006920415223,0.003601231941653842,0.00705841460564153,0.0002502828592969641,0.0004905544042220496
SQLancer,MySQL,180,0.1368100825727944,0.008195000618551452,629.5999999999997,37.71339284657378,276.4,16.379865689315075,0.021086179896251278,0.0005779754494225179,6893.999999999978,188.96560533599586,4602.0,1445.0,326944,0.19128027681660897,0.003664915691746774,0.007183234755823676,0.0002584784788469483,0.0005066178185400186
SQLancer,MySQL,300,0.13702737940026072,0.008195000618551416,630.5999999999998,37.71339284657365,277.4,16.379865689315004,0.021386537143975683,0.0005864331532743552,6992.199999999984,191.73080086413106,4602.0,1445.0,326944,0.19197231833910033,0.003664915691746758,0.007183234755823645,0.00026226087899620227,0.0005140313228325564
SQLancer,MySQL,480,0.13702737940026072,0.008195000618551416,630.5999999999998,37.71339284657365,277.4,16.379865689315004,0.021386537143975683,0.0005864331532743552,6992.199999999984,191.73080086413106,4602.0,1445.0,326944,0.19197231833910033,0.003664915691746758,0.007183234755823645,0.00026226087899620227,0.0005140313228325564
SQLancer,MySQL,600,0.13702737940026072,0.008195000618551416,630.5999999999998,37.71339284657365,277.4,16.379865689315004,0.021386537143975683,0.0005864331532743552,6992.199999999984,191.73080086413106,4602.0,1445.0,326944,0.19197231833910033,0.003664915691746758,0.007183234755823645,0.00026226087899620227,0.0005140313228325564
SQLancer,MySQL,720,0.13702737940026072,0.008195000618551416,630.5999999999998,37.71339284657365,277.4,16.379865689315004,0.021386537143975683,0.0005864331532743552,6992.199999999984,191.73080086413106,4602.0,1445.0,326944,0.19197231833910033,0.003664915691746758,0.007183234755823645,0.00026226087899620227,0.0005140313228325564
SQLancer,MySQL,900,0.13702737940026072,0.008195000618551416,630.5999999999998,37.71339284657365,277.4,16.379865689315004,0.021386537143975683,0.0005864331532743552,6992.199999999984,191.73080086413106,4602.0,1445.0,326944,0.19197231833910033,0.003664915691746758,0.007183234755823645,0.00026226087899620227,0.0005140313228325564
SQLancer,MySQL,1200,0.13702737940026072,0.008195000618551416,630.5999999999998,37.71339284657365,277.4,16.379865689315004,0.021386537143975683,0.0005864331532743552,6992.199999999984,191.73080086413106,4602.0,1445.0,326944,0.19197231833910033,0.003664915691746758,0.007183234755823645,0.00026226087899620227,0.0005140313228325564
SQLancer,MySQL,1440,0.13702737940026072,0.008195000618551416,630.5999999999998,37.71339284657365,277.4,16.379865689315004,0.021386537143975683,0.0005864331532743552,6992.199999999984,191.73080086413106,4602.0,1445.0,326944,0.19197231833910033,0.003664915691746758,0.007183234755823645,0.00026226087899620227,0.0005140313228325564
SQLeek,MariaDB,0,0.2481167608286252,0.0,1054.0,0.0,1041.9320320669224,0.0,0.17185063658427452,5.752499135116805e-05,50698.0,16.97056274847714,4248.0,3041.0,295012,0.34262809341233885,0.0,0.0,4.067631147210842e-05,7.97255704853325e-05
SQLeek,MariaDB,60,0.4551553672316384,0.007490537936298153,1933.5,31.81980515339464,1841.1352387591492,29.979947320854397,0.3126330454354399,0.003909302537236617,92230.5,1153.2911601152591,4248.0,3041.0,295012,0.605437434646218,0.005296610169491511,0.010381355932203361,0.0027642943337897875,0.005418016894227984
SQLeek,MariaDB,180,0.48469868173258,0.0016645639858440754,2059.0,7.0710678118654755,1929.1111885674454,43.47092361523871,0.3351897549930172,0.004060305639533376,98885.0,1197.8388873300114,4248.0,3041.0,295012,0.6343673753921228,0.001177024482109254,0.0023069679849341378,0.002871069651404032,0.005627296516751902
SQLeek,MariaDB,300,0.5032956685499059,0.001997476783012906,2138.0,8.48528137423857,2004.8976995468804,9.74348287927788,0.3452554472360446,0.004441408707234512,101854.5,1310.2688655386726,4248.0,3041.0,295012,0.6592889508539561,0.0014124293785311157,0.0027683615819209867,0.0031405502149065008,0.006155478421216741
SQLeek,MariaDB,480,0.5157721280602636,0.0003329127971687719,2191.0,1.4142135623729342,2048.8856744510285,17.987968392513604,0.35480929589304844,0.0012271998154905843,104673.0,362.03867196751236,4248.0,3041.0,295012,0.6737539212269085,0.00023540489642182025,0.0004613935969867677,0.000867761311404272,0.0017008121703523732
SQLeek,MariaDB,600,0.5223634651600753,0.004660779160363396,2219.0,19.79898987322333,2063.7249912861625,22.484960490640717,0.35781934294198203,0.0013805997924268754,105561.0,407.29350596345137,4248.0,3041.0,295012,0.6786336702683863,0.0032956685499059,0.006459510357815564,0.0009762314753297834,0.0019134136916463755
SQLeek,MariaDB,720,0.5276600753295668,0.004827235558947742,2241.5,20.506096654409877,2081.744161728825,14.989973660427198,0.36182595962198144,0.0008005561296364043,106743.0,236.17366491630688,4248.0,3041.0,295012,0.6845590798187521,0.0034133709981167826,0.006690207156308894,0.0005660786679863582,0.001109514189253262
SQLeek,MariaDB,900,0.5324858757062148,0.008322819929220121,2262.0,35.35533905932738,2099.233356570234,27.731451271790355,0.36761894431412956,0.003293305754851724,108452.0,971.5647173503163,4248.0,3041.0,295012,0.6903102126176369,0.005885122410546089,0.011534839924670333,0.0023287188317763353,0.004564288910281617
SQLeek,MariaDB,1200,0.5468455743879472,0.0006658255943376615,2323.0,2.8284271247461903,2129.4419658417564,5.995989464170718,0.37688466909820617,0.002523908995530461,111185.5,744.5834405894345,4248.0,3041.0,295012,0.7002439874520738,0.00047080979284372376,0.0009227871939736985,0.0017846731658373166,0.0034979594050411405
SQLeek,MariaDB,1440,0.5484934086629001,0.000665825594337583,2330.0,2.8284271247466726,2132.6218194492853,7.4949868302133575,0.37936083955906874,0.003571343213048796,111916.0,1053.589103967956,4248.0,3041.0,295012,0.7012896479609619,0.00047080979284366825,0.0009227871939735898,0.0025253210038913565,0.004949629167627059
SQLaser,MariaDB,60,0.3719431279620853,0.005337279916374052,1569.6,22.52332124709853,1535.4,35.28880842420158,0.2621622381159807,0.003056582807754424,74629.2,870.1113147178354,4220.0,3041.0,284668.0,0.5048997040447222,0.0023869041415913545,0.004678332117519055,0.0013669453873992126,0.0026792129593024567
SQLaser,MariaDB,180,0.3719431279620853,0.005337279916374052,1569.6,22.52332124709853,1535.4,35.28880842420158,0.2622226593786446,0.0030782238205860927,74646.4,876.2718185586023,4220.0,3041.0,284668.0,0.5048997040447222,0.0023869041415913545,0.004678332117519055,0.001376623542557924,0.002698182143413531
SQLaser,MariaDB,300,0.3719431279620853,0.005337279916374052,1569.6,22.52332124709853,1535.4,35.28880842420158,0.2622423314176514,0.003058576159635395,74652.0,870.6787582110867,4220.0,3041.0,284668.0,0.5048997040447222,0.0023869041415913545,0.004678332117519055,0.0013678368414609982,0.0026809602092635566
SQLaser,MariaDB,480,0.3719431279620853,0.005337279916374052,1569.6,22.52332124709853,1535.4,35.28880842420158,0.2622514648643332,0.003052176193686789,74654.6,868.8568927044315,4220.0,3041.0,284668.0,0.5048997040447222,0.0023869041415913545,0.004678332117519055,0.0013649746896780448,0.002675350391768968
SQLaser,MariaDB,600,0.3719431279620853,0.005337279916374052,1569.6,22.52332124709853,1535.4,35.28880842420158,0.2622542751556199,0.0030482974192975066,74655.4,867.7527297565822,4220.0,3041.0,284668.0,0.5048997040447222,0.0023869041415913545,0.004678332117519055,0.0013632400490372807,0.00267195049611307
SQLaser,MariaDB,720,0.3719431279620853,0.005337279916374052,1569.6,22.52332124709853,1535.4,35.28880842420158,0.26225497772844153,0.003049574368938022,74655.6,868.1162364568469,4220.0,3041.0,284668.0,0.5048997040447222,0.0023869041415913545,0.004678332117519055,0.0013638111182772878,0.002673069791823484
SQLaser,MariaDB,900,0.3719431279620853,0.005337279916374052,1569.6,22.52332124709853,1535.4,35.28880842420158,0.2622535725827982,0.0030468314044859645,74655.2,867.3354022522083,4220.0,3041.0,284668.0,0.5048997040447222,0.0023869041415913545,0.004678332117519055,0.001362584427282355,0.0026706654774734154
SQLaser,MariaDB,1200,0.4032227488151659,0.02913468320968212,1701.6,122.9483631448585,1624.6,89.60357135739625,0.2803532536147372,0.01841939177621423,79807.6,5243.411418151355,4220.0,3041.0,284668.0,0.5342321604735284,0.013029426431954195,0.02553767580663022,0.008237402423163122,0.01614530874939972
SQLaser,MariaDB,1440,0.4032227488151659,0.02913468320968212,1701.6,122.9483631448585,1624.6,89.60357135739625,0.28035957677013223,0.01842295175515474,79809.4,5244.424830236391,4220.0,3041.0,284668.0,0.5342321604735284,0.013029426431954195,0.02553767580663022,0.008238994494145013,0.016148429208524225
AFLGo,MariaDB,0,0.2336331834082958,0.0,992.4737631184406,0.0,926.3973509933776,0.0,0.1607019375483031,0.0,47408.99999999999,0.0,4248.0,3041.0,295012,0.30463576158940403,0.0,0.0,0.0,0.0
AFLGo,MariaDB,60,0.2358820589705147,0.0,1002.0269865067464,0.0,931.6971070059252,0.0,0.1641289167898255,0.0,48420.0,0.0,4248.0,3041.0,295012,0.3063785291042174,0.0,0.0,0.0,0.0
AFLGo,MariaDB,180,0.2361319340329835,0.0,1003.088455772114,0.0,931.6971070059252,0.0,0.1650271853348338,0.0,48684.99999999999,0.0,4248.0,3041.0,295012,0.3063785291042174,0.0,0.0,0.0,0.0
AFLGo,MariaDB,300,0.2463768115942029,0.0,1046.608695652174,0.0,964.5555942837224,0.0,0.1673525144739875,0.0,49371.0,0.0,4248.0,3041.0,295012,0.3171836876960613,0.0,0.0,0.0,0.0
AFLGo,MariaDB,480,0.2488755622188905,0.0,1057.2233883058468,0.0,969.8553502962704,0.0,0.1685626347402817,0.0,49727.99999999999,0.0,4248.0,3041.0,295012,0.31892645521087487,0.0,0.0,0.0,0.0
AFLGo,MariaDB,600,0.2488755622188905,0.0,1057.2233883058468,0.0,969.8553502962704,0.0,0.1686033110517538,0.0,49739.99999999999,0.0,4248.0,3041.0,295012,0.31892645521087487,0.0,0.0,0.0,0.0
AFLGo,MariaDB,720,0.2488755622188905,0.0,1057.2233883058468,0.0,969.8553502962704,0.0,0.1686033110517538,0.0,49739.99999999999,0.0,4248.0,3041.0,295012,0.31892645521087487,0.0,0.0,0.0,0.0
AFLGo,MariaDB,900,0.2488755622188905,0.0,1057.2233883058468,0.0,969.8553502962704,0.0,0.1686270389001125,0.0,49746.99999999999,0.0,4248.0,3041.0,295012,0.31892645521087487,0.0,0.0,0.0,0.0
AFLGo,MariaDB,1200,0.2488755622188905,0.0,1057.2233883058468,0.0,969.8553502962704,0.0,0.1686473770558485,0.0,49752.99999999998,0.0,4248.0,3041.0,295012,0.31892645521087487,0.0,0.0,0.0,0.0
AFLGo,MariaDB,1440,0.2488755622188905,0.0,1057.2233883058468,0.0,969.8553502962704,0.0,0.1686473770558485,0.0,49752.99999999998,0.0,4248.0,3041.0,295012,0.31892645521087487,0.0,0.0,0.0,0.0
Griffin,MariaDB,60,0.2784839924670433,0.0,1183.0,0.0,1186.0853956082258,0.0,0.2170318495518826,0.0,64026.99999999999,0.0,4248.0,3041.0,295012,0.3900313698152666,0.0,0.0,0.0,0.0
Griffin,MariaDB,180,0.2831920903954802,0.0,1203.0,0.0,1206.224468455908,0.0,0.2203198513958754,0.0,64996.99999999999,0.0,4248.0,3041.0,295012,0.396653886371558,0.0,0.0,0.0,0.0
Griffin,MariaDB,300,0.2879001883239171,0.0,1223.0,0.0,1233.783199721157,0.0,0.2211062600843355,0.0,65228.99999999999,0.0,4248.0,3041.0,295012,0.4057162774485883,0.0,0.0,0.0,0.0
Griffin,MariaDB,480,0.3615819209039548,0.0,1536.0,0.0,1440.473684210526,0.0,0.2390885794476157,0.0,70534.0,0.0,4248.0,3041.0,295012,0.4736842105263157,0.0,0.0,0.0,0.0
Griffin,MariaDB,600,0.3634651600753296,0.0,1544.0,0.0,1442.5935866155455,0.0,0.2394614456361097,0.0,70643.99999999999,0.0,4248.0,3041.0,295012,0.4743813175322412,0.0,0.0,0.0,0.0
Griffin,MariaDB,720,0.3693502824858757,0.0,1569.0,0.0,1452.1331474381318,0.0,0.2410308733204073,0.0,71107.0,0.0,4248.0,3041.0,295012,0.4775182990589056,0.0,0.0,0.0,0.0
Griffin,MariaDB,900,0.3771186440677966,0.0,1602.0,0.0,1473.3321714883234,0.0,0.2422748905129282,0.0,71473.99999999997,0.0,4248.0,3041.0,295012,0.4844893691181596,0.0,0.0,0.0,0.0
Griffin,MariaDB,1200,0.3790018832391714,0.0,1610.0,0.0,1476.512025095852,0.0,0.2425765731563461,0.0,71562.99999999997,0.0,4248.0,3041.0,295012,0.4855350296270477,0.0,0.0,0.0,0.0
Griffin,MariaDB,1440,0.3815913370998117,0.0,1621.0,0.0,1479.6918787033808,0.0,0.2432646807587488,0.0,71766.0,0.0,4248.0,3041.0,295012,0.4865806901359358,0.0,0.0,0.0,0.0
SQUIRREL,MariaDB,60,0.2777777777777778,0.0,1180.0,0.0,1146.867201115371,0.0,0.2181843450435914,0.0,64366.99999999999,0.0,4248.0,3041.0,295012,0.3771348902056465,0.0,0.0,0.0,0.0
SQUIRREL,MariaDB,180,0.2893126177024482,0.0,1229.0,0.0,1177.6057859881491,0.0,0.2244586660881591,0.0,66217.99999999999,0.0,4248.0,3041.0,295012,0.387242941791565,0.0,0.0,0.0,0.0
SQUIRREL,MariaDB,300,0.3055555555555556,0.0,1298.0,0.0,1234.8431509236666,0.0,0.2285940910878201,0.0,67437.99999999999,0.0,4248.0,3041.0,295012,0.406064830951551,0.0,0.0,0.0,0.0
SQUIRREL,MariaDB,480,0.3133239171374765,0.0,1331.0,0.0,1266.6416869989544,0.0,0.2295974401041313,0.0,67733.99999999999,0.0,4248.0,3041.0,295012,0.41652143604043224,0.0,0.0,0.0,0.0
SQUIRREL,MariaDB,600,0.3133239171374765,0.0,1331.0,0.0,1268.7615894039734,0.0,0.2296279473377354,0.0,67743.0,0.0,4248.0,3041.0,295012,0.4172185430463576,0.0,0.0,0.0,0.0
SQUIRREL,MariaDB,720,0.3166195856873823,0.0,1345.0,0.0,1278.3011502265597,0.0,0.2308821336081244,0.0,68113.0,0.0,4248.0,3041.0,295012,0.42035552457302194,0.0,0.0,0.0,0.0
SQUIRREL,MariaDB,900,0.3166195856873823,0.0,1345.0,0.0,1278.3011502265597,0.0,0.2309160305343511,0.0,68122.99999999999,0.0,4248.0,3041.0,295012,0.42035552457302194,0.0,0.0,0.0,0.0
SQUIRREL,MariaDB,1200,0.3168549905838041,0.0,1346.0,0.0,1278.3011502265597,0.0,0.231021111005654,0.0,68154.0,0.0,4248.0,3041.0,295012,0.42035552457302194,0.0,0.0,0.0,0.0
SQUIRREL,MariaDB,1440,0.3319209039548023,0.0,1410.0,0.0,1341.8982223771347,0.0,0.2350548452266348,0.0,69343.99999999999,0.0,4248.0,3041.0,295012,0.4412687347507842,0.0,0.0,0.0,0.0
DynSQL,MariaDB,0,0.0,0.0,0.0,0.0,0.0,0.0,0.0,0.0,0.0,0.0,4248.0,3041.0,295012,0.0,0.0,0.0,0.0,0.0
DynSQL,MariaDB,60,0.22453479284369116,0.0037621207077907404,953.8237999999999,15.981488766695024,775.2412,22.906885170184143,0.14746704066275268,0.0034821529848049772,43504.5466,1027.2769163532755,4248.0,3041.0,295012,0.2549296941795462,0.0016824715284359435,0.0032976441957344492,0.0015572661564155442,0.0030522416665744664
DynSQL,MariaDB,180,0.24677128060263653,0.004704319424804139,1048.2844,19.98394891656807,851.1736000000001,27.54854274367339,0.16225846609629432,0.0031644870964231946,47868.1946,933.5616672900089,4248.0,3041.0,295012,0.2798992436698455,0.0021038356043469528,0.004123517784520027,0.001415201652304639,0.0027737952385170923
DynSQL,MariaDB,300,0.2609912429378531,0.005046317144039346,1108.6908,21.436755227879054,907.2052,27.658210583839285,0.17153339186202593,0.002513414842883034,50604.409,741.4875396286194,4248.0,3041.0,295012,0.29832463005590265,0.002256781634018915,0.004423292002677073,0.0011240332888686835,0.0022031052461826198
DynSQL,MariaDB,480,0.27571633709981164,0.0029652620072990296,1171.243,12.596433007006373,954.1368,35.67002613820179,0.18092041408485074,0.005322352982303722,53373.6932,1570.1579980153897,4248.0,3041.0,295012,0.31375757974350543,0.0013261054838836215,0.002599166748411898,0.002380228613735971,0.004665248082922503
DynSQL,MariaDB,600,0.28460673258003766,0.005082617539331546,1209.0094,21.590959307080364,987.9222,33.77638454156986,0.18676410112131028,0.0028063929273520623,55097.651,827.9195902839845,4248.0,3041.0,295012,0.3248675435711937,0.0022730156643156092,0.004455110702058594,0.0012550570714267679,0.002459911859996465
DynSQL,MariaDB,720,0.2918279190207156,0.006593557670075144,1239.685,28.009432982479296,1003.8588,33.733171236929415,0.19170437338142174,0.0018046342704963758,56555.090599999996,532.3887654076676,4248.0,3041.0,295012,0.3301081223281815,0.0029487286327706305,0.005779508120230436,0.0008070569806711279,0.0015818316821154105
DynSQL,MariaDB,900,0.30026332391713745,0.0053709566984013685,1275.5185999999999,22.815824054808957,1036.744,38.74114365245299,0.19737902458205087,0.003762269255269134,58229.180799999995,1109.9145775354505,4248.0,3041.0,295012,0.3409220651101611,0.002401964856366659,0.004707851118478651,0.0016825379608878584,0.0032977744033402027
DynSQL,MariaDB,1200,0.30700885122410543,0.006233424148810506,1304.1735999999999,26.479585784146895,1060.824,38.5311791345658,0.20043772727889034,0.0038617623414583537,59131.5348,1139.2662318783077,4248.0,3041.0,295012,0.3488405129891483,0.002787672025865811,0.0054638371706969896,0.0017270326216899266,0.003384983938512256
DynSQL,MariaDB,1440,0.3133144538606403,0.005683445260225419,1330.9598,24.143275465437526,1079.0386,33.74438975296482,0.20516395807628157,0.003304717158725544,60525.8296,974.9312184299497,4248.0,3041.0,295012,0.35483018743834266,0.0025417139896526035,0.004981759419719103,0.0014779144426640557,0.002896712307621549
SQLancer,MariaDB,0,0.0,0.0,0.0,0.0,0.0,0.0,0.0,0.0,0.0,0.0,4248.0,3041.0,295012,0.0,0.0,0.0,0.0,0.0
SQLancer,MariaDB,60,0.26807909604519775,0.026689870386904287,1138.8,113.37856940356939,397.9999999999999,39.24283374069717,0.02878459181321432,0.0012549542129210575,8491.799999999983,370.22655226226703,4248.0,3041.0,295012,0.13087800065767835,0.011936072899155319,0.023394702882344423,0.0005612325857482459,0.0011000158680665618
SQLancer,MariaDB,180,0.27344632768361576,0.027294078554174005,1161.6,115.94524569813132,405.79999999999984,40.30756752769886,0.029687605927894423,0.0012944840700188768,8758.199999999988,381.88833446440844,4248.0,3041.0,295012,0.13344294639921073,0.01220628300607045,0.023924314691898083,0.0005789108752705612,0.0011346653155303
SQLancer,MariaDB,300,0.2736817325800377,0.027294078554173998,1162.6,115.94524569813112,406.7999999999999,40.30756752769885,0.030110639567204,0.001313087033445675,8882.999999999985,387.3764319108762,4248.0,3041.0,295012,0.1337717855968431,0.012206283006070446,0.023924314691898076,0.0005872303734316138,0.001150971531925963
SQLancer,MariaDB,480,0.2736817325800377,0.027294078554173998,1162.6,115.94524569813112,406.7999999999999,40.30756752769885,0.030110639567204,0.001313087033445675,8882.999999999985,387.3764319108762,4248.0,3041.0,295012,0.1337717855968431,0.012206283006070446,0.023924314691898076,0.0005872303734316138,0.001150971531925963
SQLancer,MariaDB,600,0.2736817325800377,0.027294078554173998,1162.6,115.94524569813112,406.7999999999999,40.30756752769885,0.030110639567204,0.001313087033445675,8882.999999999985,387.3764319108762,4248.0,3041.0,295012,0.1337717855968431,0.012206283006070446,0.023924314691898076,0.0005872303734316138,0.001150971531925963
SQLancer,MariaDB,720,0.2736817325800377,0.027294078554173998,1162.6,115.94524569813112,406.7999999999999,40.30756752769885,0.030110639567204,0.001313087033445675,8882.999999999985,387.3764319108762,4248.0,3041.0,295012,0.1337717855968431,0.012206283006070446,0.023924314691898076,0.0005872303734316138,0.001150971531925963
SQLancer,MariaDB,900,0.2736817325800377,0.027294078554173998,1162.6,115.94524569813112,406.7999999999999,40.30756752769885,0.030110639567204,0.001313087033445675,8882.999999999985,387.3764319108762,4248.0,3041.0,295012,0.1337717855968431,0.012206283006070446,0.023924314691898076,0.0005872303734316138,0.001150971531925963
SQLancer,MariaDB,1200,0.2736817325800377,0.027294078554173998,1162.6,115.94524569813112,406.7999999999999,40.30756752769885,0.030110639567204,0.001313087033445675,8882.999999999985,387.3764319108762,4248.0,3041.0,295012,0.1337717855968431,0.012206283006070446,0.023924314691898076,0.0005872303734316138,0.001150971531925963
SQLancer,MariaDB,1440,0.2736817325800377,0.027294078554173998,1162.6,115.94524569813112,406.7999999999999,40.30756752769885,0.030110639567204,0.001313087033445675,8882.999999999985,387.3764319108762,4248.0,3041.0,295012,0.1337717855968431,0.012206283006070446,0.023924314691898076,0.0005872303734316138,0.001150971531925963
SQLeek,SQLite,60,0.7846331908831908,0.001548906499370879,2203.25,4.349329450233239,652.0,0.0,0.4480227062178904,0.0007330548124399399,28011.5,46.11941023040092,2808.0,886.0,62524,0.7358916478555305,0.0007744532496854395,0.0015179283693834613,0.00036652740621996994,0.0007183937161911411
SQLeek,SQLite,180,0.7846331908831908,0.001548906499370879,2203.25,4.349329450233239,652.0,0.0,0.44835058901183483,0.0007246682102638401,28032.0,45.55582655745941,2808.0,886.0,62524,0.7358916478555305,0.0007744532496854395,0.0015179283693834613,0.00036233410513192006,0.0007101748460585633
SQLeek,SQLite,300,0.7849893162393162,0.001464739159455512,2204.25,4.112987559751022,652.5,0.9999999999999905,0.44927065706138664,0.0011561069738379197,28089.75,72.65156570921228,2808.0,886.0,62524,0.7364559819413092,0.000732369579727756,0.0014354443762664018,0.0005780534869189598,0.0011329848343611612
SQLeek,SQLite,480,0.7850783475783476,0.0016058581740822455,2204.5,4.509249752822936,652.5,0.9999999999999905,0.4493386313431273,0.0012007286364135762,28094.0,75.44976253552196,2808.0,886.0,62524,0.7364559819413092,0.0008029290870411228,0.0015737410106006005,0.0006003643182067881,0.0011767140636853046
SQLeek,SQLite,600,0.785167378917379,0.0016025641025640986,2204.75,4.499999999999954,652.5,0.9999999999999905,0.44941901671262985,0.0011294182428073047,28099.25,70.67472438337946,2808.0,886.0,62524,0.7364559819413092,0.0008012820512820493,0.0015705128205128166,0.0005647091214036524,0.0011068298779511585
SQLeek,SQLite,720,0.785167378917379,0.0016025641025640986,2204.75,4.499999999999954,652.5,0.9999999999999905,0.4494590013585258,0.00107707519010153,28101.75,67.41599711245608,2808.0,886.0,62524,0.7364559819413092,0.0008012820512820493,0.0015705128205128166,0.000538537595050765,0.0010555336862994994
SQLeek,SQLite,900,0.785167378917379,0.0016025641025640986,2204.75,4.499999999999954,652.5,0.9999999999999905,0.4494590013585258,0.00107707519010153,28101.75,67.41599711245608,2808.0,886.0,62524,0.7364559819413092,0.0008012820512820493,0.0015705128205128166,0.000538537595050765,0.0010555336862994994
SQLeek,SQLite,1200,0.785167378917379,0.0016025641025640986,2204.75,4.499999999999954,652.5,0.9999999999999905,0.44953497218572813,0.001017799936114248,28106.5,63.73643646559878,2808.0,886.0,62524,0.7364559819413092,0.0008012820512820493,0.0015705128205128166,0.000508899968057124,0.000997443937391963
SQLeek,SQLite,1440,0.785167378917379,0.0016025641025640986,2204.75,4.499999999999954,652.5,0.9999999999999905,0.44955496489239366,0.0010098474012307857,28107.75,63.2317167250738,2808.0,886.0,62524,0.7364559819413092,0.0008012820512820493,0.0015705128205128166,0.0005049237006153929,0.00098965045320617
SQLaser,SQLite,60,0.6688034188034189,0.006474237522328312,1878.0,18.179658962697857,627.6,5.458937625582468,0.3667767389129401,0.004766497666618727,22941.0,297.68523644950886,2808.0,886.0,62564,0.708352144469526,0.0028953670404811838,0.00567491939934312,0.0021316425594307205,0.004178019416484212
SQLaser,SQLite,180,0.6888176638176638,0.004436584473617504,1934.2,12.45792920191794,633.0,3.7416573867739413,0.38402724640489017,0.0027455142411633576,24020.6,172.2477866330944,2808.0,886.0,62564,0.7144469525959368,0.0019841008941857722,0.0038888377526041136,0.0012278312952870038,0.0024065493387625276
SQLaser,SQLite,300,0.6968660968660968,0.00536793267276832,1956.8,15.073154945133428,636.0,1.4142135623730951,0.3904575226134176,0.0038087496308198123,24425.0,239.24986938345444,2808.0,886.0,62564,0.7178329571106095,0.0024006124709904193,0.004705200443141222,0.0017033246167580656,0.0033385162488458087
SQLaser,SQLite,480,0.6994301994301994,0.005258127870453501,1964.0,14.7648230602334,637.6,0.8944271909999222,0.3936867840212276,0.0038932123421720486,24627.0,243.7898685343591,2808.0,886.0,62564,0.7196388261851016,0.0023515062705440474,0.004608952290266333,0.0017410974895875743,0.0034125510795916456
SQLaser,SQLite,600,0.7022079772079772,0.005397384955009418,1971.8,15.155856953666465,638.0,0.0,0.3946459464109734,0.004335884058098663,24687.0,271.4295488704207,2808.0,886.0,62564,0.7200902934537246,0.0024137839320271404,0.004731016506773195,0.0019390662992932516,0.003800569946614773
SQLaser,SQLite,720,0.704059829059829,0.005042664621975145,1977.0,14.159802258506296,638.0,0.0,0.3978540639406269,0.0032014296764213738,24888.8,200.9868154879817,2808.0,886.0,62564,0.7200902934537246,0.0022551481764939403,0.004420090425928123,0.0014317228763326695,0.0028061768376120323
SQLaser,SQLite,900,0.7048433048433049,0.004981937895758864,1979.2,13.989281611290828,638.4,0.8944271909999222,0.39917180171199285,0.0037068194432914375,24972.2,233.52023466928947,2808.0,886.0,62564,0.7205417607223477,0.002227990358919816,0.00436686110348284,0.0016577400511035162,0.0032491705001628916
SQLaser,SQLite,1200,0.7102564102564102,0.004536930813159796,1994.4,12.739701723352841,638.8,1.09544511501034,0.40085713341273593,0.004387869969869462,25077.8,276.4863468600213,2808.0,886.0,62564,0.7209932279909707,0.0020289771414877403,0.003976795197315971,0.001962315105811614,0.003846137607390763
SQLaser,SQLite,1440,0.7113960113960114,0.005170567354097279,1997.6,14.518953130305245,639.2,1.0954451150103335,0.40160534599782094,0.003914240380616112,25125.4,245.61514611277545,2808.0,886.0,62564,0.7214446952595938,0.0023123480172005484,0.0045322021137130745,0.0017505015142664552,0.003430982967962252
AFLGo,SQLite,0,0.4209401709401709,0.0,1182.0,0.0,516.0,0.0,0.1832815950331232,0.0,11454.0,0.0,2808.0,886.0,62508,0.582392776523702,0.0,0.0,0.0,0.0
AFLGo,SQLite,60,0.5153133903133903,0.0,1447.0,0.0,556.0,0.0,0.237129235593383,0.0,14822.0,0.0,2808.0,886.0,62508,0.6275395033860045,0.0,0.0,0.0,0.0
AFLGo,SQLite,180,0.5370370370370371,0.0,1508.0,0.0,560.0,0.0,0.2481282395853331,0.0,15510.0,0.0,2808.0,886.0,62508,0.6320541760722348,0.0,0.0,0.0,0.0
AFLGo,SQLite,300,0.5402421652421653,0.0,1517.0,0.0,560.0,0.0,0.2499840020477378,0.0,15626.0,0.0,2808.0,886.0,62508,0.6320541760722348,0.0,0.0,0.0,0.0
AFLGo,SQLite,480,0.5473646723646723,0.0,1537.0,0.0,564.0,0.0,0.2530716068343252,0.0,15819.0,0.0,2808.0,886.0,62508,0.636568848758465,0.0,0.0,0.0,0.0
AFLGo,SQLite,600,0.5502136752136753,0.0,1545.0,0.0,566.0,0.0,0.2557432648620976,0.0,15986.0,0.0,2808.0,886.0,62508,0.6388261851015802,0.0,0.0,0.0,0.0
AFLGo,SQLite,720,0.5527065527065527,0.0,1552.0,0.0,566.0,0.0,0.2581909515582005,0.0,16139.0,0.0,2808.0,886.0,62508,0.6388261851015802,0.0,0.0,0.0,0.0
AFLGo,SQLite,900,0.5544871794871795,0.0,1557.0,0.0,566.0,0.0,0.2596627631663147,0.0,16231.0,0.0,2808.0,886.0,62508,0.6388261851015802,0.0,0.0,0.0,0.0
AFLGo,SQLite,1200,0.5580484330484331,0.0,1567.0,0.0,566.0,0.0,0.2624304089076598,0.0,16404.0,0.0,2808.0,886.0,62508,0.6388261851015802,0.0,0.0,0.0,0.0
AFLGo,SQLite,1440,0.5580484330484331,0.0,1567.0,0.0,566.0,0.0,0.2625263966212325,0.0,16410.0,0.0,2808.0,886.0,62508,0.6388261851015802,0.0,0.0,0.0,0.0
Griffin,SQLite,0,0.0,0.0,0.0,0.0,0.0,0.0,0.0,0.0,0.0,0.0,2808.0,886.0,62524,0.0,0.0,0.0,0.0,0.0
Griffin,SQLite,60,0.5787037037037036,0.0035612535612535587,1625.0,9.99999999999999,617.8,4.868264577855239,0.3068229799756893,0.00269175733367734,19183.8,168.29943553084166,2808.0,886.0,62524,0.6972911963882618,0.0015926410096152336,0.003121576378845858,0.0012037904754072233,0.0023594293317981577
Griffin,SQLite,180,0.5831908831908832,0.00524967913434212,1637.6,14.741099009232665,620.0,3.5355339059327378,0.311019768408931,0.0038195764909673266,19446.2,238.81520052123963,2808.0,886.0,62524,0.6997742663656885,0.002347727880890246,0.0046015466465448825,0.0017081665358126108,0.003348006410192717
Griffin,SQLite,300,0.5858262108262109,0.004771282409891076,1645.0,13.397761006974262,620.2,3.193743884534264,0.3121137483206448,0.004015264432020211,19514.6,251.05039334763092,2808.0,886.0,62524,0.7000000000000001,0.002133782361673092,0.00418221342887926,0.0017956808435268552,0.003519534453312636
Griffin,SQLite,480,0.5883190883190883,0.0034435683058785245,1652.0,9.669539802906852,620.6,3.847076812334268,0.3128814535218476,0.0035992329531158635,19562.6,225.03844116061626,2808.0,886.0,62524,0.7004514672686231,0.0015400105634216339,0.0030184207043064022,0.0016096259100048767,0.0031548667836095584
Griffin,SQLite,600,0.5898148148148148,0.0026458939631063124,1656.2,7.429670248402687,621.6,3.209361307176242,0.31499904036849846,0.00435179924894378,19695.0,272.0918962409578,2808.0,886.0,62524,0.7015801354401806,0.001183279752552407,0.002319228315002718,0.001946183789014164,0.0038145202264677617
Griffin,SQLite,720,0.5918091168091169,0.0013181449802935603,1661.8,3.701351104664344,621.6,3.209361307176242,0.315322116307338,0.003879910274190884,19715.2,242.58750998351059,2808.0,886.0,62524,0.7015801354401806,0.0005894923560273043,0.0011554050178135163,0.0017351486239381327,0.00340089130291874
Griffin,SQLite,900,0.5948717948717949,0.0042482038343153025,1670.4,11.928956366757316,621.6,3.209361307176242,0.3161953809737061,0.0042972226489889015,19769.8,268.6795489053827,2808.0,886.0,62524,0.7015801354401806,0.001899854511160854,0.003723714841875274,0.0019217763915181803,0.0037666817273756333
Griffin,SQLite,1200,0.5955840455840455,0.0036544084137793086,1672.4,10.261578825892226,621.6,3.209361307176242,0.31798669310984573,0.0034082945935698444,19881.8,213.10021116836091,2808.0,886.0,62524,0.7015801354401806,0.0016343011261515427,0.0032032302072570237,0.001524235679713438,0.0029875019322383382
Griffin,SQLite,1440,0.597008547008547,0.0029431557708538784,1676.4,8.264381404557767,621.6,3.209361307176242,0.31816582432345974,0.003296772244209645,19893.0,206.12738779696403,2808.0,886.0,62524,0.7015801354401806,0.0013162192744000131,0.0025797897778240255,0.0014743613688774607,0.002889748282999823
SQUIRREL,SQLite,60,0.5626780626780626,0.00987244748976435,1580.0,27.721832551258238,599.8,5.63027530410369,0.292940310523525,0.004409567492908389,18319.2,275.91339220849716,2808.0,886.0,62540,0.6769751693002257,0.004415092738282049,0.008653581767032816,0.0019720185331032957,0.0038651563248824597
SQUIRREL,SQLite,180,0.568019943019943,0.011681780247048955,1595.0,32.80243893371347,602.2,7.155417527999327,0.29738518109626316,0.005166126372617491,18597.4,323.1652827888545,2808.0,886.0,62540,0.6796839729119639,0.00522425094612315,0.010239531854401374,0.0023103619499054233,0.0045283094218146296
SQUIRREL,SQLite,300,0.5687321937321937,0.010250596840900465,1597.0,28.783675929248528,601.2,6.457553716385178,0.2982422854603143,0.004700633426176714,18651.0,294.04761519182523,2808.0,886.0,62540,0.6785553047404064,0.004584206269239607,0.00898504428770963,0.0021021871756477743,0.0041202868642696375
SQUIRREL,SQLite,480,0.5716524216524216,0.011900662931108167,1605.2,33.41706151055174,602.6,7.602631123499288,0.3001515620780159,0.005156769660307368,18770.4,322.61556069104876,2808.0,886.0,62540,0.6801354401805869,0.005322138258253952,0.010431390986177746,0.0023061775009511547,0.004520107901864263
SQUIRREL,SQLite,600,0.573076923076923,0.010829373319771279,1609.2,30.408880281917643,603.0,7.211102550927978,0.30073043315209524,0.004635573873329145,18806.6,289.99706895070506,2808.0,886.0,62540,0.6805869074492099,0.004843042979346229,0.009492364239518608,0.0020730916590971935,0.004063259651830499
SQUIRREL,SQLite,720,0.5752136752136752,0.012085721435830454,1615.2,33.93670579181189,603.4,7.7330459716724835,0.30225914770085166,0.004459457390204585,18902.2,278.9618253453333,2808.0,886.0,62540,0.6810383747178329,0.005404898937528651,0.010593601917556155,0.001994329973452251,0.003908886747966412
SQUIRREL,SQLite,900,0.5751424501424501,0.01034603920679059,1615.0,29.051678092667913,602.4,7.3006848993775915,0.3023998549875172,0.0037427427799348,18911.0,234.2253188705265,2808.0,886.0,62540,0.6799097065462754,0.0046268893928523526,0.00906870320999061,0.0016738054556461497,0.0032806586930664533
SQUIRREL,SQLite,1200,0.5777777777777777,0.011380977440930858,1622.4,31.957784654133935,603.2,7.155417527999332,0.30318019302842797,0.00389116086048267,18959.8,243.54609419984584,2808.0,886.0,62540,0.6808126410835215,0.0050897278416625995,0.009975866569658695,0.001740180039085165,0.0034107528766069233
SQUIRREL,SQLite,1440,0.5795584045584046,0.012125532345880102,1627.4,34.04849482723132,604.6,8.111719916269307,0.3044722524865954,0.004836815719336401,19040.6,302.58436839995545,2808.0,886.0,62540,0.682392776523702,0.00542270291775208,0.010628497718794077,0.0021630897486151473,0.004239655907285689
DynSQL,SQLite,0,0.0,0.0,0.0,0.0,0.0,0.0,0.0,0.0,0.0,0.0,2808.0,886.0,62524,0.0,0.0,0.0,0.0,0.0
DynSQL,SQLite,60,0.41971631054131053,0.008127115902055766,1178.5634,22.820941452972495,387.2888,11.820537792334164,0.2218484613908259,0.0042218424135367924,13870.853200000001,263.96647506397494,2808.0,886.0,62524,0.43712054176072235,0.003634556723603243,0.007123731178262357,0.001888065325392009,0.0037006080377683377
DynSQL,SQLite,180,0.4530393162393162,0.005978056773257646,1272.1344,16.786383419307445,418.4432,8.651521496245595,0.2390685752670974,0.003241501623157054,14947.5236,202.67164748627167,2808.0,886.0,62524,0.47228352144469526,0.0026734682636714285,0.0052399977967959996,0.001449643595711016,0.002841301447593591
DynSQL,SQLite,300,0.4784869658119658,0.008753992858738976,1343.5914,24.581211947339042,441.9686,13.283401853440981,0.2520144296590109,0.002886402570174826,15756.950200000001,180.46943429761203,2808.0,886.0,62524,0.4988358916478555,0.003914904621337613,0.00767321305782172,0.0012908384714682036,0.002530043404077679
DynSQL,SQLite,480,0.5014146723646723,0.010810216625770051,1407.9724,30.35508828516231,464.11859999999996,14.82384650824475,0.2639542479687799,0.004800683382677125,16503.475400000003,300.15792781850814,2808.0,886.0,62524,0.5238358916478555,0.004834475845344048,0.009475572656874334,0.0021469308764239378,0.004207984517790918
DynSQL,SQLite,600,0.5124242165242165,0.00861181768976456,1438.8872,24.181984072858924,474.1426,13.440389998061814,0.2699087806282387,0.0015342022512725086,16875.7766,95.92446155856231,2808.0,886.0,62524,0.5351496613995486,0.0038513219528297504,0.007548591027546311,0.0006861161050157084,0.0013447875658307885
DynSQL,SQLite,720,0.5231240028490028,0.008715391504680531,1468.9322,24.47281934514284,483.1172,10.908532793185326,0.27585210479176,0.004940305153852735,17247.377,308.88763943948953,2808.0,886.0,62524,0.545279006772009,0.003897641570997969,0.007639377479156019,0.0022093716307214546,0.0043303683962140505
DynSQL,SQLite,900,0.5351268518518518,0.011856493067075575,1502.6362000000001,33.293032532348185,493.2924,14.14382477620534,0.28247146375791693,0.004408256622979014,17661.245799999997,275.6218370951398,2808.0,886.0,62524,0.5567634311512415,0.005302384894547192,0.010392674393312496,0.001971432294248947,0.0038640072967279365
DynSQL,SQLite,1200,0.5454382478632478,0.011393121758487761,1531.5906,31.991885897833516,503.73580000000004,16.518423826140324,0.28759228776149953,0.004027381119329828,17981.4202,251.80797710497666,2808.0,886.0,62524,0.5685505643340858,0.005095158945582115,0.009986511533340946,0.0018010995908241375,0.0035301551980153095
DynSQL,SQLite,1440,0.5525691595441595,0.01112267326653855,1551.6142,31.232466532440213,509.212,14.318052992638355,0.29089906275990013,0.004483219866657134,18188.173,280.30883894286933,2808.0,886.0,62524,0.5747313769751693,0.004974210703099967,0.009749452978075935,0.0020049568759845787,0.003929715476929775
SQLancer,SQLite,60,0.4825498575498576,0.0,1355.0,0.0,530.0,0.0,0.2095736508546188,0.0,13095.0,0.0,2808.0,886.0,62484,0.5981941309255079,0.0,0.0,0.0,0.0
SQLancer,SQLite,180,0.4893162393162393,0.0,1374.0,0.0,532.0,0.0,0.2161833429357915,0.0,13508.0,0.0,2808.0,886.0,62484,0.600451467268623,0.0,0.0,0.0,0.0
SQLancer,SQLite,300,0.4918091168091168,0.0,1381.0,0.0,532.0,0.0,0.2191441008898278,0.0,13693.0,0.0,2808.0,886.0,62484,0.600451467268623,0.0,0.0,0.0,0.0
SQLancer,SQLite,480,0.4918091168091168,0.0,1381.0,0.0,532.0,0.0,0.2191441008898278,0.0,13693.0,0.0,2808.0,886.0,62484,0.600451467268623,0.0,0.0,0.0,0.0
SQLancer,SQLite,600,0.4918091168091168,0.0,1381.0,0.0,532.0,0.0,0.2191441008898278,0.0,13693.0,0.0,2808.0,886.0,62484,0.600451467268623,0.0,0.0,0.0,0.0
SQLancer,SQLite,720,0.4918091168091168,0.0,1381.0,0.0,532.0,0.0,0.2191441008898278,0.0,13693.0,0.0,2808.0,886.0,62484,0.600451467268623,0.0,0.0,0.0,0.0
SQLancer,SQLite,900,0.4918091168091168,0.0,1381.0,0.0,532.0,0.0,0.2191441008898278,0.0,13693.0,0.0,2808.0,886.0,62484,0.600451467268623,0.0,0.0,0.0,0.0
SQLancer,SQLite,1200,0.4918091168091168,0.0,1381.0,0.0,532.0,0.0,0.2191441008898278,0.0,13693.0,0.0,2808.0,886.0,62484,0.600451467268623,0.0,0.0,0.0,0.0
SQLancer,SQLite,1440,0.4918091168091168,0.0,1381.0,0.0,532.0,0.0,0.2191441008898278,0.0,13693.0,0.0,2808.0,886.0,62484,0.600451467268623,0.0,0.0,0.0,0.0
SQLeek,MonetDB,60,0.239999333566585,0.0013755913568285379,28810.0,165.1287376564135,8539.98298125558,6.231374920320718,0.2712286745950243,0.000952324421388306,81875.79999999999,287.47817308449487,120042.0,10233.0,301870,0.8345532083705247,0.000615183156625956,0.0012057589869868737,0.00042589242857148134,0.0008347491600001034
SQLeek,MonetDB,180,0.2603238866396761,0.0030036810901617854,31249.8,360.56788542519945,8577.5334126748,14.014853212982967,0.28590386590254085,0.0030003497315254624,86305.8,905.7155734555992,120042.0,10233.0,301870,0.8382227511653279,0.0013432870200664852,0.002632842559330311,0.0013417971911928355,0.0026299224947379574
SQLeek,MonetDB,300,0.27262791356358607,0.0024942152551202766,32726.8,299.41058765514566,8594.989288902112,16.206278473886524,0.2950117600291516,0.002381966728297289,89055.19999999998,719.0442962711064,120042.0,10233.0,301870,0.8399285926807497,0.0011154469721931838,0.0021862760654986404,0.001065247904923102,0.00208788589364928
SQLeek,MonetDB,480,0.2832108761933323,0.00413202321167865,33997.2,496.0163303763282,8599.251770306457,11.690919453237738,0.30295027660913637,0.0029026776595181313,91451.6,876.2313050787449,120042.0,10233.0,301870,0.8403451353763761,0.0018478969571840928,0.0036218780360808217,0.001298116912690506,0.0025443091488733917
SQLeek,MonetDB,600,0.2877542859999,0.003387513932230432,34542.6,406.64394745280566,8600.875572746207,12.663609594335231,0.30640739391128624,0.0029198276134018986,92495.19999999998,881.4083616576327,120042.0,10233.0,301870,0.8405038183080432,0.0015149422854389724,0.002969286879460386,0.0013057866052295242,0.0025593417462498676
SQLeek,MonetDB,720,0.2922060612119092,0.0036136973618647985,35076.99999999999,433.795458712975,8604.123177625708,14.477561341544204,0.309663100009938,0.002845419348542758,93478.0,858.9467387446092,120042.0,10233.0,301870,0.8408211841713777,0.001616094590248269,0.0031675453968866073,0.0012725102175669548,0.0024941200264312316
SQLeek,MonetDB,900,0.2973192715882774,0.003941301879564552,35690.8,473.12176022668814,8606.96483189527,16.196742563395897,0.31339053234836184,0.0031945918444631753,94603.2,964.3514400881036,120042.0,10233.0,301870,0.8410988793017952,0.0017626037845108052,0.003454703417641178,0.001428664904917219,0.002800183213637749
SQLeek,MonetDB,1200,0.3037570183769014,0.003286909842222247,36463.59999999999,394.56723128004325,8611.227313299614,15.901531547202804,0.3182018749792957,0.0027348005368961173,96055.59999999999,825.5542380728401,120042.0,10233.0,301870,0.8415154219974215,0.0014699507686244105,0.0028811035065038444,0.001223039981080528,0.002397158362917835
SQLeek,MonetDB,1440,0.306985888272438,0.0035524196694037514,36851.2,426.43956195456343,8614.271942874144,15.07014752846579,0.32052141650379296,0.0028233850796877246,96755.79999999999,852.2952540053416,120042.0,10233.0,301870,0.8418129524942972,0.0015886903730788235,0.003113833131234494,0.0012626561929680825,0.002474806138217442
SQLaser,MonetDB,60,0.10790556638509852,9.018422620568364e-05,12953.2,10.825894882179432,5904.6,1.6733200530682055,0.12129393447510514,0.000152365471548374,36615.0,45.99456489630052,120042.0,10233.0,301870,0.5770155379654061,4.0331612058825305e-05,7.90499596352976e-05,6.813991036119488e-05,0.00013355422430794196
SQLaser,MonetDB,180,0.10790889855217338,8.384390556693856e-05,12953.6,10.064790112068868,5904.6,1.6733200530682055,0.12131977341239601,0.00015276827007993464,36622.8,46.1161576890359,120042.0,10233.0,301870,0.5770155379654061,3.7496134469349536e-05,7.34924235599251e-05,6.832004734075622e-05,0.00013390729278788219
SQLaser,MonetDB,300,0.10791389680278567,8.191812711513363e-05,12954.2,9.833615815151608,5904.6,1.6733200530682055,0.12132507370722492,0.00015262813050908038,36624.4,46.07385375676768,120042.0,10233.0,301870,0.5770155379654061,3.663490016378151e-05,7.180440432101175e-05,6.825737501940266e-05,0.00013378445503802922
SQLaser,MonetDB,480,0.10791556288632309,7.648575619290114e-05,12954.4,9.181503144910458,5904.6,1.6733200530682055,0.12132639878093214,0.00015589690671879053,36624.8,47.060599231204336,120042.0,10233.0,301870,0.5770155379654061,3.420547003156049e-05,6.704272126185856e-05,6.971921618103186e-05,0.00013664966371482244
SQLaser,MonetDB,600,0.10792056113693534,7.450952091766633e-05,12955.0,8.94427190999916,5904.6,1.6733200530682055,0.12133236161261465,0.00014987104979328686,36626.6,45.24157380109567,120042.0,10233.0,301870,0.5770155379654061,3.3321670748568885e-05,6.531047466719502e-05,6.702437103940904e-05,0.00013136776723724172
SQLaser,MonetDB,720,0.10793222372169735,7.557300564829221e-05,12956.4,9.07193474403339,5904.6,1.6733200530682055,0.12133699937058995,0.00015435118106762536,36628.0,46.593991028886975,120042.0,10233.0,301870,0.5770155379654061,3.379727557871139e-05,6.624266013427432e-05,6.902794665491777e-05,0.00013529477544363882
SQLaser,MonetDB,900,0.1079355558887722,7.390165147603002e-05,12956.8,8.871302046486752,5904.6,1.6733200530682055,0.12133699937058995,0.00015139003348814355,36628.0,45.700109409059365,120042.0,10233.0,301870,0.5770155379654061,3.304982326998016e-05,6.47776536091611e-05,6.770368119909171e-05,0.00013269921515021975
SQLaser,MonetDB,1200,0.10794222022292195,7.18060743390453e-05,12957.6,8.619744775803964,5904.6,1.6733200530682055,0.12134892503395497,0.00014933924584234723,36631.6,45.081038142438445,120042.0,10233.0,301870,0.5770155379654061,3.211265268390172e-05,6.294079926044737e-05,6.678654108240824e-05,0.00013090162052152015
SQLaser,MonetDB,1440,0.10794388630645937,6.879533104101869e-05,12957.8,8.258329128825034,5904.6,1.6733200530682055,0.12134759996024776,0.00014915174680761608,36631.2,45.024437808816366,120042.0,10233.0,301870,0.5770155379654061,3.076620734846383e-05,6.0301766402989104e-05,6.670268896493336e-05,0.0001307372703712694
AFLGo,MonetDB,60,0.1067626330784225,0.0,12815.999999999996,0.0,5841.629277000893,0.0,0.1173684036174512,0.0,35429.99999999999,0.0,120042.0,10233.0,301870,0.5708618466726173,0.0,0.0,0.0,0.0
AFLGo,MonetDB,180,0.1067876243314839,0.0,12818.999999999987,0.0,5841.629277000893,0.0,0.1173915924073276,0.0,35436.999999999985,0.0,120042.0,10233.0,301870,0.5708618466726173,0.0,0.0,0.0,0.0
AFLGo,MonetDB,300,0.1067876243314839,0.0,12818.999999999987,0.0,5841.629277000893,0.0,0.1173849670387915,0.0,35434.99999999999,0.0,120042.0,10233.0,301870,0.5708618466726173,0.0,0.0,0.0,0.0
AFLGo,MonetDB,480,0.1067876243314839,0.0,12818.999999999987,0.0,5841.629277000893,0.0,0.1173915924073276,0.0,35436.999999999985,0.0,120042.0,10233.0,301870,0.5708618466726173,0.0,0.0,0.0,0.0
AFLGo,MonetDB,600,0.1067876243314839,0.0,12818.999999999987,0.0,5841.629277000893,0.0,0.1173982177758637,0.0,35438.99999999998,0.0,120042.0,10233.0,301870,0.5708618466726173,0.0,0.0,0.0,0.0
AFLGo,MonetDB,720,0.1067959547491711,0.0,12819.999999999996,0.0,5841.629277000893,0.0,0.1173915924073276,0.0,35436.999999999985,0.0,120042.0,10233.0,301870,0.5708618466726173,0.0,0.0,0.0,0.0
AFLGo,MonetDB,900,0.1067959547491711,0.0,12819.999999999996,0.0,5841.629277000893,0.0,0.1173915924073276,0.0,35436.999999999985,0.0,120042.0,10233.0,301870,0.5708618466726173,0.0,0.0,0.0,0.0
AFLGo,MonetDB,1200,0.1067959547491711,0.0,12819.999999999996,0.0,5841.629277000893,0.0,0.1173982177758637,0.0,35438.99999999998,0.0,120042.0,10233.0,301870,0.5708618466726173,0.0,0.0,0.0,0.0
AFLGo,MonetDB,1440,0.1067959547491711,0.0,12819.999999999996,0.0,5841.629277000893,0.0,0.1174048431443999,0.0,35441.0,0.0,120042.0,10233.0,301870,0.5708618466726173,0.0,0.0,0.0,0.0
Griffin,MonetDB,60,0.2240382532780193,0.0,26894.0,0.0,8368.671823861945,0.0,0.2580316030079173,0.0,77891.99999999999,0.0,120042.0,10233.0,301870,0.8178121590796389,0.0,0.0,0.0,0.0
Griffin,MonetDB,180,0.2240382532780193,0.0,26894.0,0.0,8368.671823861945,0.0,0.2580316030079173,0.0,77891.99999999999,0.0,120042.0,10233.0,301870,0.8178121590796389,0.0,0.0,0.0,0.0
Griffin,MonetDB,300,0.2240382532780193,0.0,26894.0,0.0,8368.671823861945,0.0,0.2580316030079173,0.0,77891.99999999999,0.0,120042.0,10233.0,301870,0.8178121590796389,0.0,0.0,0.0,0.0
Griffin,MonetDB,480,0.2240382532780193,0.0,26894.0,0.0,8368.671823861945,0.0,0.2580316030079173,0.0,77891.99999999999,0.0,120042.0,10233.0,301870,0.8178121590796389,0.0,0.0,0.0,0.0
Griffin,MonetDB,600,0.2240382532780193,0.0,26894.0,0.0,8368.671823861945,0.0,0.2580316030079173,0.0,77891.99999999999,0.0,120042.0,10233.0,301870,0.8178121590796389,0.0,0.0,0.0,0.0
Griffin,MonetDB,720,0.2240382532780193,0.0,26894.0,0.0,8368.671823861945,0.0,0.2580349156921854,0.0,77893.0,0.0,120042.0,10233.0,301870,0.8178121590796389,0.0,0.0,0.0,0.0
Griffin,MonetDB,900,0.2240382532780193,0.0,26894.0,0.0,8368.671823861945,0.0,0.2580349156921854,0.0,77893.0,0.0,120042.0,10233.0,301870,0.8178121590796389,0.0,0.0,0.0,0.0
Griffin,MonetDB,1200,0.2240382532780193,0.0,26894.0,0.0,8368.671823861945,0.0,0.2580349156921854,0.0,77893.0,0.0,120042.0,10233.0,301870,0.8178121590796389,0.0,0.0,0.0,0.0
Griffin,MonetDB,1440,0.2240382532780193,0.0,26894.0,0.0,8368.671823861945,0.0,0.2580349156921854,0.0,77893.0,0.0,120042.0,10233.0,301870,0.8178121590796389,0.0,0.0,0.0,0.0
SQUIRREL,MonetDB,0,0.08981689741923657,2.5944938442201275e-05,10781.8,3.114482300479604,5263.0,0.0,0.10260045715042898,1.9457614410940138e-05,30972.0,5.873670062235017,120042.0,10233.0,301870,0.5143164272451871,1.1602929205761909e-05,2.274174124329334e-05,8.701709700568335e-06,1.7055351013113936e-05
SQUIRREL,MonetDB,60,0.08988354076073368,4.055467734503141e-05,10789.8,4.868264577855285,5263.0,0.0,0.10321264120316691,2.8631252441538482e-05,31156.8,8.642916174533038,120042.0,10233.0,301870,0.5143164272451871,1.8136603069812184e-05,3.554774201683188e-05,1.2804285348047374e-05,2.509639928217285e-05
SQUIRREL,MonetDB,180,0.08988354076073368,4.055467734503141e-05,10789.8,4.868264577855285,5263.0,0.0,0.10321661642428856,2.9997631888330266e-05,31158.0,9.055385138137417,120042.0,10233.0,301870,0.5143164272451871,1.8136603069812184e-05,3.554774201683188e-05,1.3415348813264371e-05,2.6294083673998166e-05
SQUIRREL,MonetDB,300,0.08988853901134598,4.7344336943338864e-05,10790.4,5.683308895353265,5263.0,0.0,0.10321860403484942,3.2927481736621654e-05,31158.6,9.93981891183165,120042.0,10233.0,301870,0.5143164272451871,2.117303115099206e-05,4.1499141055944435e-05,1.4725617498193768e-05,2.8862210296459784e-05
SQUIRREL,MonetDB,480,0.08989020509488342,4.660569044399693e-05,10790.6,5.594640292279762,5263.0,0.0,0.10322191671911747,3.3176495732719586e-05,31159.6,10.014988766843707,120042.0,10233.0,301870,0.5143164272451871,2.0842698394217896e-05,4.085168885266707e-05,1.4836979942718537e-05,2.9080480687728333e-05
SQUIRREL,MonetDB,600,0.08989020509488342,4.660569044399693e-05,10790.6,5.594640292279762,5263.0,0.0,0.10322390432967829,3.324258443516009e-05,31160.2,10.034938963441615,120042.0,10233.0,301870,0.5143164272451871,2.0842698394217896e-05,4.085168885266707e-05,1.486653570895888e-05,2.9138409989559407e-05
SQUIRREL,MonetDB,720,0.08989353726195828,5.101318169438299e-05,10791.0,6.12372435695801,5263.0,0.0,0.10322655447709275,3.560172468314173e-05,31161.0,10.747092630102339,120042.0,10233.0,301870,0.5143164272451871,2.281378840343765e-05,4.4715025270737795e-05,1.5921575301547414e-05,3.120628759103293e-05
SQUIRREL,MonetDB,900,0.0898952033454957,5.347064039544668e-05,10791.2,6.418722614352409,5263.0,0.0,0.1032285420876536,3.502683907080761e-05,31161.6,10.573551910309428,120042.0,10233.0,301870,0.5143164272451871,2.3912797344933003e-05,4.686908279606869e-05,1.5664478639854277e-05,3.0702378134114385e-05
SQUIRREL,MonetDB,1200,0.08989686942903312,5.28833916399216e-05,10791.4,6.348228099241673,5263.0,0.0,0.10322986716136082,3.4106171997826174e-05,31162.0,10.295630140987166,120042.0,10233.0,301870,0.5143164272451871,2.3650171717521755e-05,4.635433656634264e-05,1.5252743807887826e-05,2.9895377863460137e-05
SQUIRREL,MonetDB,1440,0.08989520334549568,5.475309216824889e-05,10791.2,6.572670690061859,5263.0,0.0,0.10322986716136082,3.394491259799289e-05,31162.0,10.246950765959786,120042.0,10233.0,301870,0.5143164272451871,2.4486327213303174e-05,4.799320133807422e-05,1.5180626411880217e-05,2.9754027767285226e-05
DynSQL,MonetDB,0,0.0,0.0,0.0,0.0,0.0,0.0,0.0,0.0,0.0,0.0,120042.0,10233.0,301870,0.0,0.0,0.0,0.0,0.0
DynSQL,MonetDB,60,0.11879570150447338,0.003304115076340704,14260.473600000001,396.632581994092,2092.1034,66.59202451720482,0.11984015304601311,0.0032686199687250537,36176.147,986.6983099590271,120042.0,10233.0,301870,0.20444673116388157,0.001477645183235944,0.0028961845591424502,0.0014617712885364913,0.0028650717255315227
DynSQL,MonetDB,180,0.13091439662784685,0.003510896001968791,15715.225999999999,421.4549778683371,2285.8192,57.711290019371326,0.13350765561334346,0.0029219941263532744,40301.956,882.062366922261,120042.0,10233.0,301870,0.22337723052868172,0.0015701204244668904,0.003077436031955105,0.0013067554992762063,0.002561240778581364
DynSQL,MonetDB,300,0.1444690741573782,0.003511449671456059,17342.3566,421.5214414609296,2533.3540000000003,67.56315174338746,0.14603208069698873,0.0029411351078859004,44082.7042,887.840455017507,120042.0,10233.0,301870,0.247567086875794,0.0015703680329890101,0.0030779213446584597,0.00131531560644881,0.002578018588639668
DynSQL,MonetDB,480,0.1550938604821645,0.004864467856202848,18617.7772,583.9404503943018,2724.8898,60.385105727323165,0.1571869221850465,0.0020891472843927333,47450.0162,630.6508907396327,120042.0,10233.0,301870,0.2662845499853415,0.002175456160166448,0.004263894073926238,0.0009342950685822473,0.0018312183344212048
DynSQL,MonetDB,600,0.16048611652588257,0.0033403431511671647,19265.0744,400.9814725524108,2807.1958,79.90169799635042,0.1621166541888892,0.002994085195134517,48938.1544,903.8244978552523,120042.0,10233.0,301870,0.2743277435747093,0.001493846870837127,0.002927939866840769,0.0013389956053493006,0.002624431386484629
DynSQL,MonetDB,720,0.1681390130121124,0.0048913513430062375,20183.7434,587.1675979171528,2954.3656,66.28271311812752,0.1707435916122834,0.003911956309026278,51542.368,1180.9022510057682,120042.0,10233.0,301870,0.2887096257207075,0.0021874788209593674,0.00428745848908036,0.0017494800463983863,0.003428980890940837
DynSQL,MonetDB,900,0.1744136485563386,0.0038588188068446974,20936.963200000002,463.2203272112533,3051.8038,88.22610434389584,0.17641704906085395,0.001274149526026002,53255.014599999995,384.62751742146634,120042.0,10233.0,301870,0.298231584090687,0.0017257162329918747,0.0033824038166640744,0.0005698169907386556,0.001116841301847765
DynSQL,MonetDB,1200,0.17988778094333646,0.004746394185022292,21594.089,569.7666507584478,3163.8664,93.36097546780458,0.18289551992579584,0.0034433020212903025,55210.6706,1039.4295811669,120042.0,10233.0,301870,0.30918268347503175,0.002122652009143912,0.004160397937922067,0.001539891477333509,0.0030181872955736774
DynSQL,MonetDB,1440,0.1845966794955099,0.004798891724920809,22159.3546,576.0685604429397,3226.807,82.65373084440891,0.1863531805081657,0.002736873789380552,56254.4346,826.180090800304,120042.0,10233.0,301870,0.31533343105638617,0.00214612962271683,0.004206414060524986,0.0012239671677784713,0.0023989756488458037
SQLancer,MonetDB,60,0.0601572782859332,0.0,7221.4,0.0,0.0,0.0,0.0,0.0,0.0,0.0,120042.0,10233.0,301870,0.0,0.0,0.0,0.0,0.0
SQLancer,MonetDB,180,0.0601572782859332,0.0,7221.4,0.0,0.0,0.0,0.0,0.0,0.0,0.0,120042.0,10233.0,301870,0.0,0.0,0.0,0.0,0.0
SQLancer,MonetDB,300,0.0601572782859332,0.0,7221.4,0.0,0.0,0.0,0.0,0.0,0.0,0.0,120042.0,10233.0,301870,0.0,0.0,0.0,0.0,0.0
SQLancer,MonetDB,480,0.0601572782859332,0.0,7221.4,0.0,0.0,0.0,0.0,0.0,0.0,0.0,120042.0,10233.0,301870,0.0,0.0,0.0,0.0,0.0
SQLancer,MonetDB,600,0.0601572782859332,0.0,7221.4,0.0,0.0,0.0,0.0,0.0,0.0,0.0,120042.0,10233.0,301870,0.0,0.0,0.0,0.0,0.0
SQLancer,MonetDB,720,0.0601572782859332,0.0,7221.4,0.0,0.0,0.0,0.0,0.0,0.0,0.0,120042.0,10233.0,301870,0.0,0.0,0.0,0.0,0.0
SQLancer,MonetDB,900,0.0601572782859332,0.0,7221.4,0.0,0.0,0.0,0.0,0.0,0.0,0.0,120042.0,10233.0,301870,0.0,0.0,0.0,0.0,0.0
SQLancer,MonetDB,1200,0.0601572782859332,0.0,7221.4,0.0,0.0,0.0,0.0,0.0,0.0,0.0,120042.0,10233.0,301870,0.0,0.0,0.0,0.0,0.0
SQLancer,MonetDB,1440,0.0601572782859332,0.0,7221.4,0.0,0.0,0.0,0.0,0.0,0.0,0.0,120042.0,10233.0,301870,0.0,0.0,0.0,0.0,0.0
