tool,dbms,run,bug_id,first_seen_hours,status,source_run,discovery_time,run_start_time,run_time_hours,log_path,top_frame_demangled,match_confidence,match_score,trigger_summary
SQLeek,MariaDB,r1,MDEV-39887,2.193056,Confirmed,griffin_mariadb_sqleek_rnd1,2026-06-29 13:30:53,2026-06-29 11:19:18,25.508056,/root/dfuzz-griffin/griffin_output/griffin_mariadb_sqleek_rnd1/logSaved/id_000002_20260629_13h30m53s/griffin.log,"setup_copy_fields(THD*, TMP_TABLE_PARAM*, Bounds_checked_array<Item*>, List<Item>&, List<Item>&, unsigned int, List<Item>&)",stack_strong,75.529412,Nested recursive CTE with GIS geohash and window expression
SQLeek,MariaDB,r1,MDEV-39914,4.292222,Fixed,griffin_mariadb_sqleek_rnd1,2026-06-29 15:36:50,2026-06-29 11:19:18,25.508056,/root/dfuzz-griffin/griffin_output/griffin_mariadb_sqleek_rnd1/logSaved/id_000037_20260629_15h36m50s/griffin.log,"String::append(char const*, unsigned long)",stack_strong,75.362069,INFORMATION_SCHEMA query with ROW_NUMBER and GIS simplify
SQLeek,MariaDB,r1,MDEV-39912,4.528611,Confirmed,griffin_mariadb_sqleek_rnd1,2026-06-29 15:51:01,2026-06-29 11:19:18,25.508056,/root/dfuzz-griffin/griffin_output/griffin_mariadb_sqleek_rnd1/logSaved/id_000041_20260629_15h51m01s/griffin.log,Item_field::used_tables() const,stack_strong,74.711370,"Recursive CTE with GET_LOCK, LEAST, and XML predicate"
SQLeek,MariaDB,r2,MDEV-39911,1.045556,Fixed,griffin_mariadb_sqleek_rnd2,2026-06-29 12:22:04,2026-06-29 11:19:20,25.510833,/root/dfuzz-griffin/griffin_output/griffin_mariadb_sqleek_rnd2/logSaved/id_000000_20260629_12h22m04s/griffin.log,pthread_kill,stack_strong,36.744417,ST_CONVEXHULL and ST_SIMPLIFY string concatenation
SQLeek,MariaDB,r2,MDEV-39887,1.497778,Confirmed,griffin_mariadb_sqleek_rnd2,2026-06-29 12:49:12,2026-06-29 11:19:20,25.510833,/root/dfuzz-griffin/griffin_output/griffin_mariadb_sqleek_rnd2/logSaved/id_000002_20260629_12h49m12s/griffin.log,"setup_copy_fields(THD*, TMP_TABLE_PARAM*, Bounds_checked_array<Item*>, List<Item>&, List<Item>&, unsigned int, List<Item>&)",stack_strong,76.672131,Nested recursive CTE with GIS geohash and window expression
SQLeek,MariaDB,r2,MDEV-39914,2.463611,Fixed,griffin_mariadb_sqleek_rnd2,2026-06-29 13:47:09,2026-06-29 11:19:20,25.510833,/root/dfuzz-griffin/griffin_output/griffin_mariadb_sqleek_rnd2/logSaved/id_000097_20260629_13h47m09s/griffin.log,"String::append(char const*, unsigned long)",stack_strong,77.034965,INFORMATION_SCHEMA query with ROW_NUMBER and GIS simplify
SQLeek,MariaDB,r2,MDEV-39884,3.276389,Confirmed,griffin_mariadb_sqleek_rnd2,2026-06-29 14:35:55,2026-06-29 11:19:20,25.510833,/root/dfuzz-griffin/griffin_output/griffin_mariadb_sqleek_rnd2/logSaved/id_000163_20260629_14h35m55s/griffin.log,"find_field_in_tables(THD*, Item_ident*, TABLE_LIST*, TABLE_LIST*, List<TABLE_LIST>*, Item**, find_item_error_report_type, bool, bool)",stack_strong,53.983471,Server crash in Item_field::fix_fields with generated SQL query
SQLeek,MariaDB,r2,MDEV-39918,4.269444,Confirmed,griffin_mariadb_sqleek_rnd2,2026-06-29 15:35:30,2026-06-29 11:19:20,25.510833,/root/dfuzz-griffin/griffin_output/griffin_mariadb_sqleek_rnd2/logSaved/id_000399_20260629_15h35m30s/griffin.log,"execute_degenerate_jtbm_semi_join(THD*, TABLE_LIST*, Item_in_subselect*, List<Item>&)",stack_strong,72.382166,Recursive CTE with geohash time-conversion set operation
SQLeek,MariaDB,r2,MDEV-39896,8.470000,Reported,griffin_mariadb_sqleek_rnd2,2026-06-29 19:47:32,2026-06-29 11:19:20,25.510833,/root/dfuzz-griffin/griffin_output/griffin_mariadb_sqleek_rnd2/logSaved/id_000681_20260629_19h47m32s/griffin.log,"Item_func_buffer::Transporter::add_edge_buffer(double, double, bool, bool)",stack_strong,74.380952,Recursive CTE with REGEXP_REPLACE and ROW_NUMBER
SQLeek,MariaDB,r3,MDEV-39887,1.567500,Confirmed,griffin_mariadb_sqleek_rnd3,2026-06-29 12:53:26,2026-06-29 11:19:23,10.576944,/root/dfuzz-griffin/griffin_output/griffin_mariadb_sqleek_rnd3/logSaved/id_000000_20260629_12h53m26s/griffin.log,"setup_copy_fields(THD*, TMP_TABLE_PARAM*, Bounds_checked_array<Item*>, List<Item>&, List<Item>&, unsigned int, List<Item>&)",stack_strong,75.636364,Nested recursive CTE with GIS geohash and window expression
SQLeek,MariaDB,r3,MDEV-39884,1.902222,Confirmed,griffin_mariadb_sqleek_rnd3,2026-06-29 13:13:31,2026-06-29 11:19:23,10.576944,/root/dfuzz-griffin/griffin_output/griffin_mariadb_sqleek_rnd3/logSaved/id_000002_20260629_13h13m31s/griffin.log,"find_field_in_tables(THD*, Item_ident*, TABLE_LIST*, TABLE_LIST*, List<TABLE_LIST>*, Item**, find_item_error_report_type, bool, bool)",stack_strong,53.157025,Server crash in Item_field::fix_fields with generated SQL query
SQLeek,MariaDB,r3,MDEV-39890,5.399444,Reported,griffin_mariadb_sqleek_rnd3,2026-06-29 16:43:21,2026-06-29 11:19:23,10.576944,/root/dfuzz-griffin/griffin_output/griffin_mariadb_sqleek_rnd3/logSaved/id_000024_20260629_16h43m21s/griffin.log,hp_rec_hashnr,stack_strong,75.169014,"Recursive CTE with GET_LOCK, geohash, and XML predicate"
SQLeek,MariaDB,r3,MDEV-39897,9.500556,Confirmed,griffin_mariadb_sqleek_rnd3,2026-06-29 20:49:25,2026-06-29 11:19:23,10.576944,/root/dfuzz-griffin/griffin_output/griffin_mariadb_sqleek_rnd3/logSaved/id_000043_20260629_20h49m25s/griffin.log,"add_key_field(JOIN*, KEY_FIELD**, unsigned int, Item_bool_func*, Field*, bool, Item**, unsigned int, unsigned long long, SARGABLE_PARAM**, unsigned int)",stack_strong,76.698795,Recursive CTE with GIS/JSON IN subquery
SQLeek,MariaDB,r4,MDEV-39914,1.963889,Fixed,griffin_mariadb_sqleek_rnd4,2026-06-29 13:17:16,2026-06-29 11:19:26,25.514722,/root/dfuzz-griffin/griffin_output/griffin_mariadb_sqleek_rnd4/logSaved/id_000012_20260629_13h17m16s/griffin.log,"String::append(char const*, unsigned long)",stack_strong,75.084112,INFORMATION_SCHEMA query with ROW_NUMBER and GIS simplify
SQLeek,MariaDB,r4,MDEV-39887,2.531667,Confirmed,griffin_mariadb_sqleek_rnd4,2026-06-29 13:51:20,2026-06-29 11:19:26,25.514722,/root/dfuzz-griffin/griffin_output/griffin_mariadb_sqleek_rnd4/logSaved/id_000018_20260629_13h51m20s/griffin.log,"setup_copy_fields(THD*, TMP_TABLE_PARAM*, Bounds_checked_array<Item*>, List<Item>&, List<Item>&, unsigned int, List<Item>&)",stack_strong,74.058824,Nested recursive CTE with GIS geohash and window expression
SQLeek,MariaDB,r4,MDEV-39890,4.672500,Reported,griffin_mariadb_sqleek_rnd4,2026-06-29 15:59:47,2026-06-29 11:19:26,25.514722,/root/dfuzz-griffin/griffin_output/griffin_mariadb_sqleek_rnd4/logSaved/id_000044_20260629_15h59m47s/griffin.log,hp_rec_hashnr,stack_strong,75.883929,"Recursive CTE with GET_LOCK, geohash, and XML predicate"
SQLeek,MariaDB,r4,MDEV-39899,5.103333,Confirmed,griffin_mariadb_sqleek_rnd4,2026-06-29 16:25:38,2026-06-29 11:19:26,25.514722,/root/dfuzz-griffin/griffin_output/griffin_mariadb_sqleek_rnd4/logSaved/id_000075_20260629_16h25m38s/griffin.log,heap_clear,exact_sql,132.000000,Recursive CTE with JSON condition and ordinal ORDER BY
SQLeek,MariaDB,r4,MDEV-39896,5.169722,Reported,griffin_mariadb_sqleek_rnd4,2026-06-29 16:29:37,2026-06-29 11:19:26,25.514722,/root/dfuzz-griffin/griffin_output/griffin_mariadb_sqleek_rnd4/logSaved/id_000081_20260629_16h29m37s/griffin.log,"Item_func_buffer::Transporter::add_edge_buffer(double, double, bool, bool)",stack_strong,73.588785,Recursive CTE with REGEXP_REPLACE and ROW_NUMBER
SQLeek,MariaDB,r4,MDEV-39897,21.393889,Confirmed,griffin_mariadb_sqleek_rnd4,2026-06-30 08:43:04,2026-06-29 11:19:26,25.514722,/root/dfuzz-griffin/griffin_output/griffin_mariadb_sqleek_rnd4/logSaved/id_000475_20260630_08h43m04s/griffin.log,"add_key_field(JOIN*, KEY_FIELD**, unsigned int, Item_bool_func*, Field*, bool, Item**, unsigned int, unsigned long long, SARGABLE_PARAM**, unsigned int)",stack_strong,74.349398,Recursive CTE with GIS/JSON IN subquery
SQLeek,MariaDB,r4,MDEV-39884,22.649444,Confirmed,griffin_mariadb_sqleek_rnd4,2026-06-30 09:58:24,2026-06-29 11:19:26,25.514722,/root/dfuzz-griffin/griffin_output/griffin_mariadb_sqleek_rnd4/logSaved/id_000489_20260630_09h58m24s/griffin.log,"Item_field::fix_fields(THD*, Item**)",stack_strong,72.730223,Server crash in Item_field::fix_fields with generated SQL query
