run,dedup_line_no,first_seen_hours,bug_id,status,match_confidence,match_score,exact_sql_match,first_frame_hit,first_distinctive_hit,top_distinctive_hit,frame_hits,distinctive_hits,word_jaccard,top_frame_demangled,jira_top_frames,trigger_summary,log_path,dedup_line
r1,1,2.1930555555555555,MDEV-39887,Confirmed,stack_strong,75.52941176470588,False,True,True,True,8,8,0.11764705882352941,"setup_copy_fields(THD*, TMP_TABLE_PARAM*, Bounds_checked_array<Item*>, List<Item>&, List<Item>&, unsigned int, List<Item>&)",setup_copy_fields|JOIN::make_aggr_tables_info|JOIN::optimize_stage2|JOIN::optimize_inner|JOIN::optimize|st_select_lex::optimize_unflattened_subqueries|mysql_select|handle_select,Nested recursive CTE with GIS geohash and window expression,/root/dfuzz-griffin/griffin_output/griffin_mariadb_sqleek_rnd1/logSaved/id_000002_20260629_13h30m53s/griffin.log,/root/dfuzz-griffin/griffin_output/griffin_mariadb_sqleek_rnd1/logSaved/id_000002_20260629_13h30m53s/griffin.log:[force_exit_all] #0 0x57aedbd52a9e (_Z17setup_copy_fieldsP3THDP15TMP_TABLE_PARAM20Bounds_checked_arrayIP4ItemER4ListIS4_ES9_jS9_+0x4fe)
r1,2,8.399444444444445,MDEV-39889,Confirmed,unmatched,24.181818181818183,False,False,False,False,3,3,0.006060606060606061,"sub_select_postjoin_aggr(JOIN*, st_join_table*, bool)",_ma_unique_hash|maria_write|handler::ha_write_tmp_row|end_write|evaluate_join_record|sub_select|JOIN::exec_inner|JOIN::exec,GIS and JSON/XML predicates inside set-operation query,/root/dfuzz-griffin/griffin_output/griffin_mariadb_sqleek_rnd1/logSaved/id_000076_20260629_19h43m16s/griffin.log,/root/dfuzz-griffin/griffin_output/griffin_mariadb_sqleek_rnd1/logSaved/id_000076_20260629_19h43m16s/griffin.log:[force_exit_all] #0 0x55adb53511cb (_Z24sub_select_postjoin_aggrP4JOINP13st_join_tableb+0x10b)
r1,3,2.839166666666667,MDEV-39914,Fixed,unmatched,5.2,False,False,False,False,0,0,0.17333333333333334,"my_xpath_lex_scan(my_xpath_st*, my_xpath_lex_st*, char const*, char const*)",String::append|Gis_polygon::simplify|Item_func_simplify::val_str|in_string::set|Item_func_in::fix_in_vector|Type_handler_string_result::Item_func_in_fix_comparator_compatible_types|Item_func_in::fix_length_and_dec|Item_func::fix_fields,INFORMATION_SCHEMA query with ROW_NUMBER and GIS simplify,/root/dfuzz-griffin/griffin_output/griffin_mariadb_sqleek_rnd1/logSaved/id_000010_20260629_14h09m39s/griffin.log,/root/dfuzz-griffin/griffin_output/griffin_mariadb_sqleek_rnd1/logSaved/id_000010_20260629_14h09m39s/griffin.log:[force_exit_all] #0 0x63bc25ad21b8 (_ZL17my_xpath_lex_scanP11my_xpath_stP15my_xpath_lex_stPKcS4_+0x8)
r1,5,1.8811111111111112,MDEV-39887,Confirmed,weak_review,35.45454545454545,False,False,False,False,4,4,0.11515151515151516,st_select_lex_unit::exec_recursive(),setup_copy_fields|JOIN::make_aggr_tables_info|JOIN::optimize_stage2|JOIN::optimize_inner|JOIN::optimize|st_select_lex::optimize_unflattened_subqueries|mysql_select|handle_select,Nested recursive CTE with GIS geohash and window expression,/root/dfuzz-griffin/griffin_output/griffin_mariadb_sqleek_rnd1/logSaved/id_000000_20260629_13h12m10s/griffin.log,/root/dfuzz-griffin/griffin_output/griffin_mariadb_sqleek_rnd1/logSaved/id_000000_20260629_13h12m10s/griffin.log:[force_exit_all] #0 0x56509d8714d9 (_ZN18st_select_lex_unit14exec_recursiveEv+0x209)
r1,6,4.292222222222223,MDEV-39914,Fixed,stack_strong,75.36206896551724,False,True,True,True,7,7,0.11206896551724138,"String::append(char const*, unsigned long)",String::append|Gis_polygon::simplify|Item_func_simplify::val_str|in_string::set|Item_func_in::fix_in_vector|Type_handler_string_result::Item_func_in_fix_comparator_compatible_types|Item_func_in::fix_length_and_dec|Item_func::fix_fields,INFORMATION_SCHEMA query with ROW_NUMBER and GIS simplify,/root/dfuzz-griffin/griffin_output/griffin_mariadb_sqleek_rnd1/logSaved/id_000037_20260629_15h36m50s/griffin.log,/root/dfuzz-griffin/griffin_output/griffin_mariadb_sqleek_rnd1/logSaved/id_000037_20260629_15h36m50s/griffin.log:[force_exit_all] #0 0x5b3caf205182 (_ZN6String6appendEPKcm+0x42)
r1,7,3.3,MDEV-39894,Reported,unmatched,2.9591836734693877,False,False,False,False,0,0,0.09863945578231292,"Item_int::print(String*, enum_query_type)",pthread_kill|raise|abort|__fsetlocking|timer_settime|__default_morecore|malloc|my_malloc,Window aggregate with GIS/JSON set operation,/root/dfuzz-griffin/griffin_output/griffin_mariadb_sqleek_rnd1/logSaved/id_000031_20260629_14h37m18s/griffin.log,/root/dfuzz-griffin/griffin_output/griffin_mariadb_sqleek_rnd1/logSaved/id_000031_20260629_14h37m18s/griffin.log:[force_exit_all] #0 0x59a218fcf9ea (_ZN8Item_int5printEP6String15enum_query_type+0x4a)
r1,8,4.528611111111111,MDEV-39912,Confirmed,stack_strong,74.71137026239067,False,True,True,True,7,7,0.09037900874635568,Item_field::used_tables() const,Item_field::used_tables|remove_const|JOIN::optimize_inner|JOIN::optimize|st_select_lex::optimize_unflattened_subqueries|JOIN::optimize_stage2|st_select_lex::optimize_constant_subqueries|mysql_select,"Recursive CTE with GET_LOCK, LEAST, and XML predicate",/root/dfuzz-griffin/griffin_output/griffin_mariadb_sqleek_rnd1/logSaved/id_000041_20260629_15h51m01s/griffin.log,/root/dfuzz-griffin/griffin_output/griffin_mariadb_sqleek_rnd1/logSaved/id_000041_20260629_15h51m01s/griffin.log:[force_exit_all] #0 0x6358f5aa8cb6 (_ZNK10Item_field11used_tablesEv+0x26)
r1,9,22.654722222222222,MDEV-39887,Confirmed,weak_review,36.067796610169495,False,False,False,False,5,5,0.13559322033898305,__nss_database_lookup,setup_copy_fields|JOIN::make_aggr_tables_info|JOIN::optimize_stage2|JOIN::optimize_inner|JOIN::optimize|st_select_lex::optimize_unflattened_subqueries|mysql_select|handle_select,Nested recursive CTE with GIS geohash and window expression,/root/dfuzz-griffin/griffin_output/griffin_mariadb_sqleek_rnd1/logSaved/id_000188_20260630_09h58m35s/griffin.log,/root/dfuzz-griffin/griffin_output/griffin_mariadb_sqleek_rnd1/logSaved/id_000188_20260630_09h58m35s/griffin.log:[force_exit_all] #0 0x7b00846210ca (__nss_database_lookup+0x28e7a)
r1,10,3.4444444444444446,MDEV-39887,Confirmed,weak_review,35.58565737051793,False,False,False,False,4,4,0.11952191235059761,json_find_path,setup_copy_fields|JOIN::make_aggr_tables_info|JOIN::optimize_stage2|JOIN::optimize_inner|JOIN::optimize|st_select_lex::optimize_unflattened_subqueries|mysql_select|handle_select,Nested recursive CTE with GIS geohash and window expression,/root/dfuzz-griffin/griffin_output/griffin_mariadb_sqleek_rnd1/logSaved/id_000033_20260629_14h45m58s/griffin.log,/root/dfuzz-griffin/griffin_output/griffin_mariadb_sqleek_rnd1/logSaved/id_000033_20260629_14h45m58s/griffin.log:[force_exit_all] #0 0x59b5f1738c1a (json_find_path+0x4a)
r1,11,6.4725,MDEV-39889,Confirmed,unmatched,24.181268882175228,False,False,False,False,3,3,0.006042296072507553,pthread_kill,_ma_unique_hash|maria_write|handler::ha_write_tmp_row|end_write|evaluate_join_record|sub_select|JOIN::exec_inner|JOIN::exec,GIS and JSON/XML predicates inside set-operation query,/root/dfuzz-griffin/griffin_output/griffin_mariadb_sqleek_rnd1/logSaved/id_000054_20260629_17h47m39s/griffin.log,/root/dfuzz-griffin/griffin_output/griffin_mariadb_sqleek_rnd1/logSaved/id_000054_20260629_17h47m39s/griffin.log:[force_exit_all] #0 0x7afccc7ef9fc (pthread_kill+0x12c)
r2,1,7.086111111111111,MDEV-39889,Confirmed,weak_review,32.101351351351354,False,False,False,False,5,5,0.0033783783783783786,"field_conv(Field*, Field*)",_ma_unique_hash|maria_write|handler::ha_write_tmp_row|end_write|evaluate_join_record|sub_select|JOIN::exec_inner|JOIN::exec,GIS and JSON/XML predicates inside set-operation query,/root/dfuzz-griffin/griffin_output/griffin_mariadb_sqleek_rnd2/logSaved/id_000569_20260629_18h24m30s/griffin.log,/root/dfuzz-griffin/griffin_output/griffin_mariadb_sqleek_rnd2/logSaved/id_000569_20260629_18h24m30s/griffin.log:[force_exit_all] #0 0x57d09e1156f2 (_Z10field_convP5FieldS0_+0x32)
r2,2,3.131666666666667,MDEV-39887,Confirmed,unmatched,18.356020942408378,False,False,False,False,2,2,0.07853403141361257,"setup_group(THD*, Bounds_checked_array<Item*>, TABLE_LIST*, List<Item>&, List<Item>&, st_order*, bool*, bool)",setup_copy_fields|JOIN::make_aggr_tables_info|JOIN::optimize_stage2|JOIN::optimize_inner|JOIN::optimize|st_select_lex::optimize_unflattened_subqueries|mysql_select|handle_select,Nested recursive CTE with GIS geohash and window expression,/root/dfuzz-griffin/griffin_output/griffin_mariadb_sqleek_rnd2/logSaved/id_000100_20260629_14h27m14s/griffin.log,/root/dfuzz-griffin/griffin_output/griffin_mariadb_sqleek_rnd2/logSaved/id_000100_20260629_14h27m14s/griffin.log:[force_exit_all] #0 0x5e0d26675361 (_Z11setup_groupP3THD20Bounds_checked_arrayIP4ItemEP10TABLE_LISTR4ListIS2_ES9_P8st_orderPbb+0xc1)
r2,3,18.622777777777777,MDEV-39884,Confirmed,stack_strong,52.58741258741259,False,True,True,False,4,4,0.019580419580419582,"create_view_field(THD*, TABLE_LIST*, Item**, st_mysql_const_lex_string*)",Item_field::fix_fields|create_view_field|find_field_in_table_ref|find_field_in_tables|Item_direct_view_ref::fix_fields|Item_func::fix_fields|st_select_lex::pushdown_from_having_into_where|JOIN::optimize_inner,Server crash in Item_field::fix_fields with generated SQL query,/root/dfuzz-griffin/griffin_output/griffin_mariadb_sqleek_rnd2/logSaved/id_001064_20260630_05h56m42s/griffin.log,/root/dfuzz-griffin/griffin_output/griffin_mariadb_sqleek_rnd2/logSaved/id_001064_20260630_05h56m42s/griffin.log:[force_exit_all] #0 0x645b810332aa (_Z17create_view_fieldP3THDP10TABLE_LISTPP4ItemP25st_mysql_const_lex_string+0xaa)
r2,4,1.4977777777777779,MDEV-39887,Confirmed,stack_strong,76.67213114754098,False,True,True,True,8,8,0.1557377049180328,"setup_copy_fields(THD*, TMP_TABLE_PARAM*, Bounds_checked_array<Item*>, List<Item>&, List<Item>&, unsigned int, List<Item>&)",setup_copy_fields|JOIN::make_aggr_tables_info|JOIN::optimize_stage2|JOIN::optimize_inner|JOIN::optimize|st_select_lex::optimize_unflattened_subqueries|mysql_select|handle_select,Nested recursive CTE with GIS geohash and window expression,/root/dfuzz-griffin/griffin_output/griffin_mariadb_sqleek_rnd2/logSaved/id_000002_20260629_12h49m12s/griffin.log,/root/dfuzz-griffin/griffin_output/griffin_mariadb_sqleek_rnd2/logSaved/id_000002_20260629_12h49m12s/griffin.log:[force_exit_all] #0 0x5a22e6f6aa9e (_Z17setup_copy_fieldsP3THDP15TMP_TABLE_PARAM20Bounds_checked_arrayIP4ItemER4ListIS4_ES9_jS9_+0x4fe)
r2,5,3.276388888888889,MDEV-39884,Confirmed,stack_strong,53.98347107438016,False,True,True,False,4,4,0.06611570247933884,"find_field_in_tables(THD*, Item_ident*, TABLE_LIST*, TABLE_LIST*, List<TABLE_LIST>*, Item**, find_item_error_report_type, bool, bool)",Item_field::fix_fields|create_view_field|find_field_in_table_ref|find_field_in_tables|Item_direct_view_ref::fix_fields|Item_func::fix_fields|st_select_lex::pushdown_from_having_into_where|JOIN::optimize_inner,Server crash in Item_field::fix_fields with generated SQL query,/root/dfuzz-griffin/griffin_output/griffin_mariadb_sqleek_rnd2/logSaved/id_000163_20260629_14h35m55s/griffin.log,/root/dfuzz-griffin/griffin_output/griffin_mariadb_sqleek_rnd2/logSaved/id_000163_20260629_14h35m55s/griffin.log:[force_exit_all] #0 0x5933eb004544 (_Z20find_field_in_tablesP3THDP10Item_identP10TABLE_LISTS4_P4ListIS3_EPP4Item27find_item_error_report_typebb+0x14)
r2,6,3.033888888888889,MDEV-39889,Confirmed,unmatched,24.26086956521739,False,False,False,False,3,3,0.008695652173913044,"sub_select_postjoin_aggr(JOIN*, st_join_table*, bool)",_ma_unique_hash|maria_write|handler::ha_write_tmp_row|end_write|evaluate_join_record|sub_select|JOIN::exec_inner|JOIN::exec,GIS and JSON/XML predicates inside set-operation query,/root/dfuzz-griffin/griffin_output/griffin_mariadb_sqleek_rnd2/logSaved/id_000099_20260629_14h21m22s/griffin.log,/root/dfuzz-griffin/griffin_output/griffin_mariadb_sqleek_rnd2/logSaved/id_000099_20260629_14h21m22s/griffin.log:[force_exit_all] #0 0x5e4daa77f1cb (_Z24sub_select_postjoin_aggrP4JOINP13st_join_tableb+0x10b)
r2,7,4.269444444444445,MDEV-39918,Confirmed,stack_strong,72.38216560509554,False,True,True,True,7,7,0.012738853503184714,"execute_degenerate_jtbm_semi_join(THD*, TABLE_LIST*, Item_in_subselect*, List<Item>&)",execute_degenerate_jtbm_semi_join|setup_jtbm_semi_joins|JOIN::optimize_inner|JOIN::optimize|st_select_lex::optimize_unflattened_subqueries|st_select_lex::optimize_constant_subqueries|mysql_select|_Z13handle_selectP3THDP3LEXP13select_resulty}},Recursive CTE with geohash time-conversion set operation,/root/dfuzz-griffin/griffin_output/griffin_mariadb_sqleek_rnd2/logSaved/id_000399_20260629_15h35m30s/griffin.log,/root/dfuzz-griffin/griffin_output/griffin_mariadb_sqleek_rnd2/logSaved/id_000399_20260629_15h35m30s/griffin.log:[force_exit_all] #0 0x60b82d5b923f (_Z33execute_degenerate_jtbm_semi_joinP3THDP10TABLE_LISTP17Item_in_subselectR4ListI4ItemE+0x9f)
r2,8,14.910555555555556,MDEV-39894,Reported,unmatched,1.5789473684210527,False,False,False,False,0,0,0.05263157894736842,"my_xpath_lex_scan(my_xpath_st*, my_xpath_lex_st*, char const*, char const*)",pthread_kill|raise|abort|__fsetlocking|timer_settime|__default_morecore|malloc|my_malloc,Window aggregate with GIS/JSON set operation,/root/dfuzz-griffin/griffin_output/griffin_mariadb_sqleek_rnd2/logSaved/id_000946_20260630_02h13m58s/griffin.log,/root/dfuzz-griffin/griffin_output/griffin_mariadb_sqleek_rnd2/logSaved/id_000946_20260630_02h13m58s/griffin.log:[force_exit_all] #0 0x608ef85561ca (_ZL17my_xpath_lex_scanP11my_xpath_stP15my_xpath_lex_stPKcS4_+0x1a)
r2,9,6.405555555555556,MDEV-39884,Confirmed,stack_strong,74.19895287958116,False,True,True,True,4,4,0.07329842931937172,"Item_field::fix_fields(THD*, Item**)",Item_field::fix_fields|create_view_field|find_field_in_table_ref|find_field_in_tables|Item_direct_view_ref::fix_fields|Item_func::fix_fields|st_select_lex::pushdown_from_having_into_where|JOIN::optimize_inner,Server crash in Item_field::fix_fields with generated SQL query,/root/dfuzz-griffin/griffin_output/griffin_mariadb_sqleek_rnd2/logSaved/id_000561_20260629_17h43m40s/griffin.log,/root/dfuzz-griffin/griffin_output/griffin_mariadb_sqleek_rnd2/logSaved/id_000561_20260629_17h43m40s/griffin.log:[force_exit_all] #0 0x612d70274e23 (_ZN10Item_field10fix_fieldsEP3THDPP4Item+0x183)
r2,10,21.93611111111111,MDEV-39887,Confirmed,weak_review,34.53521126760563,False,False,False,False,5,5,0.08450704225352113,"Item_string::save_in_field(Field*, bool)",setup_copy_fields|JOIN::make_aggr_tables_info|JOIN::optimize_stage2|JOIN::optimize_inner|JOIN::optimize|st_select_lex::optimize_unflattened_subqueries|mysql_select|handle_select,Nested recursive CTE with GIS geohash and window expression,/root/dfuzz-griffin/griffin_output/griffin_mariadb_sqleek_rnd2/logSaved/id_001157_20260630_09h15m30s/griffin.log,/root/dfuzz-griffin/griffin_output/griffin_mariadb_sqleek_rnd2/logSaved/id_001157_20260630_09h15m30s/griffin.log:[force_exit_all] #0 0x6386b5b5ab18 (_ZN11Item_string13save_in_fieldEP5Fieldb+0xb8)
r2,11,22.38083333333333,MDEV-39887,Confirmed,weak_review,34.265446224256294,False,False,False,False,5,5,0.07551487414187644,"Field_longstr::check_string_copy_error(String_copier const*, char const*, charset_info_st const*)",setup_copy_fields|JOIN::make_aggr_tables_info|JOIN::optimize_stage2|JOIN::optimize_inner|JOIN::optimize|st_select_lex::optimize_unflattened_subqueries|mysql_select|handle_select,Nested recursive CTE with GIS geohash and window expression,/root/dfuzz-griffin/griffin_output/griffin_mariadb_sqleek_rnd2/logSaved/id_001160_20260630_09h42m11s/griffin.log,/root/dfuzz-griffin/griffin_output/griffin_mariadb_sqleek_rnd2/logSaved/id_001160_20260630_09h42m11s/griffin.log:[force_exit_all] #0 0x6476a33dbfde (_ZN13Field_longstr23check_string_copy_errorEPK13String_copierPKcPK15charset_info_st+0x8e)
r2,12,16.086666666666666,MDEV-39912,Confirmed,weak_review,34.180616740088105,False,False,False,False,4,4,0.07268722466960352,store_key_item::copy_inner(),Item_field::used_tables|remove_const|JOIN::optimize_inner|JOIN::optimize|st_select_lex::optimize_unflattened_subqueries|JOIN::optimize_stage2|st_select_lex::optimize_constant_subqueries|mysql_select,"Recursive CTE with GET_LOCK, LEAST, and XML predicate",/root/dfuzz-griffin/griffin_output/griffin_mariadb_sqleek_rnd2/logSaved/id_000985_20260630_03h24m32s/griffin.log.1,/root/dfuzz-griffin/griffin_output/griffin_mariadb_sqleek_rnd2/logSaved/id_000985_20260630_03h24m32s/griffin.log.1:[force_exit_all] #0 0x5bd8722d14b1 (_ZN14store_key_item10copy_innerEv+0x71)
r2,13,4.5575,MDEV-39889,Confirmed,unmatched,24.07792207792208,False,False,False,False,3,3,0.0025974025974025974,store_key_item::copy_inner(),_ma_unique_hash|maria_write|handler::ha_write_tmp_row|end_write|evaluate_join_record|sub_select|JOIN::exec_inner|JOIN::exec,GIS and JSON/XML predicates inside set-operation query,/root/dfuzz-griffin/griffin_output/griffin_mariadb_sqleek_rnd2/logSaved/id_000451_20260629_15h52m47s/griffin.log,/root/dfuzz-griffin/griffin_output/griffin_mariadb_sqleek_rnd2/logSaved/id_000451_20260629_15h52m47s/griffin.log:[force_exit_all] #0 0x59674a03f4c6 (_ZN14store_key_item10copy_innerEv+0x86)
r2,14,8.47,MDEV-39896,Reported,stack_strong,74.38095238095238,False,True,True,True,5,5,0.07936507936507936,"Item_func_buffer::Transporter::add_edge_buffer(double, double, bool, bool)",Item_func_buffer::Transporter::add_edge_buffer|Item_func_buffer::Transporter::complete|Item_func_buffer::Transporter::complete_line|Item_func_buffer::val_str|Item_func_as_wkt::val_str_ascii|Item_func::val_str_from_val_str_ascii|Item_func_regexp_replace::val_str_internal|Type_handler::Item_send_str,Recursive CTE with REGEXP_REPLACE and ROW_NUMBER,/root/dfuzz-griffin/griffin_output/griffin_mariadb_sqleek_rnd2/logSaved/id_000681_20260629_19h47m32s/griffin.log,/root/dfuzz-griffin/griffin_output/griffin_mariadb_sqleek_rnd2/logSaved/id_000681_20260629_19h47m32s/griffin.log:[force_exit_all] #0 0x6151ba510912 (_ZN16Item_func_buffer11Transporter15add_edge_bufferEddbb+0x682)
r2,15,3.033333333333333,MDEV-39889,Confirmed,unmatched,24.12295081967213,False,False,False,False,3,3,0.004098360655737705,st_select_lex_unit::exec_recursive(),_ma_unique_hash|maria_write|handler::ha_write_tmp_row|end_write|evaluate_join_record|sub_select|JOIN::exec_inner|JOIN::exec,GIS and JSON/XML predicates inside set-operation query,/root/dfuzz-griffin/griffin_output/griffin_mariadb_sqleek_rnd2/logSaved/id_000098_20260629_14h21m20s/griffin.log,/root/dfuzz-griffin/griffin_output/griffin_mariadb_sqleek_rnd2/logSaved/id_000098_20260629_14h21m20s/griffin.log:[force_exit_all] #0 0x5d11a88b84d9 (_ZN18st_select_lex_unit14exec_recursiveEv+0x209)
r2,16,2.463611111111111,MDEV-39914,Fixed,stack_strong,77.03496503496504,False,True,True,True,7,7,0.16783216783216784,"String::append(char const*, unsigned long)",String::append|Gis_polygon::simplify|Item_func_simplify::val_str|in_string::set|Item_func_in::fix_in_vector|Type_handler_string_result::Item_func_in_fix_comparator_compatible_types|Item_func_in::fix_length_and_dec|Item_func::fix_fields,INFORMATION_SCHEMA query with ROW_NUMBER and GIS simplify,/root/dfuzz-griffin/griffin_output/griffin_mariadb_sqleek_rnd2/logSaved/id_000097_20260629_13h47m09s/griffin.log,/root/dfuzz-griffin/griffin_output/griffin_mariadb_sqleek_rnd2/logSaved/id_000097_20260629_13h47m09s/griffin.log:[force_exit_all] #0 0x61d681856182 (_ZN6String6appendEPKcm+0x42)
r2,17,4.7347222222222225,MDEV-39890,Reported,weak_review,32.513513513513516,False,False,False,False,3,3,0.28378378378378377,__nss_database_lookup,hp_rec_hashnr|hp_write_key|heap_write|ha_heap::write_row|handler::ha_write_tmp_row|end_write|evaluate_join_record|sub_select,"Recursive CTE with GET_LOCK, geohash, and XML predicate",/root/dfuzz-griffin/griffin_output/griffin_mariadb_sqleek_rnd2/logSaved/id_000478_20260629_16h03m25s/griffin.log,/root/dfuzz-griffin/griffin_output/griffin_mariadb_sqleek_rnd2/logSaved/id_000478_20260629_16h03m25s/griffin.log:[force_exit_all] #0 0x77ed19e6384d (__nss_database_lookup+0x285fd)
r2,18,3.747777777777778,MDEV-39887,Confirmed,weak_review,42.18867924528302,False,False,False,False,6,6,0.33962264150943394,__nss_database_lookup,setup_copy_fields|JOIN::make_aggr_tables_info|JOIN::optimize_stage2|JOIN::optimize_inner|JOIN::optimize|st_select_lex::optimize_unflattened_subqueries|mysql_select|handle_select,Nested recursive CTE with GIS geohash and window expression,/root/dfuzz-griffin/griffin_output/griffin_mariadb_sqleek_rnd2/logSaved/id_000293_20260629_15h04m12s/griffin.log,/root/dfuzz-griffin/griffin_output/griffin_mariadb_sqleek_rnd2/logSaved/id_000293_20260629_15h04m12s/griffin.log:[force_exit_all] #0 0x7640cae640ca (__nss_database_lookup+0x28e7a)
r2,19,4.175833333333333,MDEV-39889,Confirmed,unmatched,24.19672131147541,False,False,False,False,3,3,0.006557377049180328,heap_rkey,_ma_unique_hash|maria_write|handler::ha_write_tmp_row|end_write|evaluate_join_record|sub_select|JOIN::exec_inner|JOIN::exec,GIS and JSON/XML predicates inside set-operation query,/root/dfuzz-griffin/griffin_output/griffin_mariadb_sqleek_rnd2/logSaved/id_000367_20260629_15h29m53s/griffin.log,/root/dfuzz-griffin/griffin_output/griffin_mariadb_sqleek_rnd2/logSaved/id_000367_20260629_15h29m53s/griffin.log:[force_exit_all] #0 0x609998a4d567 (heap_rkey+0x37)
r2,20,1.7236111111111112,MDEV-39887,Confirmed,weak_review,35.6,False,False,False,False,4,4,0.12,json_find_path,setup_copy_fields|JOIN::make_aggr_tables_info|JOIN::optimize_stage2|JOIN::optimize_inner|JOIN::optimize|st_select_lex::optimize_unflattened_subqueries|mysql_select|handle_select,Nested recursive CTE with GIS geohash and window expression,/root/dfuzz-griffin/griffin_output/griffin_mariadb_sqleek_rnd2/logSaved/id_000012_20260629_13h02m45s/griffin.log,/root/dfuzz-griffin/griffin_output/griffin_mariadb_sqleek_rnd2/logSaved/id_000012_20260629_13h02m45s/griffin.log:[force_exit_all] #0 0x58c909546c1a (json_find_path+0x4a)
r2,21,4.7316666666666665,MDEV-39887,Confirmed,weak_review,26.90909090909091,False,False,False,False,2,2,0.36363636363636365,maria_scan_end,setup_copy_fields|JOIN::make_aggr_tables_info|JOIN::optimize_stage2|JOIN::optimize_inner|JOIN::optimize|st_select_lex::optimize_unflattened_subqueries|mysql_select|handle_select,Nested recursive CTE with GIS geohash and window expression,/root/dfuzz-griffin/griffin_output/griffin_mariadb_sqleek_rnd2/logSaved/id_000475_20260629_16h03m14s/griffin.log,/root/dfuzz-griffin/griffin_output/griffin_mariadb_sqleek_rnd2/logSaved/id_000475_20260629_16h03m14s/griffin.log:[force_exit_all] #0 0x5ca52fd1db35 (maria_scan_end+0x25)
r2,22,11.766666666666667,MDEV-39884,Confirmed,stack_strong,52.71823204419889,False,True,True,False,4,4,0.02394106813996317,my_strnncoll_binary,Item_field::fix_fields|create_view_field|find_field_in_table_ref|find_field_in_tables|Item_direct_view_ref::fix_fields|Item_func::fix_fields|st_select_lex::pushdown_from_having_into_where|JOIN::optimize_inner,Server crash in Item_field::fix_fields with generated SQL query,/root/dfuzz-griffin/griffin_output/griffin_mariadb_sqleek_rnd2/logSaved/id_000791_20260629_23h05m20s/griffin.log,/root/dfuzz-griffin/griffin_output/griffin_mariadb_sqleek_rnd2/logSaved/id_000791_20260629_23h05m20s/griffin.log:[force_exit_all] #0 0x587c8d222ebc (my_strnncoll_binary+0xc)
r2,23,1.0455555555555556,MDEV-39911,Fixed,stack_strong,36.74441687344913,False,True,True,False,8,2,0.02481389578163772,pthread_kill,pthread_kill|raise|abort|__fsetlocking|__fortify_fail|__stack_chk_fail|Item_func_concat_ws::val_str|Type_handler::Item_send_str,ST_CONVEXHULL and ST_SIMPLIFY string concatenation,/root/dfuzz-griffin/griffin_output/griffin_mariadb_sqleek_rnd2/logSaved/id_000000_20260629_12h22m04s/griffin.log,/root/dfuzz-griffin/griffin_output/griffin_mariadb_sqleek_rnd2/logSaved/id_000000_20260629_12h22m04s/griffin.log:[force_exit_all] #0 0x7a70135ef9fc (pthread_kill+0x12c)
r3,1,1.5675,MDEV-39887,Confirmed,stack_strong,75.63636363636364,False,True,True,True,8,8,0.12121212121212122,"setup_copy_fields(THD*, TMP_TABLE_PARAM*, Bounds_checked_array<Item*>, List<Item>&, List<Item>&, unsigned int, List<Item>&)",setup_copy_fields|JOIN::make_aggr_tables_info|JOIN::optimize_stage2|JOIN::optimize_inner|JOIN::optimize|st_select_lex::optimize_unflattened_subqueries|mysql_select|handle_select,Nested recursive CTE with GIS geohash and window expression,/root/dfuzz-griffin/griffin_output/griffin_mariadb_sqleek_rnd3/logSaved/id_000000_20260629_12h53m26s/griffin.log,/root/dfuzz-griffin/griffin_output/griffin_mariadb_sqleek_rnd3/logSaved/id_000000_20260629_12h53m26s/griffin.log:[force_exit_all] #0 0x5fa4dabe6a9e (_Z17setup_copy_fieldsP3THDP15TMP_TABLE_PARAM20Bounds_checked_arrayIP4ItemER4ListIS4_ES9_jS9_+0x4fe)
r3,2,4.4527777777777775,MDEV-39884,Confirmed,stack_strong,55.49514563106796,False,True,True,False,4,4,0.11650485436893204,"find_field_in_table(THD*, TABLE*, Lex_ident_column const&, bool, unsigned short*)",Item_field::fix_fields|create_view_field|find_field_in_table_ref|find_field_in_tables|Item_direct_view_ref::fix_fields|Item_func::fix_fields|st_select_lex::pushdown_from_having_into_where|JOIN::optimize_inner,Server crash in Item_field::fix_fields with generated SQL query,/root/dfuzz-griffin/griffin_output/griffin_mariadb_sqleek_rnd3/logSaved/id_000020_20260629_15h46m33s/griffin.log,/root/dfuzz-griffin/griffin_output/griffin_mariadb_sqleek_rnd3/logSaved/id_000020_20260629_15h46m33s/griffin.log:[force_exit_all] #0 0x575168af6e84 (_Z19find_field_in_tableP3THDP5TABLERK16Lex_ident_columnbPt+0x44)
r3,3,1.9022222222222223,MDEV-39884,Confirmed,stack_strong,53.15702479338843,False,True,True,False,4,4,0.03856749311294766,"find_field_in_tables(THD*, Item_ident*, TABLE_LIST*, TABLE_LIST*, List<TABLE_LIST>*, Item**, find_item_error_report_type, bool, bool)",Item_field::fix_fields|create_view_field|find_field_in_table_ref|find_field_in_tables|Item_direct_view_ref::fix_fields|Item_func::fix_fields|st_select_lex::pushdown_from_having_into_where|JOIN::optimize_inner,Server crash in Item_field::fix_fields with generated SQL query,/root/dfuzz-griffin/griffin_output/griffin_mariadb_sqleek_rnd3/logSaved/id_000002_20260629_13h13m31s/griffin.log,/root/dfuzz-griffin/griffin_output/griffin_mariadb_sqleek_rnd3/logSaved/id_000002_20260629_13h13m31s/griffin.log:[force_exit_all] #0 0x6234813b4544 (_Z20find_field_in_tablesP3THDP10Item_identP10TABLE_LISTS4_P4ListIS3_EPP4Item27find_item_error_report_typebb+0x14)
r3,4,9.500555555555556,MDEV-39897,Confirmed,stack_strong,76.6987951807229,False,True,True,True,5,5,0.1566265060240964,"add_key_field(JOIN*, KEY_FIELD**, unsigned int, Item_bool_func*, Field*, bool, Item**, unsigned int, unsigned long long, SARGABLE_PARAM**, unsigned int)",add_key_field|add_key_equal_fields|Item_func_truth::add_key_fields|update_ref_and_keys|JOIN::optimize_inner|JOIN::optimize|st_select_lex::optimize_unflattened_subqueries|JOIN::optimize_stage2,Recursive CTE with GIS/JSON IN subquery,/root/dfuzz-griffin/griffin_output/griffin_mariadb_sqleek_rnd3/logSaved/id_000043_20260629_20h49m25s/griffin.log,/root/dfuzz-griffin/griffin_output/griffin_mariadb_sqleek_rnd3/logSaved/id_000043_20260629_20h49m25s/griffin.log:[force_exit_all] #0 0x6133cd477f41 (_ZL13add_key_fieldP4JOINPP9KEY_FIELDjP14Item_bool_funcP5FieldbPP4ItemjyPP14SARGABLE_PARAMj+0x381)
r3,5,6.219722222222222,MDEV-39887,Confirmed,weak_review,34.04819277108434,False,False,False,False,4,4,0.06827309236947791,"mysql_derived_merge(THD*, LEX*, TABLE_LIST*)",setup_copy_fields|JOIN::make_aggr_tables_info|JOIN::optimize_stage2|JOIN::optimize_inner|JOIN::optimize|st_select_lex::optimize_unflattened_subqueries|mysql_select|handle_select,Nested recursive CTE with GIS geohash and window expression,/root/dfuzz-griffin/griffin_output/griffin_mariadb_sqleek_rnd3/logSaved/id_000027_20260629_17h32m34s/griffin.log,/root/dfuzz-griffin/griffin_output/griffin_mariadb_sqleek_rnd3/logSaved/id_000027_20260629_17h32m34s/griffin.log:[force_exit_all] #0 0x60af00c93c95 (_ZL19mysql_derived_mergeP3THDP3LEXP10TABLE_LIST+0x6d5)
r3,6,3.6663888888888887,MDEV-39889,Confirmed,unmatched,24.123456790123456,False,False,False,False,3,3,0.00411522633744856,st_select_lex_unit::exec_recursive(),_ma_unique_hash|maria_write|handler::ha_write_tmp_row|end_write|evaluate_join_record|sub_select|JOIN::exec_inner|JOIN::exec,GIS and JSON/XML predicates inside set-operation query,/root/dfuzz-griffin/griffin_output/griffin_mariadb_sqleek_rnd3/logSaved/id_000016_20260629_14h59m22s/griffin.log,/root/dfuzz-griffin/griffin_output/griffin_mariadb_sqleek_rnd3/logSaved/id_000016_20260629_14h59m22s/griffin.log:[force_exit_all] #0 0x6414479b14d9 (_ZN18st_select_lex_unit14exec_recursiveEv+0x209)
r3,7,2.997777777777778,MDEV-39889,Confirmed,unmatched,24.081521739130434,False,False,False,False,3,3,0.002717391304347826,JOIN::exec_inner(),_ma_unique_hash|maria_write|handler::ha_write_tmp_row|end_write|evaluate_join_record|sub_select|JOIN::exec_inner|JOIN::exec,GIS and JSON/XML predicates inside set-operation query,/root/dfuzz-griffin/griffin_output/griffin_mariadb_sqleek_rnd3/logSaved/id_000014_20260629_14h19m15s/griffin.log,/root/dfuzz-griffin/griffin_output/griffin_mariadb_sqleek_rnd3/logSaved/id_000014_20260629_14h19m15s/griffin.log:[force_exit_all] #0 0x5a61dc958f28 (_ZN4JOIN10exec_innerEv+0xa8)
r3,8,7.907777777777778,MDEV-39887,Confirmed,weak_review,35.648648648648646,False,False,False,False,6,6,0.12162162162162163,JOIN::exec(),setup_copy_fields|JOIN::make_aggr_tables_info|JOIN::optimize_stage2|JOIN::optimize_inner|JOIN::optimize|st_select_lex::optimize_unflattened_subqueries|mysql_select|handle_select,Nested recursive CTE with GIS geohash and window expression,/root/dfuzz-griffin/griffin_output/griffin_mariadb_sqleek_rnd3/logSaved/id_000034_20260629_19h13m51s/griffin.log,/root/dfuzz-griffin/griffin_output/griffin_mariadb_sqleek_rnd3/logSaved/id_000034_20260629_19h13m51s/griffin.log:[force_exit_all] #0 0x60c7d3103d66 (_ZN4JOIN4execEv+0x36)
r3,9,5.399444444444445,MDEV-39890,Reported,stack_strong,75.16901408450704,False,True,True,True,8,8,0.1056338028169014,hp_rec_hashnr,hp_rec_hashnr|hp_write_key|heap_write|ha_heap::write_row|handler::ha_write_tmp_row|end_write|evaluate_join_record|sub_select,"Recursive CTE with GET_LOCK, geohash, and XML predicate",/root/dfuzz-griffin/griffin_output/griffin_mariadb_sqleek_rnd3/logSaved/id_000024_20260629_16h43m21s/griffin.log,/root/dfuzz-griffin/griffin_output/griffin_mariadb_sqleek_rnd3/logSaved/id_000024_20260629_16h43m21s/griffin.log:[force_exit_all] #0 0x5bbe47177b15 (hp_rec_hashnr+0x225)
r3,10,2.0344444444444445,MDEV-39916,Confirmed,weak_review,39.674418604651166,False,False,False,False,4,4,0.2558139534883721,json_find_path,Item_func_not::fix_fields|st_select_lex::pushdown_from_having_into_where|JOIN::optimize_inner|JOIN::optimize|st_select_lex::optimize_unflattened_subqueries|JOIN::optimize_stage2|mysql_select|handle_select,INFORMATION_SCHEMA query with ExtractValue and GIS predicate,/root/dfuzz-griffin/griffin_output/griffin_mariadb_sqleek_rnd3/logSaved/id_000005_20260629_13h21m27s/griffin.log,/root/dfuzz-griffin/griffin_output/griffin_mariadb_sqleek_rnd3/logSaved/id_000005_20260629_13h21m27s/griffin.log:[force_exit_all] #0 0x5a10fd3bbc1a (json_find_path+0x4a)
r3,11,2.0330555555555554,MDEV-39887,Confirmed,weak_review,34.669039145907476,False,False,False,False,4,4,0.08896797153024912,json_find_path,setup_copy_fields|JOIN::make_aggr_tables_info|JOIN::optimize_stage2|JOIN::optimize_inner|JOIN::optimize|st_select_lex::optimize_unflattened_subqueries|mysql_select|handle_select,Nested recursive CTE with GIS geohash and window expression,/root/dfuzz-griffin/griffin_output/griffin_mariadb_sqleek_rnd3/logSaved/id_000004_20260629_13h21m22s/griffin.log,/root/dfuzz-griffin/griffin_output/griffin_mariadb_sqleek_rnd3/logSaved/id_000004_20260629_13h21m22s/griffin.log:[force_exit_all] #0 0x63e6e5034c21 (json_find_path+0x51)
r4,1,17.71361111111111,MDEV-39889,Confirmed,weak_review,32.35294117647059,False,False,False,False,4,4,0.011764705882352941,"sub_select(JOIN*, st_join_table*, bool)",_ma_unique_hash|maria_write|handler::ha_write_tmp_row|end_write|evaluate_join_record|sub_select|JOIN::exec_inner|JOIN::exec,GIS and JSON/XML predicates inside set-operation query,/root/dfuzz-griffin/griffin_output/griffin_mariadb_sqleek_rnd4/logSaved/id_000430_20260630_05h02m15s/griffin.log,/root/dfuzz-griffin/griffin_output/griffin_mariadb_sqleek_rnd4/logSaved/id_000430_20260630_05h02m15s/griffin.log:[force_exit_all] #0 0x5e398e12aed3 (_Z10sub_selectP4JOINP13st_join_tableb+0x113)
r4,2,23.83388888888889,MDEV-39889,Confirmed,unmatched,24.19543973941368,False,False,False,False,3,3,0.006514657980456026,"fill_record(THD*, TABLE*, Field**, List<Item>&, bool, bool, bool)",_ma_unique_hash|maria_write|handler::ha_write_tmp_row|end_write|evaluate_join_record|sub_select|JOIN::exec_inner|JOIN::exec,GIS and JSON/XML predicates inside set-operation query,/root/dfuzz-griffin/griffin_output/griffin_mariadb_sqleek_rnd4/logSaved/id_000517_20260630_11h09m28s/griffin.log,/root/dfuzz-griffin/griffin_output/griffin_mariadb_sqleek_rnd4/logSaved/id_000517_20260630_11h09m28s/griffin.log:[force_exit_all] #0 0x653da5234e14 (_Z11fill_recordP3THDP5TABLEPP5FieldR4ListI4ItemEbbb+0x134)
r4,3,2.5316666666666667,MDEV-39887,Confirmed,stack_strong,74.05882352941177,False,True,True,True,8,8,0.06862745098039216,"setup_copy_fields(THD*, TMP_TABLE_PARAM*, Bounds_checked_array<Item*>, List<Item>&, List<Item>&, unsigned int, List<Item>&)",setup_copy_fields|JOIN::make_aggr_tables_info|JOIN::optimize_stage2|JOIN::optimize_inner|JOIN::optimize|st_select_lex::optimize_unflattened_subqueries|mysql_select|handle_select,Nested recursive CTE with GIS geohash and window expression,/root/dfuzz-griffin/griffin_output/griffin_mariadb_sqleek_rnd4/logSaved/id_000018_20260629_13h51m20s/griffin.log,/root/dfuzz-griffin/griffin_output/griffin_mariadb_sqleek_rnd4/logSaved/id_000018_20260629_13h51m20s/griffin.log:[force_exit_all] #0 0x5e6dd3ddca9e (_Z17setup_copy_fieldsP3THDP15TMP_TABLE_PARAM20Bounds_checked_arrayIP4ItemER4ListIS4_ES9_jS9_+0x4fe)
r4,4,4.418888888888889,MDEV-39889,Confirmed,weak_review,32.24896265560166,False,False,False,False,4,4,0.008298755186721992,"sub_select_postjoin_aggr(JOIN*, st_join_table*, bool)",_ma_unique_hash|maria_write|handler::ha_write_tmp_row|end_write|evaluate_join_record|sub_select|JOIN::exec_inner|JOIN::exec,GIS and JSON/XML predicates inside set-operation query,/root/dfuzz-griffin/griffin_output/griffin_mariadb_sqleek_rnd4/logSaved/id_000028_20260629_15h44m34s/griffin.log,/root/dfuzz-griffin/griffin_output/griffin_mariadb_sqleek_rnd4/logSaved/id_000028_20260629_15h44m34s/griffin.log:[force_exit_all] #0 0x5ee9441a51cb (_Z24sub_select_postjoin_aggrP4JOINP13st_join_tableb+0x10b)
r4,5,4.2011111111111115,MDEV-39899,Confirmed,weak_review,34.74576271186441,False,False,False,False,4,4,0.09152542372881356,"sub_select_postjoin_aggr(JOIN*, st_join_table*, bool)",JOIN::transform_in_predicates_into_in_subq|convert_join_subqueries_to_semijoins|JOIN::optimize_inner|JOIN::optimize|subselect_single_select_engine::exec|Item_subselect::exec|Item_singlerow_subselect::val_str|Item_str_conv::val_str,Recursive CTE with JSON condition and ordinal ORDER BY,/root/dfuzz-griffin/griffin_output/griffin_mariadb_sqleek_rnd4/logSaved/id_000026_20260629_15h31m30s/griffin.log,/root/dfuzz-griffin/griffin_output/griffin_mariadb_sqleek_rnd4/logSaved/id_000026_20260629_15h31m30s/griffin.log:[force_exit_all] #0 0x5aadf533f1d6 (_Z24sub_select_postjoin_aggrP4JOINP13st_join_tableb+0x116)
r4,6,21.39388888888889,MDEV-39897,Confirmed,stack_strong,74.34939759036145,False,True,True,True,7,7,0.0783132530120482,"add_key_field(JOIN*, KEY_FIELD**, unsigned int, Item_bool_func*, Field*, bool, Item**, unsigned int, unsigned long long, SARGABLE_PARAM**, unsigned int)",add_key_field|add_key_equal_fields|Item_func_truth::add_key_fields|update_ref_and_keys|JOIN::optimize_inner|JOIN::optimize|st_select_lex::optimize_unflattened_subqueries|JOIN::optimize_stage2,Recursive CTE with GIS/JSON IN subquery,/root/dfuzz-griffin/griffin_output/griffin_mariadb_sqleek_rnd4/logSaved/id_000475_20260630_08h43m04s/griffin.log,/root/dfuzz-griffin/griffin_output/griffin_mariadb_sqleek_rnd4/logSaved/id_000475_20260630_08h43m04s/griffin.log:[force_exit_all] #0 0x63d4bd484f41 (_ZL13add_key_fieldP4JOINPP9KEY_FIELDjP14Item_bool_funcP5FieldbPP4ItemjyPP14SARGABLE_PARAMj+0x381)
r4,7,13.551666666666666,MDEV-39887,Confirmed,unmatched,18.26950354609929,False,False,False,False,2,2,0.07565011820330969,Item_equal::val_bool(),setup_copy_fields|JOIN::make_aggr_tables_info|JOIN::optimize_stage2|JOIN::optimize_inner|JOIN::optimize|st_select_lex::optimize_unflattened_subqueries|mysql_select|handle_select,Nested recursive CTE with GIS geohash and window expression,/root/dfuzz-griffin/griffin_output/griffin_mariadb_sqleek_rnd4/logSaved/id_000329_20260630_00h52m32s/griffin.log,/root/dfuzz-griffin/griffin_output/griffin_mariadb_sqleek_rnd4/logSaved/id_000329_20260630_00h52m32s/griffin.log:[force_exit_all] #0 0x6228fa0c1b73 (_ZN10Item_equal8val_boolEv+0x153)
r4,8,22.649444444444445,MDEV-39884,Confirmed,stack_strong,72.73022312373224,False,True,True,True,4,4,0.02434077079107505,"Item_field::fix_fields(THD*, Item**)",Item_field::fix_fields|create_view_field|find_field_in_table_ref|find_field_in_tables|Item_direct_view_ref::fix_fields|Item_func::fix_fields|st_select_lex::pushdown_from_having_into_where|JOIN::optimize_inner,Server crash in Item_field::fix_fields with generated SQL query,/root/dfuzz-griffin/griffin_output/griffin_mariadb_sqleek_rnd4/logSaved/id_000489_20260630_09h58m24s/griffin.log,/root/dfuzz-griffin/griffin_output/griffin_mariadb_sqleek_rnd4/logSaved/id_000489_20260630_09h58m24s/griffin.log:[force_exit_all] #0 0x64a3eab8be23 (_ZN10Item_field10fix_fieldsEP3THDPP4Item+0x183)
r4,9,10.889722222222222,MDEV-39899,Confirmed,weak_review,34.71739130434783,False,False,False,False,4,4,0.09057971014492754,"Item_field::save_org_in_field(Field*, int (*)(Field*, Field*))",JOIN::transform_in_predicates_into_in_subq|convert_join_subqueries_to_semijoins|JOIN::optimize_inner|JOIN::optimize|subselect_single_select_engine::exec|Item_subselect::exec|Item_singlerow_subselect::val_str|Item_str_conv::val_str,Recursive CTE with JSON condition and ordinal ORDER BY,/root/dfuzz-griffin/griffin_output/griffin_mariadb_sqleek_rnd4/logSaved/id_000267_20260629_22h12m49s/griffin.log,/root/dfuzz-griffin/griffin_output/griffin_mariadb_sqleek_rnd4/logSaved/id_000267_20260629_22h12m49s/griffin.log:[force_exit_all] #0 0x5951d73fb1f2 (_ZN10Item_field17save_org_in_fieldEP5FieldPFiS1_S1_E+0x162)
r4,10,17.371944444444445,MDEV-39887,Confirmed,weak_review,34.622950819672134,False,False,False,False,6,6,0.08743169398907104,"Item_string::save_in_field(Field*, bool)",setup_copy_fields|JOIN::make_aggr_tables_info|JOIN::optimize_stage2|JOIN::optimize_inner|JOIN::optimize|st_select_lex::optimize_unflattened_subqueries|mysql_select|handle_select,Nested recursive CTE with GIS geohash and window expression,/root/dfuzz-griffin/griffin_output/griffin_mariadb_sqleek_rnd4/logSaved/id_000410_20260630_04h41m45s/griffin.log,/root/dfuzz-griffin/griffin_output/griffin_mariadb_sqleek_rnd4/logSaved/id_000410_20260630_04h41m45s/griffin.log:[force_exit_all] #0 0x557fe7e58b18 (_ZN11Item_string13save_in_fieldEP5Fieldb+0xb8)
r4,11,23.76888888888889,MDEV-39889,Confirmed,unmatched,24.142857142857142,False,False,False,False,3,3,0.004761904761904762,Item_cache_bool::cache_value(),_ma_unique_hash|maria_write|handler::ha_write_tmp_row|end_write|evaluate_join_record|sub_select|JOIN::exec_inner|JOIN::exec,GIS and JSON/XML predicates inside set-operation query,/root/dfuzz-griffin/griffin_output/griffin_mariadb_sqleek_rnd4/logSaved/id_000509_20260630_11h05m34s/griffin.log,/root/dfuzz-griffin/griffin_output/griffin_mariadb_sqleek_rnd4/logSaved/id_000509_20260630_11h05m34s/griffin.log:[force_exit_all] #0 0x5f671fdc3bf8 (_ZN15Item_cache_bool11cache_valueEv+0xe8)
r4,12,16.389166666666668,MDEV-39889,Confirmed,weak_review,32.122699386503065,False,False,False,False,4,4,0.00408997955010225,"Create_tmp_table::finalize(THD*, TABLE*, TMP_TABLE_PARAM*, bool, bool)",_ma_unique_hash|maria_write|handler::ha_write_tmp_row|end_write|evaluate_join_record|sub_select|JOIN::exec_inner|JOIN::exec,GIS and JSON/XML predicates inside set-operation query,/root/dfuzz-griffin/griffin_output/griffin_mariadb_sqleek_rnd4/logSaved/id_000368_20260630_03h42m47s/griffin.log,/root/dfuzz-griffin/griffin_output/griffin_mariadb_sqleek_rnd4/logSaved/id_000368_20260630_03h42m47s/griffin.log:[force_exit_all] #0 0x6044a6c73510 (_ZN16Create_tmp_table8finalizeEP3THDP5TABLEP15TMP_TABLE_PARAMbb+0x710)
r4,13,5.169722222222222,MDEV-39896,Reported,stack_strong,73.58878504672897,False,True,True,True,6,6,0.0529595015576324,"Item_func_buffer::Transporter::add_edge_buffer(double, double, bool, bool)",Item_func_buffer::Transporter::add_edge_buffer|Item_func_buffer::Transporter::complete|Item_func_buffer::Transporter::complete_line|Item_func_buffer::val_str|Item_func_as_wkt::val_str_ascii|Item_func::val_str_from_val_str_ascii|Item_func_regexp_replace::val_str_internal|Type_handler::Item_send_str,Recursive CTE with REGEXP_REPLACE and ROW_NUMBER,/root/dfuzz-griffin/griffin_output/griffin_mariadb_sqleek_rnd4/logSaved/id_000081_20260629_16h29m37s/griffin.log,/root/dfuzz-griffin/griffin_output/griffin_mariadb_sqleek_rnd4/logSaved/id_000081_20260629_16h29m37s/griffin.log:[force_exit_all] #0 0x5e7ea1280912 (_ZN16Item_func_buffer11Transporter15add_edge_bufferEddbb+0x682)
r4,14,3.495,MDEV-39887,Confirmed,weak_review,36.0625,False,False,False,False,4,4,0.13541666666666666,Item_func_interval::fix_length_and_dec(THD*),setup_copy_fields|JOIN::make_aggr_tables_info|JOIN::optimize_stage2|JOIN::optimize_inner|JOIN::optimize|st_select_lex::optimize_unflattened_subqueries|mysql_select|handle_select,Nested recursive CTE with GIS geohash and window expression,/root/dfuzz-griffin/griffin_output/griffin_mariadb_sqleek_rnd4/logSaved/id_000022_20260629_14h49m08s/griffin.log,/root/dfuzz-griffin/griffin_output/griffin_mariadb_sqleek_rnd4/logSaved/id_000022_20260629_14h49m08s/griffin.log:[force_exit_all] #0 0x55f43fab7a85 (_ZN18Item_func_interval18fix_length_and_decEP3THD+0x3f5)
r4,15,5.039444444444444,MDEV-39887,Confirmed,weak_review,34.5945945945946,False,False,False,False,5,5,0.08648648648648649,st_select_lex_unit::exec_recursive(),setup_copy_fields|JOIN::make_aggr_tables_info|JOIN::optimize_stage2|JOIN::optimize_inner|JOIN::optimize|st_select_lex::optimize_unflattened_subqueries|mysql_select|handle_select,Nested recursive CTE with GIS geohash and window expression,/root/dfuzz-griffin/griffin_output/griffin_mariadb_sqleek_rnd4/logSaved/id_000065_20260629_16h21m48s/griffin.log,/root/dfuzz-griffin/griffin_output/griffin_mariadb_sqleek_rnd4/logSaved/id_000065_20260629_16h21m48s/griffin.log:[force_exit_all] #0 0x575ce64f34d9 (_ZN18st_select_lex_unit14exec_recursiveEv+0x209)
r4,16,10.32638888888889,MDEV-39889,Confirmed,unmatched,24.11320754716981,False,False,False,False,3,3,0.0037735849056603774,"Item::save_int_in_field(Field*, bool)",_ma_unique_hash|maria_write|handler::ha_write_tmp_row|end_write|evaluate_join_record|sub_select|JOIN::exec_inner|JOIN::exec,GIS and JSON/XML predicates inside set-operation query,/root/dfuzz-griffin/griffin_output/griffin_mariadb_sqleek_rnd4/logSaved/id_000255_20260629_21h39m01s/griffin.log,/root/dfuzz-griffin/griffin_output/griffin_mariadb_sqleek_rnd4/logSaved/id_000255_20260629_21h39m01s/griffin.log:[force_exit_all] #0 0x587b5a69b84c (_ZN4Item17save_int_in_fieldEP5Fieldb+0x6c)
r4,17,1.9638888888888888,MDEV-39914,Fixed,stack_strong,75.08411214953271,False,True,True,True,8,8,0.102803738317757,"String::append(char const*, unsigned long)",String::append|Gis_polygon::simplify|Item_func_simplify::val_str|in_string::set|Item_func_in::fix_in_vector|Type_handler_string_result::Item_func_in_fix_comparator_compatible_types|Item_func_in::fix_length_and_dec|Item_func::fix_fields,INFORMATION_SCHEMA query with ROW_NUMBER and GIS simplify,/root/dfuzz-griffin/griffin_output/griffin_mariadb_sqleek_rnd4/logSaved/id_000012_20260629_13h17m16s/griffin.log,/root/dfuzz-griffin/griffin_output/griffin_mariadb_sqleek_rnd4/logSaved/id_000012_20260629_13h17m16s/griffin.log:[force_exit_all] #0 0x631528d92182 (_ZN6String6appendEPKcm+0x42)
r4,18,4.854722222222223,MDEV-39889,Confirmed,weak_review,32.2112676056338,False,False,False,False,4,4,0.007042253521126761,AGGR_OP::end_send(),_ma_unique_hash|maria_write|handler::ha_write_tmp_row|end_write|evaluate_join_record|sub_select|JOIN::exec_inner|JOIN::exec,GIS and JSON/XML predicates inside set-operation query,/root/dfuzz-griffin/griffin_output/griffin_mariadb_sqleek_rnd4/logSaved/id_000048_20260629_16h10m43s/griffin.log,/root/dfuzz-griffin/griffin_output/griffin_mariadb_sqleek_rnd4/logSaved/id_000048_20260629_16h10m43s/griffin.log:[force_exit_all] #0 0x62480ccad5f1 (_ZN7AGGR_OP8end_sendEv+0x31)
r4,19,10.876111111111111,MDEV-39899,Confirmed,weak_review,37.53398058252427,False,False,False,False,4,4,0.18446601941747573,AGGR_OP::end_send(),JOIN::transform_in_predicates_into_in_subq|convert_join_subqueries_to_semijoins|JOIN::optimize_inner|JOIN::optimize|subselect_single_select_engine::exec|Item_subselect::exec|Item_singlerow_subselect::val_str|Item_str_conv::val_str,Recursive CTE with JSON condition and ordinal ORDER BY,/root/dfuzz-griffin/griffin_output/griffin_mariadb_sqleek_rnd4/logSaved/id_000261_20260629_22h12m00s/griffin.log,/root/dfuzz-griffin/griffin_output/griffin_mariadb_sqleek_rnd4/logSaved/id_000261_20260629_22h12m00s/griffin.log:[force_exit_all] #0 0x5ae2ff1cd602 (_ZN7AGGR_OP8end_sendEv+0x42)
r4,20,8.709166666666667,MDEV-39899,Confirmed,weak_review,34.47787610619469,False,False,False,False,5,5,0.08259587020648967,ha_maria::delete_all_rows(),JOIN::transform_in_predicates_into_in_subq|convert_join_subqueries_to_semijoins|JOIN::optimize_inner|JOIN::optimize|subselect_single_select_engine::exec|Item_subselect::exec|Item_singlerow_subselect::val_str|Item_str_conv::val_str,Recursive CTE with JSON condition and ordinal ORDER BY,/root/dfuzz-griffin/griffin_output/griffin_mariadb_sqleek_rnd4/logSaved/id_000238_20260629_20h01m59s/griffin.log,/root/dfuzz-griffin/griffin_output/griffin_mariadb_sqleek_rnd4/logSaved/id_000238_20260629_20h01m59s/griffin.log:[force_exit_all] #0 0x5931ed8c5e2a (_ZN8ha_maria15delete_all_rowsEv+0x3a)
r4,22,10.875,MDEV-39910,Confirmed,weak_review,40.75,False,False,False,False,4,4,0.2916666666666667,__nss_database_lookup,setup_copy_fields|JOIN::make_aggr_tables_info|JOIN::optimize_stage2|JOIN::optimize_inner|JOIN::optimize|st_select_lex::optimize_unflattened_subqueries|Item_in_subselect::optimize|setup_jtbm_semi_joins,Recursive CTE with SIGN and grouped scalar subquery,/root/dfuzz-griffin/griffin_output/griffin_mariadb_sqleek_rnd4/logSaved/id_000260_20260629_22h11m56s/griffin.log,/root/dfuzz-griffin/griffin_output/griffin_mariadb_sqleek_rnd4/logSaved/id_000260_20260629_22h11m56s/griffin.log:[force_exit_all] #0 0x777ecc8640ca (__nss_database_lookup+0x28e7a)
r4,23,5.1033333333333335,MDEV-39899,Confirmed,exact_sql,132.0,True,False,False,False,4,4,0.0,heap_clear,JOIN::transform_in_predicates_into_in_subq|convert_join_subqueries_to_semijoins|JOIN::optimize_inner|JOIN::optimize|subselect_single_select_engine::exec|Item_subselect::exec|Item_singlerow_subselect::val_str|Item_str_conv::val_str,Recursive CTE with JSON condition and ordinal ORDER BY,/root/dfuzz-griffin/griffin_output/griffin_mariadb_sqleek_rnd4/logSaved/id_000075_20260629_16h25m38s/griffin.log,/root/dfuzz-griffin/griffin_output/griffin_mariadb_sqleek_rnd4/logSaved/id_000075_20260629_16h25m38s/griffin.log:[force_exit_all] #0 0x64edc1252091 (heap_clear+0x21)
r4,24,11.025555555555556,MDEV-39899,Confirmed,weak_review,35.75,False,False,False,False,4,4,0.125,heap_write,JOIN::transform_in_predicates_into_in_subq|convert_join_subqueries_to_semijoins|JOIN::optimize_inner|JOIN::optimize|subselect_single_select_engine::exec|Item_subselect::exec|Item_singlerow_subselect::val_str|Item_str_conv::val_str,Recursive CTE with JSON condition and ordinal ORDER BY,/root/dfuzz-griffin/griffin_output/griffin_mariadb_sqleek_rnd4/logSaved/id_000277_20260629_22h20m58s/griffin.log,/root/dfuzz-griffin/griffin_output/griffin_mariadb_sqleek_rnd4/logSaved/id_000277_20260629_22h20m58s/griffin.log:[force_exit_all] #0 0x5a1d5473cb98 (heap_write+0x38)
r4,25,8.528333333333334,MDEV-39890,Reported,stack_strong,74.26829268292683,False,True,True,True,8,8,0.07560975609756097,hp_rec_hashnr,hp_rec_hashnr|hp_write_key|heap_write|ha_heap::write_row|handler::ha_write_tmp_row|end_write|evaluate_join_record|sub_select,"Recursive CTE with GET_LOCK, geohash, and XML predicate",/root/dfuzz-griffin/griffin_output/griffin_mariadb_sqleek_rnd4/logSaved/id_000217_20260629_19h51m08s/griffin.log,/root/dfuzz-griffin/griffin_output/griffin_mariadb_sqleek_rnd4/logSaved/id_000217_20260629_19h51m08s/griffin.log:[force_exit_all] #0 0x56d61b5deb15 (hp_rec_hashnr+0x225)
r4,26,5.079722222222222,MDEV-39890,Reported,stack_strong,75.31967213114754,False,True,True,True,8,8,0.11065573770491803,hp_rec_hashnr,hp_rec_hashnr|hp_write_key|heap_write|ha_heap::write_row|handler::ha_write_tmp_row|end_write|evaluate_join_record|sub_select,"Recursive CTE with GET_LOCK, geohash, and XML predicate",/root/dfuzz-griffin/griffin_output/griffin_mariadb_sqleek_rnd4/logSaved/id_000067_20260629_16h24m13s/griffin.log,/root/dfuzz-griffin/griffin_output/griffin_mariadb_sqleek_rnd4/logSaved/id_000067_20260629_16h24m13s/griffin.log:[force_exit_all] #0 0x5fb4b5549c8b (hp_rec_hashnr+0x39b)
r4,27,4.6725,MDEV-39890,Reported,stack_strong,75.88392857142857,False,True,True,True,8,8,0.12946428571428573,hp_rec_hashnr,hp_rec_hashnr|hp_write_key|heap_write|ha_heap::write_row|handler::ha_write_tmp_row|end_write|evaluate_join_record|sub_select,"Recursive CTE with GET_LOCK, geohash, and XML predicate",/root/dfuzz-griffin/griffin_output/griffin_mariadb_sqleek_rnd4/logSaved/id_000044_20260629_15h59m47s/griffin.log,/root/dfuzz-griffin/griffin_output/griffin_mariadb_sqleek_rnd4/logSaved/id_000044_20260629_15h59m47s/griffin.log:[force_exit_all] #0 0x6043da5b4975 (hp_rec_hashnr+0x85)
r4,28,10.545555555555556,MDEV-39889,Confirmed,unmatched,24.114503816793892,False,False,False,False,3,3,0.003816793893129771,hp_rec_key_cmp,_ma_unique_hash|maria_write|handler::ha_write_tmp_row|end_write|evaluate_join_record|sub_select|JOIN::exec_inner|JOIN::exec,GIS and JSON/XML predicates inside set-operation query,/root/dfuzz-griffin/griffin_output/griffin_mariadb_sqleek_rnd4/logSaved/id_000258_20260629_21h52m10s/griffin.log,/root/dfuzz-griffin/griffin_output/griffin_mariadb_sqleek_rnd4/logSaved/id_000258_20260629_21h52m10s/griffin.log:[force_exit_all] #0 0x6332ebb7fdbd (hp_rec_key_cmp+0x6d)
r4,29,2.6275,MDEV-39887,Confirmed,weak_review,35.391304347826086,False,False,False,False,4,4,0.11304347826086956,json_find_path,setup_copy_fields|JOIN::make_aggr_tables_info|JOIN::optimize_stage2|JOIN::optimize_inner|JOIN::optimize|st_select_lex::optimize_unflattened_subqueries|mysql_select|handle_select,Nested recursive CTE with GIS geohash and window expression,/root/dfuzz-griffin/griffin_output/griffin_mariadb_sqleek_rnd4/logSaved/id_000020_20260629_13h57m05s/griffin.log,/root/dfuzz-griffin/griffin_output/griffin_mariadb_sqleek_rnd4/logSaved/id_000020_20260629_13h57m05s/griffin.log:[force_exit_all] #0 0x6336fead7c1a (json_find_path+0x4a)
r4,30,0.8891666666666667,MDEV-39911,Fixed,weak_review,29.29032258064516,False,True,True,False,7,1,0.043010752688172046,pthread_kill,pthread_kill|raise|abort|__fsetlocking|__fortify_fail|__stack_chk_fail|Item_func_concat_ws::val_str|Type_handler::Item_send_str,ST_CONVEXHULL and ST_SIMPLIFY string concatenation,/root/dfuzz-griffin/griffin_output/griffin_mariadb_sqleek_rnd4/logSaved/id_000000_20260629_12h12m47s/griffin.log,/root/dfuzz-griffin/griffin_output/griffin_mariadb_sqleek_rnd4/logSaved/id_000000_20260629_12h12m47s/griffin.log:[force_exit_all] #0 0x749ea8f169fc (pthread_kill+0x12c)
r4,31,16.419166666666666,MDEV-39889,Confirmed,weak_review,32.29126213592233,False,False,False,False,4,4,0.009708737864077669,,_ma_unique_hash|maria_write|handler::ha_write_tmp_row|end_write|evaluate_join_record|sub_select|JOIN::exec_inner|JOIN::exec,GIS and JSON/XML predicates inside set-operation query,/root/dfuzz-griffin/griffin_output/griffin_mariadb_sqleek_rnd4/logSaved/id_000379_20260630_03h44m35s/griffin.log,/root/dfuzz-griffin/griffin_output/griffin_mariadb_sqleek_rnd4/logSaved/id_000379_20260630_03h44m35s/griffin.log:[force_exit_all] #0 0x0 -- no symbol name found
