/root/SQLeek/sqleek_pipeline/stage3_scheduler/checkpoints/postgres/r1/queue_24h_20260717_044306/replay_out/bucketed_24h/postgres_sqleek_stage3_r1_24h_t0.cov.json	1623741254
/root/SQLeek/sqleek_pipeline/stage3_scheduler/checkpoints/postgres/r1/queue_24h_20260717_044306/replay_out/bucketed_24h/postgres_sqleek_stage3_r1_24h_t60.cov.json	1642310410
/root/SQLeek/sqleek_pipeline/stage3_scheduler/checkpoints/postgres/r1/queue_24h_20260717_044306/replay_out/bucketed_24h/postgres_sqleek_stage3_r1_24h_t720.cov.json	1646793897
/root/SQLeek/sqleek_pipeline/stage3_scheduler/checkpoints/postgres/r1/queue_24h_20260717_044306/replay_out/bucketed_24h/postgres_sqleek_stage3_r1_24h_t300.cov.json	1645217905
/root/SQLeek/sqleek_pipeline/stage3_scheduler/checkpoints/postgres/r1/queue_24h_20260717_044306/replay_out/bucketed_24h/postgres_sqleek_stage3_r1_24h_t1440.cov.json	1647465754
/root/SQLeek/sqleek_pipeline/stage3_scheduler/checkpoints/postgres/r1/queue_24h_20260717_044306/replay_out/bucketed_24h/postgres_sqleek_stage3_r1_24h_t600.cov.json	1646638193
/root/SQLeek/sqleek_pipeline/stage3_scheduler/checkpoints/postgres/r1/queue_24h_20260717_044306/replay_out/bucketed_24h/postgres_sqleek_stage3_r1_24h_t1200.cov.json	1647341878
/root/SQLeek/sqleek_pipeline/stage3_scheduler/checkpoints/postgres/r1/queue_24h_20260717_044306/replay_out/bucketed_24h/postgres_sqleek_stage3_r1_24h_t180.cov.json	1644558029
/root/SQLeek/sqleek_pipeline/stage3_scheduler/checkpoints/postgres/r1/queue_24h_20260717_044306/replay_out/bucketed_24h/postgres_sqleek_stage3_r1_24h_t900.cov.json	1646978997
/root/SQLeek/sqleek_pipeline/stage3_scheduler/checkpoints/postgres/r1/queue_24h_20260717_044306/replay_out/bucketed_24h/postgres_sqleek_stage3_r1_24h_t480.cov.json	1646150907
