"DBMS stale type descriptor access","Flags cached TupleDesc / type-related fields read inside evaluation or output paths where DDL may change layout (ExprEvalRowtypeCache class of issues).","warning","Cached descriptor field 'finfo' in 'printtup' — review invalidation after DDL (stale TupleDesc / rowtype cache pattern).","/src/backend/access/common/printtup.c","361","47","361","51"
"DBMS stale type descriptor access","Flags cached TupleDesc / type-related fields read inside evaluation or output paths where DDL may change layout (ExprEvalRowtypeCache class of issues).","warning","Cached descriptor field 'finfo' in 'printtup' — review invalidation after DDL (stale TupleDesc / rowtype cache pattern).","/src/backend/access/common/printtup.c","369","47","369","51"
"DBMS stale type descriptor access","Flags cached TupleDesc / type-related fields read inside evaluation or output paths where DDL may change layout (ExprEvalRowtypeCache class of issues).","warning","Cached descriptor field 'finfo' in 'printtup_prepare_info' — review invalidation after DDL (stale TupleDesc / rowtype cache pattern).","/src/backend/access/common/printtup.c","281","48","281","52"
"DBMS stale type descriptor access","Flags cached TupleDesc / type-related fields read inside evaluation or output paths where DDL may change layout (ExprEvalRowtypeCache class of issues).","warning","Cached descriptor field 'finfo' in 'printtup_prepare_info' — review invalidation after DDL (stale TupleDesc / rowtype cache pattern).","/src/backend/access/common/printtup.c","288","46","288","50"
"DBMS stale type descriptor access","Flags cached TupleDesc / type-related fields read inside evaluation or output paths where DDL may change layout (ExprEvalRowtypeCache class of issues).","warning","Cached descriptor field 'tupdesc' in 'ExecEvalRow' — review invalidation after DDL (stale TupleDesc / rowtype cache pattern).","/src/backend/executor/execExprInterp.c","3671","36","3671","42"
"DBMS stale type descriptor access","Flags cached TupleDesc / type-related fields read inside evaluation or output paths where DDL may change layout (ExprEvalRowtypeCache class of issues).","warning","Cached descriptor field 'flinfo' in 'record_out' — review invalidation after DDL (stale TupleDesc / rowtype cache pattern).","/src/backend/utils/adt/rowtypes.c","362","38","362","43"
"DBMS stale type descriptor access","Flags cached TupleDesc / type-related fields read inside evaluation or output paths where DDL may change layout (ExprEvalRowtypeCache class of issues).","warning","Cached descriptor field 'flinfo' in 'record_out' — review invalidation after DDL (stale TupleDesc / rowtype cache pattern).","/src/backend/utils/adt/rowtypes.c","366","11","366","16"
"DBMS stale type descriptor access","Flags cached TupleDesc / type-related fields read inside evaluation or output paths where DDL may change layout (ExprEvalRowtypeCache class of issues).","warning","Cached descriptor field 'flinfo' in 'record_out' — review invalidation after DDL (stale TupleDesc / rowtype cache pattern).","/src/backend/utils/adt/rowtypes.c","367","31","367","36"
"DBMS stale type descriptor access","Flags cached TupleDesc / type-related fields read inside evaluation or output paths where DDL may change layout (ExprEvalRowtypeCache class of issues).","warning","Cached descriptor field 'flinfo' in 'record_out' — review invalidation after DDL (stale TupleDesc / rowtype cache pattern).","/src/backend/utils/adt/rowtypes.c","370","39","370","44"
"DBMS stale type descriptor access","Flags cached TupleDesc / type-related fields read inside evaluation or output paths where DDL may change layout (ExprEvalRowtypeCache class of issues).","warning","Cached descriptor field 'flinfo' in 'record_out' — review invalidation after DDL (stale TupleDesc / rowtype cache pattern).","/src/backend/utils/adt/rowtypes.c","430","17","430","22"
"Unsafe stale tuple descriptor cache access (improved)","Finds accesses to `tupdesc_id` or `tupDesc_identifier` fields that are not guarded by an equality check in functions that use tuple type cache, indicating potential stale cache usage when row types change.","error","Unsafe access to stale tuple descriptor cache field 'tupdesc_id' in function get_cached_rowtype","/src/backend/executor/execExprInterp.c","2506","17","2506","26"
"Unsafe stale tuple descriptor cache access (improved)","Finds accesses to `tupdesc_id` or `tupDesc_identifier` fields that are not guarded by an equality check in functions that use tuple type cache, indicating potential stale cache usage when row types change.","error","Unsafe access to stale tuple descriptor cache field 'tupDesc_identifier' in function get_cached_rowtype","/src/backend/executor/execExprInterp.c","2507","17","2507","34"
"Unsafe stale tuple descriptor cache access (improved)","Finds accesses to `tupdesc_id` or `tupDesc_identifier` fields that are not guarded by an equality check in functions that use tuple type cache, indicating potential stale cache usage when row types change.","error","Unsafe access to stale tuple descriptor cache field 'tupdesc_id' in function get_cached_rowtype","/src/backend/executor/execExprInterp.c","2507","49","2507","58"
"Unsafe stale tuple descriptor cache access (improved)","Finds accesses to `tupdesc_id` or `tupDesc_identifier` fields that are not guarded by an equality check in functions that use tuple type cache, indicating potential stale cache usage when row types change.","error","Unsafe access to stale tuple descriptor cache field 'tupdesc_id' in function get_cached_rowtype","/src/backend/executor/execExprInterp.c","2516","14","2516","23"
"Unsafe stale tuple descriptor cache access (improved)","Finds accesses to `tupdesc_id` or `tupDesc_identifier` fields that are not guarded by an equality check in functions that use tuple type cache, indicating potential stale cache usage when row types change.","error","Unsafe access to stale tuple descriptor cache field 'tupDesc_identifier' in function get_cached_rowtype","/src/backend/executor/execExprInterp.c","2516","37","2516","54"
"Unsafe stale tuple descriptor cache access (improved)","Finds accesses to `tupdesc_id` or `tupDesc_identifier` fields that are not guarded by an equality check in functions that use tuple type cache, indicating potential stale cache usage when row types change.","error","Unsafe access to stale tuple descriptor cache field 'tupdesc_id' in function get_cached_rowtype","/src/backend/executor/execExprInterp.c","2533","17","2533","26"
"Unsafe stale tuple descriptor cache access (improved)","Finds accesses to `tupdesc_id` or `tupDesc_identifier` fields that are not guarded by an equality check in functions that use tuple type cache, indicating potential stale cache usage when row types change.","error","Unsafe access to stale tuple descriptor cache field 'tupdesc_id' in function get_cached_rowtype","/src/backend/executor/execExprInterp.c","2541","14","2541","23"
"Unsafe stale tuple descriptor cache access (improved)","Finds accesses to `tupdesc_id` or `tupDesc_identifier` fields that are not guarded by an equality check in functions that use tuple type cache, indicating potential stale cache usage when row types change.","error","Unsafe access to stale tuple descriptor cache field 'tupDesc_identifier' in function make_expanded_record_from_tupdesc","/src/backend/utils/adt/expandedrecord.c","234","26","234","43"
"Unsafe stale tuple descriptor cache access (improved)","Finds accesses to `tupdesc_id` or `tupDesc_identifier` fields that are not guarded by an equality check in functions that use tuple type cache, indicating potential stale cache usage when row types change.","error","Unsafe access to stale tuple descriptor cache field 'tupDesc_identifier' in function make_expanded_record_from_typeid","/src/backend/utils/adt/expandedrecord.c","102","26","102","43"
"Unsafe stale tuple descriptor cache access (improved)","Finds accesses to `tupdesc_id` or `tupDesc_identifier` fields that are not guarded by an equality check in functions that use tuple type cache, indicating potential stale cache usage when row types change.","error","Unsafe access to stale tuple descriptor cache field 'tupDesc_identifier' in function assign_record_type_identifier","/src/backend/utils/cache/typcache.c","2175","20","2175","37"
"Unsafe stale tuple descriptor cache access (improved)","Finds accesses to `tupdesc_id` or `tupDesc_identifier` fields that are not guarded by an equality check in functions that use tuple type cache, indicating potential stale cache usage when row types change.","error","Unsafe access to stale tuple descriptor cache field 'tupdesc_id' in function build_datatype","/src/pl/plpgsql/src/pl_comp.c","2093","8","2093","17"
"Unsafe stale tuple descriptor cache access (improved)","Finds accesses to `tupdesc_id` or `tupDesc_identifier` fields that are not guarded by an equality check in functions that use tuple type cache, indicating potential stale cache usage when row types change.","error","Unsafe access to stale tuple descriptor cache field 'tupDesc_identifier' in function build_datatype","/src/pl/plpgsql/src/pl_comp.c","2093","31","2093","48"
"Unsafe stale tuple descriptor cache access (improved)","Finds accesses to `tupdesc_id` or `tupDesc_identifier` fields that are not guarded by an equality check in functions that use tuple type cache, indicating potential stale cache usage when row types change.","error","Unsafe access to stale tuple descriptor cache field 'tupdesc_id' in function build_datatype","/src/pl/plpgsql/src/pl_comp.c","2099","8","2099","17"
"Unsafe stale tuple descriptor cache access (improved)","Finds accesses to `tupdesc_id` or `tupDesc_identifier` fields that are not guarded by an equality check in functions that use tuple type cache, indicating potential stale cache usage when row types change.","error","Unsafe access to stale tuple descriptor cache field 'tupDesc_identifier' in function revalidate_rectypeid","/src/pl/plpgsql/src/pl_exec.c","7148","16","7148","33"
"Unsafe stale tuple descriptor cache access (improved)","Finds accesses to `tupdesc_id` or `tupDesc_identifier` fields that are not guarded by an equality check in functions that use tuple type cache, indicating potential stale cache usage when row types change.","error","Unsafe access to stale tuple descriptor cache field 'tupdesc_id' in function revalidate_rectypeid","/src/pl/plpgsql/src/pl_exec.c","7148","43","7148","52"
"Unsafe stale tuple descriptor cache access (improved)","Finds accesses to `tupdesc_id` or `tupDesc_identifier` fields that are not guarded by an equality check in functions that use tuple type cache, indicating potential stale cache usage when row types change.","error","Unsafe access to stale tuple descriptor cache field 'tupdesc_id' in function revalidate_rectypeid","/src/pl/plpgsql/src/pl_exec.c","7197","7","7197","16"
"Unsafe stale tuple descriptor cache access (improved)","Finds accesses to `tupdesc_id` or `tupDesc_identifier` fields that are not guarded by an equality check in functions that use tuple type cache, indicating potential stale cache usage when row types change.","error","Unsafe access to stale tuple descriptor cache field 'tupDesc_identifier' in function revalidate_rectypeid","/src/pl/plpgsql/src/pl_exec.c","7197","30","7197","47"
